spot_id,TP53,BRCA1,BRCA2,MYC,CCNE1,PIK3CA,PTEN,CDKN2A,CD8A,CD4,CD68,FOXP3,CD19,CD56,NK1,Ki67,PCNA,VIM,CDH1,CDH2,VEGFA,VEGFR2,PDGFRA,FGFR1,PD1,PDL1,CTLA4,LAG3,TIM3,TIGIT,GZMB,PRF1,IFNG,TNF,IL6,IL10,CA125,HER2,EGFR,MMP9,MMP2,NNMT,FAP,ACTA2,COL1A1,CXCL12,CD3E,CD20,BATF,TOX,HAVCR2,TP63,ALDH1A1,CD133,NANOG,SOX2,MARKER_000,MARKER_001,MARKER_002,MARKER_003,MARKER_004,MARKER_005,MARKER_006,MARKER_007,MARKER_008,MARKER_009,MARKER_010,MARKER_011,MARKER_012,MARKER_013,MARKER_014,MARKER_015,MARKER_016,MARKER_017,MARKER_018,MARKER_019,MARKER_020,MARKER_021,MARKER_022,MARKER_023,MARKER_024,MARKER_025,MARKER_026,MARKER_027,MARKER_028,MARKER_029,MARKER_030,MARKER_031,MARKER_032,MARKER_033,MARKER_034,MARKER_035,MARKER_036,MARKER_037,MARKER_038,MARKER_039,MARKER_040,MARKER_041,MARKER_042,MARKER_043,MARKER_044,MARKER_045,MARKER_046,MARKER_047,MARKER_048,MARKER_049,MARKER_050,MARKER_051,MARKER_052,MARKER_053,MARKER_054,MARKER_055,MARKER_056,MARKER_057,MARKER_058,MARKER_059,MARKER_060,MARKER_061,MARKER_062,MARKER_063,MARKER_064,MARKER_065,MARKER_066,MARKER_067,MARKER_068,MARKER_069,MARKER_070,MARKER_071,MARKER_072,MARKER_073,MARKER_074,MARKER_075,MARKER_076,MARKER_077,MARKER_078,MARKER_079,MARKER_080,MARKER_081,MARKER_082,MARKER_083,MARKER_084,MARKER_085,MARKER_086,MARKER_087,MARKER_088,MARKER_089,MARKER_090,MARKER_091,MARKER_092,MARKER_093,MARKER_094,MARKER_095,MARKER_096,MARKER_097,MARKER_098,MARKER_099,MARKER_100,MARKER_101,MARKER_102,MARKER_103,MARKER_104,MARKER_105,MARKER_106,MARKER_107,MARKER_108,MARKER_109,MARKER_110,MARKER_111,MARKER_112,MARKER_113,MARKER_114,MARKER_115,MARKER_116,MARKER_117,MARKER_118,MARKER_119,MARKER_120,MARKER_121,MARKER_122,MARKER_123,MARKER_124,MARKER_125,MARKER_126,MARKER_127,MARKER_128,MARKER_129,MARKER_130,MARKER_131,MARKER_132,MARKER_133,MARKER_134,MARKER_135,MARKER_136,MARKER_137,MARKER_138,MARKER_139,MARKER_140,MARKER_141,MARKER_142,MARKER_143,MARKER_144,MARKER_145,MARKER_146,MARKER_147,MARKER_148,MARKER_149,MARKER_150,MARKER_151,MARKER_152,MARKER_153,MARKER_154,MARKER_155,MARKER_156,MARKER_157,MARKER_158,MARKER_159,MARKER_160,MARKER_161,MARKER_162,MARKER_163,MARKER_164,MARKER_165,MARKER_166,MARKER_167,MARKER_168,MARKER_169,MARKER_170,MARKER_171,MARKER_172,MARKER_173,MARKER_174,MARKER_175,MARKER_176,MARKER_177,MARKER_178,MARKER_179,MARKER_180,MARKER_181,MARKER_182,MARKER_183,MARKER_184,MARKER_185,MARKER_186,MARKER_187,MARKER_188,MARKER_189,MARKER_190,MARKER_191,MARKER_192,MARKER_193,MARKER_194,MARKER_195,MARKER_196,MARKER_197,MARKER_198,MARKER_199,MARKER_200,MARKER_201,MARKER_202,MARKER_203,MARKER_204,MARKER_205,MARKER_206,MARKER_207,MARKER_208,MARKER_209,MARKER_210,MARKER_211,MARKER_212,MARKER_213,MARKER_214,MARKER_215,MARKER_216,MARKER_217,MARKER_218,MARKER_219,MARKER_220,MARKER_221,MARKER_222,MARKER_223,MARKER_224,MARKER_225,MARKER_226,MARKER_227,MARKER_228,MARKER_229,MARKER_230,MARKER_231,MARKER_232,MARKER_233,MARKER_234,MARKER_235,MARKER_236,MARKER_237,MARKER_238,MARKER_239,MARKER_240,MARKER_241,MARKER_242,MARKER_243
SPOT_000,89.40855,24.887573,116.58394,274.14536,42.147606,42.144653,284.2583,138.13824,549.28503,390.64322,316.9777,209.5784,43.553207,344.39044,310.48523,101.211754,182.3096,56.56452,163.44434,254.21466,263.81677,40.639732,12.155077,256.45468,293.96667,19.966066,207.17885,67.62565,108.11497,52.504875,541.53595,1400.3223,2.4295006,190.38795,148.05809,219.75186,37.595448,352.7406,239.07349,35.435024,132.92398,30.84629,20.81669,54.19866,266.13394,129.57196,82.91498,190.282,61.851295,317.34723,58.335117,69.31481,121.84596,110.10173,185.57991,167.63043,151.05916,55.65823,59.627415,175.59811,86.25136,33.418617,199.14029,215.31718,146.25464,244.1232,12.961822,180.63593,65.09448,116.12155,65.05121,276.8466,6.448687,281.63586,471.5541,147.94246,15.668472,53.821323,16.51694,357.7624,39.54094,64.28026,266.02094,93.288635,145.52885,90.31626,164.77238,59.1752,95.356834,92.388145,17.473959,174.3561,126.36955,58.979187,70.57947,263.43268,53.30165,46.98995,0.92042226,42.225685,254.76672,75.716156,61.688614,144.40991,29.03143,72.72916,339.51346,31.424007,46.35907,13.400266,345.3788,4.772497,10.841438,443.38358,34.624973,54.278522,6.248119,210.36205,205.70811,135.34795,142.38576,163.68974,252.50299,252.33319,105.63428,394.282,178.29654,101.933586,17.937246,90.62562,279.11942,12.341336,191.21466,85.246635,165.49637,278.9882,140.9856,57.971073,146.4331,221.55557,40.942787,235.28569,289.347,33.234097,46.778904,140.72812,222.65114,237.68219,93.94948,53.45724,45.08871,62.36068,122.40446,41.805668,52.753044,128.58325,335.83942,85.289925,214.43463,118.17965,175.4427,141.67523,208.5472,147.72282,173.4077,74.30057,147.97083,341.42273,44.16986,135.6725,160.1126,146.84584,13.878307,61.407356,49.804344,148.89299,2.3403406,261.63614,47.638233,489.63043,112.62012,154.28836,192.76064,86.84503,40.2233,128.5201,85.18278,13.109204,152.42287,272.67252,80.372696,154.1518,38.536873,224.23297,31.172565,69.35713,159.09433,27.670519,10.47757,205.73466,64.401726,100.941216,194.94922,189.68436,247.98048,168.8085,92.70635,92.481476,92.70858,693.49164,102.760284,204.40181,171.72032,117.25043,56.748463,136.61447,139.10855,42.62735,87.36544,14.737345,416.63855,336.10773,123.52683,290.28885,84.94774,196.01111,11.570403,193.99405,128.75467,122.32759,131.466,38.962547,8.202931,117.28806,385.9099,114.10542,364.5257,33.561775,119.12156,153.438,142.65373,20.65256,90.89771,155.83594,216.05334,60.210224,85.49016,117.599266,317.78177,72.896706,226.9591,165.21515,381.9881,185.84373,273.4866,87.16213,228.044,127.3805,79.8875,139.43413,166.84749,10.714564,583.42816,184.38977,45.46227,224.60097,293.83405,257.42545,79.20801,23.533304,259.4292,258.4552,209.36948,1.841951,176.67155,83.17863,35.830746,108.03903,12.564375,69.356445,20.433123,119.18352,285.48303,222.8068,383.94598,351.3758,27.321316,105.8971,50.578537,112.08591,37.462006,88.740166,106.085655,152.92838,64.26279,124.723724,161.92798,55.313915,146.31517,113.33319
SPOT_001,149.2191,100.83258,134.51285,109.86665,3.762287,21.118929,229.97968,106.48285,98.47753,36.394676,39.182617,197.77983,148.57494,146.43173,234.98619,3.7806916,122.75153,55.84802,58.349945,23.42575,17.459274,107.128265,147.27972,376.6297,181.08311,218.55394,208.45996,142.49928,112.34157,113.10219,2.2044191,161.50578,13.644821,121.88911,175.52155,26.47033,148.5895,57.84945,74.32766,101.47042,147.99966,43.863697,44.093983,91.24977,84.786896,41.76899,260.65518,253.34348,129.31996,38.420486,55.963364,265.56412,154.37874,28.788935,3.4229174,180.45529,3.3323643,51.958557,58.08934,148.90157,93.482376,275.893,19.576826,72.30811,124.22592,72.21969,40.336647,2.266632,17.581697,139.14175,4.4118314,89.639694,261.20584,172.66875,387.57285,138.12256,157.01772,33.00156,394.16452,145.4937,151.14993,107.89068,382.3012,94.63591,136.64389,27.07088,61.51608,337.71075,171.0763,103.84266,161.71465,88.54545,237.64198,329.6626,212.29922,84.45162,308.36423,243.69704,20.617172,222.80695,286.99698,107.887505,0.9438659,8.456507,81.01178,112.11299,192.17168,25.628305,21.653214,92.59898,128.09068,202.43558,276.14053,229.98183,59.81652,134.72757,279.20737,20.821434,212.2735,12.153326,370.9346,315.96133,44.813545,174.88278,116.16767,246.35368,173.68622,123.489265,190.5164,316.57312,212.98654,367.0618,48.49323,129.15761,270.42426,13.33706,293.1508,248.41826,306.60886,9.998586,69.13178,5.885055,372.1396,16.041607,234.8045,120.54106,65.987686,169.17836,92.49604,190.65843,11.282237,171.92561,177.4307,90.72837,95.44637,142.71712,19.265465,186.34361,99.656876,215.61801,353.6505,6.34744,125.95059,38.516384,20.21905,39.77453,110.55,136.35138,95.490204,103.647285,49.509304,414.3458,272.7344,246.03735,296.09418,44.82649,103.78026,56.02503,554.19855,201.52348,23.025166,171.99727,289.16034,36.623455,136.14314,256.00568,116.38312,194.67863,303.6855,158.69516,1.4350754,266.38995,13.926294,155.03116,274.16232,97.00381,186.7043,34.26096,157.6113,248.90396,166.71196,343.695,251.74216,101.33446,117.11566,87.68257,106.630905,155.51834,8.733892,149.57103,48.682228,9.04286,43.010647,163.36147,103.81884,135.97043,90.16509,175.95995,17.879814,135.24968,300.49295,97.80483,119.27228,102.707756,137.38666,324.87878,292.95764,8.655291,46.75005,162.777,114.94665,299.0736,11.894363,217.98291,117.3305,8.531761,154.8744,69.22,181.1327,103.840546,150.42458,203.34723,95.36475,259.48236,444.896,143.44115,103.872986,36.54817,66.80626,108.71733,15.586163,28.021902,210.20078,45.795753,60.768482,74.137856,87.76912,77.86047,71.00139,75.77721,52.159477,373.57214,156.80244,58.684235,216.2185,73.45357,366.86243,181.45554,336.74255,63.272427,3.3153083,301.7587,58.846924,39.438095,149.29301,398.00436,42.410618,138.75574,266.1455,205.87572,60.929356,74.75182,113.900734,408.7247,32.735928,44.679707,82.68496,152.97198,149.46045,154.0951,12.881923,85.97834,86.21637,60.059177,186.75719,91.80295,48.577488,176.17746,79.972786,67.91409
SPOT_002,136.25795,165.98976,156.52907,244.01482,74.41828,337.82324,139.28206,224.03784,2081.1028,1077.1519,447.5861,25.013102,50.394352,202.58801,440.23535,23.259813,19.691063,130.63799,86.581665,40.299126,142.2854,84.8643,338.7644,242.1756,860.3208,92.01882,178.12888,22.641645,10.030484,196.95448,1523.2181,1156.34,28.441423,76.83859,182.17879,297.8742,148.17072,13.197234,232.19296,233.11418,60.441246,300.42386,46.72644,270.56573,44.233753,49.09024,485.43958,9.773076,41.568214,125.317154,332.8121,202.7817,48.399963,199.17467,463.20474,10.659318,2.5072725,4.342516,35.655254,25.984873,103.259155,98.434616,5.8955884,97.81646,128.31224,19.15744,45.8959,270.71875,477.17456,196.47124,224.29533,373.21024,61.68377,66.85935,253.35211,140.007,199.90364,315.4087,168.42212,228.87991,129.90097,203.22932,94.41365,88.08742,219.983,128.33972,43.25857,67.46774,127.97279,79.96739,64.973915,208.67935,194.59138,110.868416,106.758224,55.71836,58.70394,225.20044,166.32486,33.282383,94.09014,188.82166,126.78186,253.52304,280.19324,109.081795,230.47728,315.86298,374.7473,305.36212,37.983147,17.40836,98.085434,71.844505,6.7742467,198.59435,20.560976,27.054316,65.450195,10.250212,55.40432,307.8303,242.67337,133.78754,30.755777,33.117,3.3181078,62.56471,97.156746,140.09485,35.252148,176.1071,73.4855,306.46503,185.24802,85.06754,46.08535,176.88438,299.7854,182.58661,331.35736,230.32387,112.46734,4.696389,93.17862,130.6339,33.618015,135.96893,110.073204,253.199,166.18199,243.30322,175.65718,189.65552,170.8918,473.8288,88.797226,33.2705,154.5044,126.05578,103.61481,21.961767,460.81522,17.290781,206.86919,126.57176,6.297928,318.7441,112.85407,326.24072,127.39535,101.244026,113.83339,175.0598,111.9258,282.64044,130.88469,44.553352,13.398018,111.72098,31.98618,240.36197,68.435616,109.90543,100.762276,194.54053,150.10599,82.65241,12.6298275,298.97296,77.331276,37.383785,48.884193,229.81474,194.59018,189.5675,7.119928,122.67012,5.0973077,5.3561053,168.89108,92.888054,17.301739,83.20956,78.20932,55.65098,39.984077,86.17475,226.0361,161.02931,33.636898,79.15159,260.45602,35.37986,185.73201,267.40088,48.069046,160.13354,14.811118,191.78647,93.11192,253.68254,413.80167,65.31094,80.19045,261.60922,284.323,94.11481,75.63363,50.721226,242.00108,165.35735,180.74533,138.20357,6.24328,42.158653,279.0901,179.70372,177.17802,38.51799,8.903467,121.46751,202.08997,68.833755,29.9614,88.64123,52.050358,441.954,114.79319,95.57945,112.16529,99.985886,114.72969,214.02298,255.69077,102.73434,149.824,84.8548,99.40015,113.92773,36.526142,272.83392,278.55093,323.258,110.30196,69.786285,51.455772,60.202225,118.53797,361.83682,31.8505,143.6935,248.27745,131.5674,5.962855,323.02042,93.17004,40.28183,2.9561212,213.91078,454.84784,95.55638,88.0991,187.94894,122.74047,332.40732,105.10707,64.67258,106.31787,199.56665,147.6868,91.309326,192.00145,210.4732,248.78862,116.767784,30.081255,26.408464,217.17162,147.04842
SPOT_003,212.35583,70.80099,5.174068,874.46106,99.753716,8.358579,244.77411,134.32564,116.18716,389.38586,55.40008,39.44706,44.889065,283.9416,17.153196,226.00743,109.42137,33.58964,80.35805,34.9362,425.1582,184.77275,23.934542,126.02174,215.1084,767.68616,100.605934,67.89814,281.7943,11.835048,99.93591,338.60828,260.64252,395.7851,79.2026,90.36976,735.28766,127.50416,43.88413,101.53416,230.4548,157.04231,117.03622,17.851656,332.39465,192.61526,274.59454,124.54345,8.2054825,43.8011,43.42249,63.369972,225.2771,259.87762,14.787212,201.11325,61.69056,82.21558,102.55811,80.58754,115.6901,239.24747,35.37381,127.620674,16.152426,259.2211,121.75062,324.16928,7.228431,257.53952,23.058796,122.5893,151.31584,117.47231,80.31302,340.1173,81.41514,436.29828,285.1025,136.87463,141.44403,76.58236,174.05571,8.588044,0.64845705,208.50563,270.6117,157.92522,39.773552,4.839451,37.508907,367.5123,44.49193,122.757164,180.29161,50.598053,323.5836,115.351715,102.81222,103.0649,251.88397,166.43407,10.733467,116.448616,125.68019,70.82737,161.13478,114.33093,188.91948,96.34234,237.13092,35.56793,373.54697,124.05381,312.47348,35.62394,117.25525,87.09945,57.662514,76.34987,94.11039,103.266,4.3838267,385.60867,310.95776,78.53826,6.8406262,21.605639,110.43324,184.10266,46.327778,300.34515,71.86016,116.49527,86.973564,283.31763,220.63783,263.5875,40.40133,188.47769,303.10696,82.59917,194.16255,6.9315248,31.072914,159.05879,117.41812,283.75058,265.77725,248.41644,112.60129,71.24464,88.92543,46.921276,99.054924,120.892204,4.599733,211.09122,97.84802,66.71058,138.90576,512.7377,206.77782,313.14847,65.23937,201.54059,233.04266,208.94882,84.18622,62.3707,8.445704,85.86735,13.827941,230.9386,179.32803,88.87619,280.18472,77.06073,270.13678,153.03992,62.75738,62.866386,57.894306,373.81464,68.74838,77.40749,185.45102,42.982048,46.627586,35.34297,12.8882265,6.7000027,130.97331,9.35026,131.87521,14.528984,14.154335,359.67612,164.93898,62.367928,179.64182,521.326,375.90744,25.126133,199.4729,187.18306,110.2993,189.61479,112.27842,344.52563,34.32283,39.137917,156.61218,89.22274,27.075403,65.69298,432.6148,10.371384,36.19783,189.1178,198.99467,213.66545,114.97144,205.74088,294.01767,206.34216,54.474384,135.76965,11.544902,59.177235,57.8443,75.94573,290.46802,81.63618,43.948193,173.53569,214.10469,220.9694,107.53201,126.2111,53.561428,247.62723,27.010006,22.603762,31.15293,2.8042285,197.32951,259.20914,287.01093,152.45303,178.45062,387.61023,115.013115,238.15617,295.56274,181.76709,123.867065,405.43848,176.71779,58.46965,449.893,412.3697,250.12305,296.17178,184.06268,439.15543,249.16911,101.50364,107.05578,153.61479,136.60715,50.61446,18.756199,11.266763,135.71362,50.521515,304.73224,17.701132,177.94641,198.64607,32.380947,250.56042,165.29698,282.69012,178.13307,169.3388,176.84773,40.433968,99.00938,174.302,18.96759,240.12459,108.24618,57.56075,286.73886,79.28545,3.5348039,99.44819,40.304543,245.54527
SPOT_004,72.12932,77.293,22.01355,371.6158,25.504957,7.3065042,126.358505,119.32217,252.46895,314.9238,223.89539,124.72293,129.31331,161.0864,53.090942,1010.671,121.22832,50.218952,150.36247,386.12686,470.289,55.767727,114.07984,74.48384,33.351776,65.429634,7.8860645,26.46036,173.49825,397.89413,100.34852,246.56453,15.890769,464.3477,144.66142,295.04102,1207.9446,99.64589,102.416954,293.1114,68.243,36.644466,104.70256,182.6562,116.869965,220.30925,6.135024,138.59518,42.081463,280.06122,59.55844,150.0352,358.8724,67.330185,220.98042,217.73538,301.06302,75.42342,126.90213,10.038434,100.49884,13.68097,96.97608,165.72125,30.48495,254.46861,20.02069,162.70338,132.39539,222.49677,196.43582,109.64487,196.6163,56.95352,218.35759,25.509045,417.4793,70.79721,34.56884,55.64096,24.037361,27.444572,127.45956,172.2064,141.4781,239.62192,330.51697,91.43844,198.60599,387.52032,69.944145,448.73993,1.092764,150.92834,14.729285,17.800138,165.43378,52.249416,48.130615,57.905605,120.25629,178.56763,31.492758,136.03413,96.57178,161.72423,5.0726085,1.6414194,195.4612,85.44569,4.5048523,147.19794,250.23735,100.40585,1.8634716,236.13052,191.72046,54.94045,109.7122,33.654835,10.196986,95.344696,12.68978,87.5703,11.605394,355.58398,169.08037,25.93576,217.74506,107.987175,275.53516,219.37712,38.41972,268.3307,26.760141,60.675472,110.41248,54.444546,69.871826,30.67492,28.903315,0.54828364,78.64887,214.31633,170.91974,267.28165,459.7058,168.17758,246.03818,40.45777,210.62033,324.35648,97.46329,136.64793,103.77188,466.3876,98.324,70.52472,266.20407,33.004787,2.7557728,104.27248,21.524466,175.1524,215.38286,28.535324,4.9148173,167.98824,79.7908,159.26448,31.130291,308.1075,246.94221,290.44104,264.81067,37.67826,120.4331,187.18285,109.0108,328.68176,122.02666,87.82405,388.31546,109.02869,133.57716,53.872665,234.31343,281.07202,5.7607465,135.61522,82.79498,121.98876,362.4097,24.576359,65.75788,33.242455,242.48273,174.89053,216.07451,118.24097,188.44398,96.597496,213.42674,129.41159,179.28857,136.22311,255.92592,270.24005,58.08237,45.14994,239.07495,100.1214,82.0598,389.7004,115.833275,167.01122,10.2623625,48.346607,275.1243,91.41043,96.893295,193.05133,65.69149,151.05774,188.06566,353.94418,370.11728,198.57751,39.825653,49.826393,55.333206,146.83269,154.88524,104.95393,30.081907,50.86439,44.764404,289.3222,88.375496,132.278,119.31863,211.2253,32.58388,233.42975,71.94383,117.24424,95.151,105.545525,222.89095,3.828884,55.58994,306.39868,43.33557,468.30298,101.79173,316.93732,135.60149,68.608505,232.15549,121.172646,24.922077,220.37369,37.624184,153.09367,104.49422,105.944115,300.5828,71.04088,215.25894,80.02848,215.39366,109.76092,24.12309,2.6438751,141.28171,116.69048,21.770668,75.51584,159.7486,78.74249,130.02864,67.10997,310.8535,71.93451,40.443253,167.86635,255.30583,316.9456,274.61813,227.26514,99.334465,460.47586,101.56457,33.219234,277.5798,361.0967,371.07065,217.50594,184.33125,106.654854
SPOT_005,140.105,99.21343,147.27579,0.6074023,30.633232,81.58105,125.34975,171.95494,103.43605,1063.8217,780.91534,87.14675,129.02802,335.9766,14.882524,21.91455,272.42096,113.546104,184.35364,333.73666,219.78607,104.77759,40.76714,172.69907,200.99165,195.97475,339.22552,277.78384,87.9929,201.53114,126.79762,1336.9402,58.17019,26.568466,83.886566,287.04654,92.44802,95.886154,210.58504,517.0072,4.952683,319.00528,299.02664,82.27733,108.39817,84.379364,179.70938,54.322544,137.89444,220.84798,18.027735,36.661274,158.03687,148.83846,40.7662,66.12579,164.44524,144.57222,268.68393,48.802246,3.846113,134.49811,436.36325,159.12817,132.6319,50.638958,12.05833,92.869064,281.25827,95.229485,142.96764,225.7721,52.84043,244.18472,83.9574,6.4154673,290.72372,209.65309,132.22649,145.84544,36.102455,206.75471,182.84793,11.102373,77.186966,124.759,31.75948,66.06501,148.96625,15.505898,192.98503,525.8431,78.580765,162.70827,425.32785,181.75153,111.44777,370.34915,3.7428675,131.04053,32.92136,247.47775,116.27356,143.85457,86.89384,171.59915,22.080656,292.44214,58.15427,45.42363,52.526028,281.37436,158.95975,14.010695,32.486385,574.7594,53.775524,135.32239,76.74437,206.72023,20.388674,258.89005,165.4612,120.26594,337.1936,194.40866,80.517944,230.58295,12.213991,153.49927,87.25191,152.3442,115.838974,185.39296,60.25956,72.65672,171.92207,76.24783,371.25452,192.15591,4.3595023,254.1997,14.335451,81.426926,191.23083,77.095276,33.685966,177.4314,213.72949,466.12146,104.33397,58.643333,34.989174,63.56993,60.92709,53.172256,30.322977,237.16756,181.17766,205.17813,237.08072,21.252335,381.93387,109.40796,233.45901,4.116251,179.8744,90.85949,151.31161,98.41204,43.00778,66.0284,70.516464,166.03383,290.7676,58.017685,219.08855,273.83688,179.69597,77.69165,72.67142,4.355209,162.66634,58.384666,212.22717,213.78229,83.63112,36.208736,50.991817,46.602894,105.60489,85.48266,156.83351,242.27634,22.748323,349.0072,180.05963,121.994095,92.50341,32.32472,63.11342,88.05368,114.24986,199.74597,73.76736,43.426376,121.06326,341.97876,23.874075,175.41528,199.27452,21.66861,391.08054,152.5359,96.35908,16.29599,59.75646,34.289944,127.701324,78.38755,92.35905,46.7184,132.98589,110.76614,168.37897,195.47678,96.47341,145.45041,66.11172,330.87305,40.223877,62.877026,3.4955292,54.572357,143.98955,290.9359,189.66284,192.20453,171.05537,307.9104,18.80086,30.38791,12.609389,209.1381,166.92357,42.906418,175.53557,90.19695,34.12469,180.1883,486.58182,122.01756,117.73362,329.51392,92.016464,247.25853,24.740734,171.51741,290.21008,236.6846,295.19363,133.58295,13.578055,288.35385,44.29125,151.78438,390.7697,31.659447,22.176865,99.267365,7.8484406,305.1092,112.07689,35.029343,133.6447,237.60405,110.11843,6.6666236,77.2744,124.63577,253.13715,14.9590025,270.84967,136.81007,14.839155,262.35925,55.657635,135.38815,57.45141,241.28107,337.53104,20.704695,28.823904,120.84121,38.375393,135.35448,57.42971,143.28465,193.68129,3.8360968
SPOT_006,1095.0858,10.918946,127.513214,1035.3806,941.239,285.14447,48.082798,91.57051,284.61432,161.10689,86.95099,26.42274,290.1997,161.43108,48.335514,721.8657,387.32678,129.4476,38.00344,177.6923,51.97776,13.833339,40.47408,117.000465,30.35784,222.73808,196.27182,253.96783,17.745863,3.392932,127.47859,41.978905,171.56459,51.68235,110.23872,65.07063,823.4829,19.540747,5.9813986,37.461033,23.136751,338.73282,98.77048,16.712082,28.77415,184.98152,227.82741,155.91148,174.5023,76.89498,116.320915,319.55597,214.85461,165.44775,180.10483,120.71164,250.64377,45.008373,51.964855,46.85793,24.175573,145.9455,142.82797,314.73575,234.78125,299.24857,185.8583,202.80693,196.37396,73.94657,199.02684,38.685783,55.446167,140.3389,235.85556,251.22308,101.19024,37.659935,303.01886,145.05661,173.6733,290.8049,222.1828,106.64357,4.7530365,50.429012,145.72864,76.330986,85.291084,2.6014087,98.33117,1.1560085,78.54946,19.729765,15.9053335,66.60198,46.58329,287.75647,100.9655,53.186455,125.4518,60.087505,211.16245,66.5356,19.314386,80.58904,282.7577,202.81815,214.90651,25.729757,311.8527,401.63403,114.8492,90.15201,324.1904,97.68129,141.80107,111.75256,30.265888,84.9763,356.27396,134.62384,193.09375,43.064434,373.33487,165.48923,455.45175,51.48076,198.17274,352.50253,221.31894,89.40586,83.75588,19.070704,475.9818,270.53467,45.673138,84.18477,195.44154,17.636967,55.449097,70.49674,48.442852,61.77461,111.88294,66.52986,67.878075,5.2673063,202.68904,9.250871,319.14584,227.14587,163.03181,117.67794,107.21903,247.39885,384.42136,564.79474,190.09024,40.183006,9.88092,51.399734,93.80204,116.1388,100.008804,16.124523,35.520916,27.22919,35.08349,204.07861,106.84021,529.26996,118.06214,35.052517,3.3675761,69.93332,202.34029,170.55476,139.11798,73.26941,174.89821,248.33127,112.8091,155.23083,171.56252,92.35538,130.51724,92.912094,115.46668,77.74606,144.07372,135.77245,214.0044,127.4947,63.260677,192.62704,4.7738266,158.73744,29.352055,134.08247,121.53209,26.013361,142.63559,55.433075,340.85065,38.392868,0.21698557,147.07594,118.66422,168.76263,289.36078,137.29045,138.44562,169.18256,149.30548,34.888706,47.61267,360.69522,114.37525,223.06651,10.787873,49.927853,244.91855,235.58766,543.5122,33.09292,324.092,223.01033,37.738693,88.494514,145.28206,175.23831,85.7444,90.98463,190.83778,496.7388,70.63487,91.61346,4.603376,318.43365,125.04836,73.67084,94.33591,27.423876,148.03558,201.78552,0.037271686,1.6740578,59.02105,27.934322,148.51768,156.08344,118.46096,54.670685,242.25677,147.46642,85.71976,157.39005,47.26104,34.846184,153.16164,24.726923,70.28367,18.579916,47.765224,104.89656,438.98712,24.17025,256.09467,166.71878,173.77155,222.50352,15.958365,35.516827,111.17734,56.893112,110.83881,216.6992,25.100328,81.034065,0.095032595,108.21721,259.89386,413.31256,99.096634,219.72824,91.46524,26.600456,81.58472,261.44415,58.814056,54.08538,111.99729,204.98997,187.04012,13.637571,120.68651,192.9343,279.67657,147.22014
SPOT_007,216.8119,162.36928,156.53935,769.79736,620.87305,295.68112,162.11174,114.910545,59.151325,108.57374,97.94052,29.302723,7.365452,180.39375,133.34839,415.703,41.147987,178.98288,461.22003,34.385,955.3958,141.22878,3.4668684,47.320347,4.0438604,275.74805,212.54631,200.57791,128.76863,129.27344,78.92563,3.5309985,121.11502,106.52655,63.72733,103.24832,73.33653,278.82364,223.03928,264.15454,29.656952,9.159786,31.2015,43.911575,40.176407,268.1754,288.16272,149.12947,18.585855,295.774,31.653791,299.06464,3.759568,41.526165,226.82965,110.945045,67.53535,57.18872,230.69588,100.384384,200.06242,44.37086,89.67992,205.22682,284.4973,182.71695,145.95436,226.36401,42.123573,83.9445,177.72021,13.671185,57.572556,27.316437,150.32573,376.11697,289.37897,33.253304,364.24915,1.223972,34.207027,64.34017,32.470505,247.11273,398.13513,276.01807,256.3123,47.997417,77.264,105.93958,287.66238,83.19108,364.37573,245.3713,34.14711,119.15679,76.6597,3.4466,115.467636,87.81701,324.78265,34.362682,129.55643,232.78914,172.15855,85.03313,267.1409,64.01041,56.350445,0.12754703,225.07338,108.81276,158.81995,81.37626,84.60758,47.85808,78.60955,11.903871,377.9499,44.464626,64.50123,116.557526,133.95454,32.62035,116.887146,237.83473,255.52853,108.07624,335.9772,181.35246,123.23336,142.3126,354.61868,160.66751,218.01096,131.53754,2.569152,171.7091,73.26653,123.53732,19.061,105.194336,355.7593,281.5635,291.09827,18.78407,161.78113,239.45647,34.04167,165.89702,22.958843,272.00787,261.2116,2.1760106,225.43083,65.453735,159.63972,75.73712,468.7585,35.810665,78.61294,72.773056,222.44078,192.78966,122.4389,214.65135,320.14575,57.537327,90.75237,14.674081,62.581768,87.70114,121.62745,6.147435,195.70427,195.44852,122.287186,206.78293,119.93626,83.26643,310.6452,121.96164,214.9397,176.6098,83.592766,83.17096,141.0103,45.276997,107.55184,256.02658,313.00195,176.19444,15.357265,145.48784,149.48,94.052536,75.31168,252.28775,117.08102,270.55444,189.35057,179.65091,69.11483,45.036037,359.22015,559.78534,109.21015,32.97539,96.21102,159.77798,57.720173,323.13803,41.412735,89.59376,119.86636,75.88559,151.0093,111.105576,100.494316,198.02777,79.11022,140.20857,82.39912,301.40866,1.0072834,120.3735,196.50616,69.67795,125.19679,152.83838,52.91405,12.887865,273.2173,64.26526,160.26897,103.5369,90.11983,8.959264,1.2713686,118.8578,125.78911,75.77513,88.56339,94.68627,387.60175,197.48749,86.19074,155.29964,124.8262,70.56227,190.78856,111.06107,123.04247,245.87202,218.14992,47.025093,66.46989,25.809923,319.72235,73.5575,185.28687,243.48065,274.02466,200.28392,113.26741,276.07098,96.44427,307.32443,200.9744,222.44609,28.061672,98.69171,28.80328,90.32089,201.13179,260.72986,64.75836,238.68858,74.42373,46.850494,173.47661,172.28717,61.881817,8.757423,5.903459,136.52916,41.47213,166.36197,160.23572,186.34488,332.3138,167.31195,269.37527,117.00431,15.018835,260.93613,165.93477,180.71233,37.30812,12.48198
SPOT_008,129.91277,31.827757,98.40242,48.89792,301.22137,241.28299,233.92464,149.35184,146.05138,206.6874,147.37997,276.82776,202.05806,165.15051,183.17906,48.869156,99.26573,61.30606,70.325264,238.76498,188.5172,210.5262,41.290333,7.825851,275.59937,92.56586,102.97034,11.194383,202.3836,60.133904,101.629074,183.53957,4.239387,31.383766,40.555428,66.51485,23.665068,148.68849,78.61756,289.1839,314.9251,248.66174,232.60728,124.14741,90.53545,47.4277,52.960346,42.193405,141.07782,124.297386,164.91455,149.728,12.092092,128.83679,122.76937,267.7043,104.40959,43.09281,89.94332,84.96041,13.6719475,133.68283,86.80481,222.77924,156.44809,159.71236,137.3915,6.82881,122.999214,37.676487,193.13605,425.49707,141.47748,248.58803,54.687344,129.88126,41.555946,261.5869,240.94904,124.72535,109.05495,309.488,358.65277,137.99818,98.92029,154.72583,69.68352,8.174019,4.569916,345.54117,2.4907944,124.151,88.76211,259.85376,226.17125,146.37694,50.21333,50.356834,142.26694,61.209232,102.71034,174.27324,59.63551,110.202614,195.32709,148.5739,530.83704,224.04233,243.19337,238.04242,86.73589,98.50767,98.799095,45.892044,22.581768,59.018314,15.460741,399.47406,41.363934,153.25316,31.538055,537.3466,66.146706,56.435345,165.92427,86.88382,75.617004,109.2331,370.17786,203.55992,85.25377,166.7486,99.99228,165.36357,75.12602,53.11618,175.647,165.32181,224.22913,9.88814,127.724365,226.53088,39.06307,55.526905,436.809,77.93277,247.97115,101.65932,183.849,375.9197,285.477,338.38638,336.7737,70.13055,156.2927,96.23324,474.43457,0.60759115,59.00781,166.36862,182.50128,15.423689,166.57643,45.969078,161.16234,73.45815,179.24677,117.20452,154.52121,42.231705,6.882839,260.74646,53.9418,9.036831,471.74277,200.15405,263.5519,179.43459,50.514553,316.5517,66.97899,70.04866,9.561718,220.2424,197.36447,112.62191,237.46451,36.536514,144.00694,11.434423,222.73886,82.31429,7.7082086,10.444092,152.71756,404.4401,109.206055,38.031067,216.01422,88.54244,337.77948,111.548065,114.36523,214.14,112.382164,33.214565,108.85404,397.00192,161.47191,229.47751,117.27396,204.78342,36.268475,1.1738367,107.78299,120.30129,132.15128,14.7592,82.31047,262.04803,126.81117,142.0302,15.088794,253.88264,73.7573,154.99582,252.6066,125.62259,79.747925,86.30873,53.3836,83.37327,35.512608,56.035564,305.99234,192.87776,34.314407,169.4359,185.8543,71.62687,325.67514,39.24826,152.57411,117.376,196.13394,141.25714,66.69146,253.00208,2.8113,162.4099,163.39612,273.4711,91.94257,185.50452,118.41022,153.81454,196.5481,160.24455,30.931082,99.58522,211.60703,161.11256,107.50108,170.70264,83.37714,246.08481,152.67136,221.8542,99.41399,112.61356,125.41892,104.76478,46.87961,96.99153,181.53984,353.27264,62.93701,281.6645,17.161957,47.420677,122.2457,54.36819,59.3006,131.73672,60.310448,56.908073,84.46816,276.40298,136.22195,110.24438,183.00296,43.934483,7.075312,24.20942,60.094795,257.64603,194.71802,236.19945,111.9726,239.20801
SPOT_009,69.625534,196.37648,362.20868,184.26772,44.87555,188.11594,26.079811,4.302548,411.15466,1125.6576,559.80524,689.5655,89.97554,251.8751,66.17687,378.0048,112.59144,159.34167,106.62408,22.238585,351.74835,91.03441,190.60338,266.6994,1059.7971,0.6652209,182.06335,241.46567,133.64716,87.35505,1107.7871,1273.8707,101.31856,158.36658,357.67102,95.57476,60.324802,61.62081,279.74887,153.71567,74.67579,83.39193,7.8326406,100.46511,455.3208,53.389343,43.43795,207.18254,69.53819,36.804817,315.98563,283.14355,83.845,27.150787,13.310561,81.298706,35.104496,136.49077,203.51076,112.08802,113.31533,144.77684,161.16397,113.68399,45.569744,147.66193,6.0502615,81.85336,92.95734,35.363983,37.0547,134.3841,31.81935,278.75128,88.40768,51.277588,46.112354,43.46954,11.117556,86.29948,157.41307,116.95775,216.57614,187.568,87.696526,63.345837,138.59929,233.30101,82.101746,32.65679,107.10531,100.33615,74.33961,166.8057,5.6590505,152.71715,103.163,321.45596,64.73334,54.19932,33.090214,484.74606,62.964005,180.72981,17.183563,319.72433,14.507955,149.95009,164.77025,98.91725,21.017864,114.400406,312.99323,57.8237,329.86026,146.54732,86.77201,66.37196,70.883514,346.98108,50.199013,152.12843,8.801494,252.93417,9.432801,306.73898,224.4405,11.160722,171.26086,65.97127,306.6969,166.40388,281.31998,49.318752,43.809116,53.970875,342.74457,292.6726,399.38046,28.628138,53.21241,272.99567,265.8482,210.20032,39.019604,197.51447,105.99603,150.70724,109.41755,97.04208,98.688385,150.0001,198.8753,39.697456,219.23265,92.37534,129.2254,41.494434,212.35052,34.939373,95.618576,87.09779,198.4126,122.644714,73.54932,55.40552,150.94545,159.60257,96.26712,221.21649,114.7154,82.509605,375.6649,105.23119,5.590608,163.74301,168.57115,120.200325,52.594692,33.719223,402.88162,381.726,109.23573,82.38358,494.5509,89.95143,94.72462,249.90079,69.303925,68.93802,25.426285,383.50198,138.2773,38.77137,91.48836,706.7228,375.14032,310.4454,51.74055,51.7192,8.1922035,76.36254,102.56992,59.31157,273.09125,135.10425,74.91499,203.41249,81.00231,226.28687,96.36031,64.52165,131.57213,136.42593,123.39139,332.7496,31.601511,120.357864,17.652157,233.25691,129.38983,134.10095,35.045513,11.553871,16.515448,45.40327,20.921228,38.648373,284.06125,177.38094,156.44783,81.997116,160.06334,171.9541,157.68842,265.08072,108.71651,41.318756,295.10715,70.6448,179.38269,83.96916,115.28636,34.290558,58.33027,206.58444,15.337701,538.4045,33.641308,293.4852,217.07901,139.93332,84.00078,273.78113,170.80496,314.5254,167.79448,42.579952,204.41162,199.13284,148.41255,109.54615,95.21599,190.18037,220.15494,46.59379,63.450893,102.663246,327.7086,48.610325,344.2059,12.354129,246.29669,357.7097,164.04529,19.035683,227.46721,152.33688,97.82629,35.965878,47.523617,229.02364,131.84857,51.97026,297.87973,172.80833,22.087608,16.807028,203.43668,434.1018,272.95093,108.381294,12.966635,38.197617,171.34532,13.946493,46.39546,223.5169,60.151756,27.946629
SPOT_010,343.40536,154.8693,74.449,339.78378,100.179565,240.38667,87.486534,278.51474,38.97688,84.80244,16.854515,238.64339,231.68945,251.48128,105.04788,186.90819,273.4823,2803.8342,81.208595,99.31335,475.30365,83.36904,74.056786,207.70213,336.5535,69.93374,34.2763,80.85937,91.765205,6.1993823,447.8989,118.48472,81.63157,176.81293,10.61716,80.43705,61.658855,30.68348,173.29185,37.19003,109.838905,98.89296,506.76306,169.5076,514.51904,368.98944,208.63333,60.525856,76.58819,215.50444,246.90126,127.69938,51.938766,141.07564,312.28857,154.21898,99.99841,36.790028,216.38692,71.222534,57.141586,59.914875,16.809635,95.27978,272.60468,57.88678,315.88797,3.3122935,40.547543,124.690094,228.47949,306.45264,36.419186,293.73425,131.94594,327.25116,139.52798,99.54722,42.1244,44.73515,216.09569,25.264776,354.07254,201.09355,33.452236,55.79982,10.185928,219.41473,351.19833,25.845827,327.23627,136.74821,17.00257,75.52979,155.49893,230.3037,187.51044,105.03798,23.313103,104.37431,127.24066,154.00002,296.90656,192.7099,131.32845,65.055115,232.76547,103.03026,81.10862,336.56693,209.1211,50.965004,54.154755,217.70586,70.01617,45.265247,34.968445,136.04247,188.76729,297.97327,87.04107,110.19005,88.41738,64.44528,25.091497,133.13757,343.6841,237.2944,13.082495,74.06876,16.062147,6.762716,311.61624,269.0889,7.438614,79.74039,171.27896,183.80925,85.224945,48.175396,152.41873,382.9009,17.836975,108.50771,77.807335,84.607956,127.37266,128.1913,19.919765,161.3956,151.55707,66.4573,523.2579,67.46797,186.93788,293.62964,222.7368,19.693525,239.15535,56.373203,109.17061,82.06275,82.63626,125.02806,207.78528,315.3292,70.186264,28.449627,17.39226,74.87405,170.2343,109.484314,237.08374,139.68503,180.39906,135.43835,264.02133,90.25239,175.55624,92.81306,176.11598,93.98566,198.66058,59.542065,140.43584,239.50348,215.42197,160.86559,160.73169,329.33163,73.74358,128.21799,410.69733,111.17551,276.30725,338.4018,128.28816,338.96704,67.017426,78.71638,33.331596,76.58008,40.012177,230.19585,171.41695,121.85913,139.07869,149.43452,162.07175,81.22056,213.02885,212.04735,300.10034,274.18295,132.41196,320.72382,298.19217,94.400665,132.35463,129.86627,189.02533,136.34914,246.6965,125.13652,51.07518,177.8172,152.43318,224.9314,140.28282,7.0235133,75.22372,364.64542,192.75343,344.05542,230.48201,34.10637,181.33992,225.88608,33.247887,168.8248,2.249878,516.31256,300.34787,190.57114,31.104313,138.94563,79.43529,131.96811,41.219353,334.42227,108.58456,53.668526,114.95883,190.4613,66.17157,26.656096,158.5923,128.19974,213.61224,258.54037,42.85988,8.280495,162.8306,211.09622,119.77503,349.41913,158.09816,68.04142,41.660267,116.36812,38.820175,157.133,158.65335,129.80437,164.92934,243.97969,210.63576,24.173368,14.327615,99.7304,155.10655,5.4056664,387.42905,157.76202,281.0688,270.61557,59.421616,38.100056,112.992096,51.847,255.33563,447.80557,229.85378,60.844227,217.26389,193.55623,301.75073,170.19124,207.60309,204.71661
SPOT_011,60.939514,168.8266,38.992496,184.63548,198.14784,191.04677,95.761116,65.09899,317.01385,0.05646107,212.73735,80.905304,375.48843,182.65672,65.0633,74.96029,9.702873,176.81464,201.93442,417.60733,35.30366,162.7323,278.8129,46.43568,198.69792,85.5302,0.43269137,106.0689,196.58946,150.25523,164.4789,278.23135,286.17102,103.332825,251.92703,241.58301,245.84834,26.814476,90.5012,323.34494,127.0942,43.68263,184.74646,221.40012,173.64697,293.12433,51.189236,286.30475,122.207634,24.65919,93.49135,61.36342,77.097,13.88817,106.88605,29.813654,14.143865,383.17215,82.47026,176.34982,207.59982,303.722,322.90067,243.98056,127.62377,351.58664,94.65834,31.99502,72.08665,23.591734,13.939822,215.15288,261.16696,325.29538,302.87857,184.32513,50.36586,173.6168,91.0738,131.08899,389.71008,214.29874,38.263325,184.85753,199.06207,101.51055,146.9191,14.065751,155.0945,25.03087,283.85938,144.50839,13.315116,13.619809,355.0576,249.47784,91.006065,268.04034,408.86096,72.791534,88.4573,102.55687,35.18671,17.792135,78.47557,455.8043,122.77251,22.712023,40.045483,368.43518,121.48813,72.55368,358.47958,149.77103,99.02075,26.464577,151.33221,37.40445,232.67256,95.790344,109.32381,13.899788,76.651855,75.27704,319.6821,191.50938,45.46239,249.21577,79.9557,198.23814,83.97816,242.32063,94.00512,17.624744,409.03824,160.02669,103.273994,229.73479,231.89539,52.68879,26.193815,110.54206,25.376886,285.95285,125.17245,205.38153,20.071589,144.89397,69.78598,74.45082,85.976204,225.92438,22.977844,100.90937,527.3007,369.53497,195.97855,67.73413,3.3874288,210.89778,305.2301,341.51196,28.20487,184.2355,31.55162,240.61058,74.128204,23.747034,81.81859,39.35759,16.45192,14.558129,9.406528,190.9089,129.06291,231.22517,176.0068,379.01642,207.64626,249.5429,54.392506,468.56467,65.035904,11.553148,181.90767,92.73931,275.43515,119.68689,166.42154,287.56784,58.863113,38.422222,89.31586,96.35701,92.06992,348.32773,146.79019,8.655931,32.967083,64.201164,212.51537,112.91642,8.140088,9.215622,90.32116,247.0438,58.13541,10.980715,90.04328,96.04806,219.74783,157.81927,308.16727,314.5746,78.25861,85.57752,143.20027,76.390915,230.31337,399.02737,90.494064,448.78876,173.81967,293.24994,104.720764,211.2984,35.62879,372.22314,329.7028,189.2358,269.5377,334.3864,18.61762,223.02948,377.25183,286.99963,122.21046,146.23242,8.825281,28.864815,59.553238,261.18027,158.29507,193.9277,247.76936,56.363785,123.67184,263.97736,200.08444,6.4486046,95.66182,282.2147,62.407795,452.0802,331.214,5.81051,115.29773,22.154078,20.363049,233.85895,41.901615,136.21751,394.18588,215.0266,172.50945,9.298976,41.233444,193.37724,40.381138,162.72316,53.546795,236.15707,57.741432,34.929348,228.61101,51.652054,149.75188,114.89089,146.76761,191.92229,382.45883,239.64104,345.66614,220.12111,12.825674,232.83136,125.225075,165.26286,223.12512,71.32134,192.30827,108.74176,414.65497,266.29996,226.66199,206.35936,175.20819,181.28401,60.506092,40.945724
SPOT_012,148.3084,129.43971,368.9662,0.12290741,140.7834,142.3619,140.37352,194.75726,48.584747,74.73848,6.124934,20.04707,32.23679,71.24756,124.71404,132.23476,177.44469,281.31357,215.05731,161.0365,543.65234,63.26638,356.08054,8.448282,341.59808,170.6207,150.17815,137.52536,277.70428,113.895905,107.359406,114.171455,42.474598,133.95343,75.878296,48.027313,61.042007,66.611,22.271883,82.40501,89.44777,115.01845,855.3236,26.465754,583.92065,200.52837,46.559006,38.29316,140.91728,77.60261,73.44952,99.14356,80.05928,148.61766,26.885427,65.54526,1.292124,375.566,28.888132,398.25558,64.80707,131.05388,67.20274,56.228077,214.69234,226.41628,131.64844,106.27596,25.586378,60.96372,185.30234,157.01677,205.74348,147.62848,11.6439495,13.117338,13.175459,27.043737,214.50735,15.069232,201.51831,70.83537,32.165047,221.25867,108.557045,153.09634,447.3342,47.659554,229.57033,27.308598,96.00466,151.10432,219.27505,190.3263,156.99545,56.71561,102.91429,59.86935,167.96304,40.089725,191.73096,261.471,164.93776,150.64572,25.267511,55.370277,94.42206,243.39648,76.33204,7.1004686,258.4637,236.84685,50.581665,383.8672,182.27473,28.467693,583.7567,415.4249,32.66083,19.140661,179.20467,306.57108,294.84525,321.5476,111.96626,104.89276,89.43725,192.55885,215.94556,416.90588,154.44255,149.07533,363.32782,26.111473,142.77162,21.970284,82.41271,28.685202,66.704895,242.64848,128.64252,93.83039,57.902138,30.250767,179.12672,32.67057,391.87173,32.125797,257.1944,265.34378,105.46698,59.23922,225.51167,80.68043,124.60506,354.40616,18.618864,367.5737,49.924526,4.010216,57.974815,1.9965608,146.34259,148.19038,40.637074,3.1703854,175.56589,234.63142,119.6465,99.52575,180.32848,89.56275,140.76064,136.74655,318.79236,84.87763,329.60608,221.11989,373.60583,15.492545,27.057682,58.80532,187.664,211.00206,83.58658,99.09935,56.9445,159.34476,32.591293,234.59006,105.50984,74.23448,46.295815,43.31973,1.4184333,58.60999,29.580338,38.176804,178.80457,182.85818,249.93765,288.0488,219.11087,28.703253,160.70175,92.45061,6.2484746,354.33075,117.89561,145.94376,178.89528,75.63448,154.16968,17.580667,227.60971,322.75916,68.90709,22.27121,71.582344,213.12549,71.981834,48.473053,8.080746,32.850185,120.62073,210.90923,211.7112,87.76086,212.7404,86.56345,36.45436,95.093475,186.49577,256.1355,174.62236,71.560394,222.77768,68.35817,174.24825,55.85539,110.57816,127.76202,176.20012,246.91376,289.58057,149.08134,196.3551,83.32911,26.989328,257.96735,94.43924,88.85787,233.29135,199.28824,65.79107,27.23386,251.24205,106.44286,130.31825,35.170265,81.35088,142.08093,1.2680974,38.809723,66.93442,131.1231,57.514442,297.6511,25.1797,179.30127,250.23994,28.397058,197.5263,265.8465,133.08685,214.54187,171.00285,43.74085,275.8861,35.330517,54.306,31.596521,331.88284,160.25722,11.533998,96.53236,395.303,29.182316,25.748777,152.93016,124.71436,104.86284,143.98929,343.4404,70.7495,180.29373,250.82182,127.89884,77.28135,68.33514
SPOT_013,100.10137,23.410854,300.43253,169.66043,290.6602,57.96507,238.57777,253.22672,21.09255,132.61862,254.74811,39.33613,181.70493,152.08946,269.82288,16.532059,15.7383585,542.8364,170.92702,10.694733,734.77936,40.362255,62.356773,290.08212,47.278713,60.549652,172.85486,83.24705,212.28644,31.005789,120.87562,275.04565,159.75072,136.95241,10.815478,69.896164,224.91089,239.89993,62.89908,139.06238,68.24757,775.04,515.7858,1807.0701,296.79895,164.42528,96.773384,77.073524,50.398792,230.22552,92.752975,150.17073,393.13742,102.6913,104.51669,110.04934,16.729958,43.110348,201.03009,33.55491,131.69371,340.27933,8.8755,138.39114,109.48077,65.36082,55.999798,340.13687,362.7495,232.316,71.495155,198.40855,62.561092,15.605585,64.02042,34.48393,91.123375,260.515,102.258575,188.938,245.26132,295.3106,567.3702,202.22893,43.71876,374.77777,99.56685,98.676056,346.22025,139.4307,304.05295,84.82747,355.5878,135.1979,371.71494,5.122365,374.0061,57.653606,295.80807,64.91662,155.42885,5.616628,3.2430372,85.07346,246.0345,106.66211,486.7905,113.37922,87.88929,113.99883,4.0735536,253.00134,177.29875,35.7624,14.232121,104.24234,86.55009,125.31024,93.18466,15.856424,390.5886,256.26288,333.3317,141.04614,122.15575,57.282753,140.60814,46.764023,287.73688,144.38312,155.20023,254.92088,207.20766,511.03415,145.68855,172.20657,93.05037,39.872387,4.014051,123.999405,36.856598,137.8581,290.85962,53.936584,167.83827,74.71805,126.126114,506.6378,18.781704,70.79527,132.85028,32.62521,82.84889,35.07162,183.54515,37.14512,263.19528,80.75443,173.1577,42.662155,134.98204,50.26821,171.16394,57.33378,178.5054,113.91845,34.079098,53.50397,214.06184,189.71742,102.96113,126.85112,276.76526,26.082825,80.26987,20.365282,65.361,361.34222,69.90245,55.01144,114.05898,125.67594,302.16144,344.0953,236.01015,40.377415,154.72528,14.364267,205.12001,69.72516,197.75168,255.69078,20.426516,39.880524,222.25536,185.75194,107.188354,106.18106,23.790483,13.010215,270.03995,140.19066,243.19313,159.51442,11.275125,43.762222,52.96365,244.185,36.063465,41.731575,206.28543,139.92686,280.58203,275.48306,293.33557,67.081604,43.685776,340.2018,81.863045,187.16516,109.37634,24.715975,172.4025,37.368603,55.381794,197.1935,158.53574,323.7705,132.3362,298.1175,43.751015,0.41182852,192.66574,228.94064,19.94626,69.88375,10.0656805,60.832355,160.43466,0.7613746,111.399536,294.90475,68.63573,56.097515,273.40393,473.53143,69.90763,17.068361,92.66088,43.835434,10.872671,203.00044,15.499956,134.44618,178.22992,39.083595,94.7766,85.93393,116.96884,15.150282,2.3091557,86.368866,48.35624,330.54474,77.8993,142.88733,53.52769,44.34901,177.54778,128.15518,277.70456,28.9136,87.15131,173.92433,31.568123,88.471016,1.671941,55.256596,326.4134,61.718193,50.102753,91.65841,152.34476,105.28338,86.176544,64.70564,422.83365,128.88782,74.99255,11.362142,71.2438,47.439148,231.13724,436.75058,429.6474,89.25807,197.51404,281.81665,541.3738,102.81229
SPOT_014,43.8583,196.23752,177.39713,174.55386,19.896357,112.736755,88.9315,513.8328,1002.51666,810.75885,175.33702,242.12149,143.61188,334.6806,8.188466,100.50056,334.19653,86.71788,58.40255,324.6953,430.5521,152.05939,1.0008528,212.13228,741.6376,93.58238,336.3872,75.547005,49.784668,1.5400946,1413.7933,1024.8131,109.95438,90.80699,281.34616,212.30275,258.31573,62.514412,261.58957,14.081518,331.5416,160.57217,106.18062,125.763985,4.537956,277.7613,29.573057,395.3202,88.737564,10.353195,193.56181,37.920322,37.71616,196.49254,42.092644,186.37982,150.49118,256.40924,16.507084,159.79851,179.57378,51.622963,136.71268,52.516552,10.768705,88.840836,52.361473,359.1957,201.82387,167.2938,23.784584,94.27163,244.54332,194.35254,363.92374,18.23053,107.71877,173.98582,12.262216,65.51472,376.7756,272.139,208.68858,175.15828,140.2367,36.58247,82.373985,33.423946,271.6436,109.009125,91.549515,77.45568,267.13022,37.524277,217.18947,274.8902,189.91608,22.728191,177.23785,142.65422,76.24775,245.81113,175.34193,126.61703,235.32657,287.61697,113.404495,131.752,35.445927,83.624596,7.9845834,314.22733,89.04702,69.01831,73.67552,181.0664,202.9493,203.0236,27.808859,60.579468,3.5772545,19.307657,219.65092,193.80225,137.25346,186.53453,107.19629,162.09595,305.89847,72.323105,122.64522,207.66461,135.852,35.896317,85.14689,116.20297,298.99503,90.58537,371.41257,57.123093,169.41273,34.54159,350.7017,184.51965,117.70171,4.9164085,8.526727,284.79184,169.2718,100.936966,366.5197,8.548824,44.83293,301.1209,72.758316,128.8571,40.866207,58.332275,106.45959,122.43967,55.33264,148.4302,49.78814,215.18652,107.393234,377.62906,94.61357,5.833262,121.04741,40.18875,313.5999,98.28752,196.58182,24.360903,179.00052,116.28111,426.89868,367.57254,53.15039,139.76985,28.283026,31.714169,120.03277,35.625,109.34502,72.78516,123.53024,257.88083,26.250565,105.3539,92.67905,147.58655,58.38124,95.890594,151.1395,244.35315,162.12085,173.55602,194.4101,169.70193,87.71494,192.94737,158.2709,62.74712,22.531399,152.43878,20.740362,69.28972,97.36353,157.71045,120.30214,10.993621,190.51932,449.65097,36.082733,109.60297,47.172028,350.9211,63.152897,399.3026,246.5462,195.48982,225.97266,170.25653,162.10626,203.90129,63.066643,151.97833,18.447235,86.908966,320.60852,401.48425,40.803165,101.0804,99.55616,125.25549,211.2196,49.05805,61.307766,90.02575,244.24841,40.16755,99.33947,122.44144,348.61548,137.04395,158.08739,17.979652,86.53402,269.40787,89.09379,89.56305,206.94096,53.38385,228.17728,51.97104,208.28099,239.9631,279.27222,119.169334,213.94743,332.8852,151.75896,209.31094,104.40294,208.15485,153.01428,75.18253,19.339987,69.72687,58.173386,231.08702,233.0974,97.959656,152.2445,92.53126,83.01055,136.18164,251.0091,189.70047,215.01413,51.44459,152.12772,99.61002,6.10654,287.0561,75.72593,104.02574,158.60641,0.23862398,71.17578,172.36241,106.0798,82.554955,154.20645,301.9279,144.93091,193.83267,390.54196,214.9541
SPOT_015,172.58012,243.45155,285.0459,74.339806,38.532185,68.29298,124.28508,47.811058,769.58295,50.063244,811.90344,476.01636,106.04018,168.40733,32.02522,164.30597,75.13747,61.929707,62.70151,161.6094,87.78697,193.37993,89.35202,373.51172,637.2693,205.97275,249.81633,137.49486,9.559225,99.17673,151.21382,714.5799,90.14969,158.12529,133.64261,114.76576,39.00296,54.603012,39.395927,137.92374,187.23486,350.1351,327.7955,107.580185,66.638145,105.17655,18.08563,10.330327,73.89902,41.592506,250.77261,151.08284,157.10838,173.9082,14.289916,54.08387,181.00826,64.82955,96.77624,117.972694,192.63449,309.4273,161.33989,39.474422,142.53468,102.71528,153.44437,221.25304,261.3812,2.5468678,107.35405,53.85272,145.60547,105.20196,134.88438,39.876587,211.85318,327.6979,101.95102,149.69101,37.704613,177.21613,1.0718477,141.1205,33.88704,214.76033,183.87277,165.40468,82.73822,194.37164,110.44577,35.32337,98.241615,390.88287,1.4603763,28.45606,49.957966,232.42929,75.92042,235.83453,38.872894,168.74594,294.31195,236.10481,196.5855,45.661697,62.12965,88.06582,123.54364,151.00069,12.210932,363.5869,259.55008,92.22736,10.055509,55.736946,206.28496,510.7512,2.9898617,19.047377,81.65455,310.7208,159.7193,138.92331,64.1255,227.07346,120.09403,131.9344,197.29259,76.55784,278.0887,97.074905,69.548874,150.79756,122.26151,524.5661,94.18017,219.65773,363.12097,509.81866,146.51656,23.15114,40.61815,250.02438,114.718445,290.934,250.69238,6.219112,291.00842,41.288822,44.750854,112.79045,8.201498,112.21328,126.619225,387.88718,56.753395,169.38408,44.29505,144.4104,266.75293,50.979244,101.80375,84.83683,129.31514,28.394457,115.50003,299.76334,154.11057,6.401893,117.41511,293.64032,86.44689,189.91939,148.10089,173.27718,124.698425,199.04996,155.05858,45.236996,41.63417,103.75552,264.78622,125.909134,186.6719,119.7664,143.30463,171.01143,259.84875,86.92377,14.888705,43.75651,171.23512,94.84162,34.357,35.675224,91.82835,229.06262,22.736555,84.44355,178.71588,260.13693,119.928535,104.03614,103.92544,23.158699,253.24826,87.14133,171.94846,6.9737215,109.503136,106.65546,73.7345,64.2551,14.6301155,6.820755,429.90695,213.1662,130.10884,20.123848,181.2883,93.23906,4.7168555,54.641582,14.565121,570.67664,37.90815,87.92569,286.6806,3.4819329,214.01341,8.978428,188.3018,85.21333,52.37053,172.41113,142.35872,6.1214576,245.70393,126.26906,93.39681,89.2449,0.29142565,74.65912,288.78104,51.316967,24.956133,195.50275,156.28697,17.606392,198.70804,46.130547,42.464973,73.23934,96.256195,53.094864,269.50638,230.56912,119.77602,129.94263,228.59973,120.39122,120.95003,69.15637,178.99713,44.918674,212.95012,45.497383,185.29436,143.40634,2.7329297,175.46518,116.20578,3.488623,417.6568,140.87337,4.3619103,216.44122,197.1487,571.8067,50.235092,52.481464,304.3209,176.12991,495.9392,55.009914,131.57262,117.11877,376.25452,30.646486,47.80882,71.97808,20.63535,47.56829,27.021051,227.5211,87.51327,350.88693,369.06433,133.05249
SPOT_016,292.0437,10.331165,251.18073,484.2111,137.15381,287.26093,133.02515,117.419464,256.91495,75.49825,136.16791,344.53082,118.701225,144.71071,55.322212,200.67944,237.67453,157.39842,112.96913,50.311344,62.68897,33.0937,152.22116,2.537814,11.27668,121.58508,15.210927,143.63902,166.23155,189.1122,156.37906,213.54056,105.81406,111.55298,344.03705,16.736263,337.3172,136.57774,243.15343,117.66225,145.14784,13.62509,123.40615,25.496746,209.94669,95.575615,392.078,95.304054,101.13158,86.28497,472.46707,458.82178,95.584694,26.797825,212.68217,421.85776,156.7344,170.78636,23.524204,25.474636,85.64318,148.70015,123.66254,243.10008,13.656861,303.24017,34.364975,6.5395093,26.448355,93.98368,553.8349,244.82086,224.01764,41.916256,109.4411,182.60635,241.21297,77.799,122.64844,174.20868,178.8808,247.30458,153.42963,85.56581,113.84176,85.352066,138.91896,289.7137,40.949257,114.47419,147.97368,219.47119,102.50096,22.32385,191.55959,1.7720656,303.93094,201.60854,120.76402,108.6823,70.53782,183.19759,184.93265,67.188286,116.01333,167.08421,89.37571,207.62865,48.211853,148.2363,93.28547,238.5497,148.88077,28.435377,228.94542,38.05138,191.2783,67.61406,243.20053,232.69414,299.47192,54.943764,105.7305,254.55371,80.53091,90.22214,80.73771,42.93989,232.30106,25.786604,197.37848,394.4257,276.2068,202.02736,82.75764,97.81035,0.56659085,221.39827,176.88297,252.01273,105.70723,37.013016,14.9098625,131.07094,314.66467,187.21114,133.15881,240.2299,69.421074,78.21047,43.237053,225.5639,142.18555,174.52243,58.83397,250.07376,35.225735,190.81615,9.274127,90.55627,57.3747,185.36613,22.201931,55.628536,118.02378,42.428024,169.1034,201.46408,53.002037,261.496,275.1746,14.588273,181.52077,375.46164,264.96667,247.29027,248.12453,20.848425,70.128815,399.67578,215.63396,159.67436,51.61934,26.49695,101.67162,294.4436,39.787643,12.486564,34.667442,430.57974,377.88412,122.98014,20.664404,102.01891,118.32706,8.813705,128.05391,560.32385,145.44652,152.65181,76.27674,81.61454,323.2158,59.416237,131.90924,229.36179,188.72688,87.79947,132.162,25.475334,287.69794,132.0386,1.5810579,42.782997,13.789632,92.11745,378.8549,367.592,27.9585,71.666504,10.423395,132.32101,33.466408,287.89105,409.87558,222.21216,185.75394,79.24666,231.85362,2.6116197,222.50446,225.78091,131.58011,96.9183,128.83217,430.98517,393.31708,123.608765,292.29932,68.970276,89.83725,304.60876,30.669437,146.30824,149.0506,192.79448,373.40753,3.9662757,201.93506,33.602215,131.23146,63.209785,61.49884,48.836697,218.98453,201.87543,127.68345,3.5024858,24.932203,76.30021,54.93399,188.44414,60.343937,241.39165,133.85732,36.8778,5.6512556,289.36407,3.7009003,52.053062,212.20622,39.5405,109.71468,279.9673,36.152115,18.142393,7.431742,186.6886,60.19893,266.05295,178.84612,24.466421,15.204021,192.46582,172.1331,418.44122,3.0610936,90.90379,15.2133255,128.44524,327.73685,127.03922,250.5525,306.73837,20.719746,62.26548,160.04768,201.91519,138.03554,12.253008
SPOT_017,185.17842,90.30331,44.698524,14.0611925,72.04246,36.297523,185.39502,8.29426,1256.2157,58.379433,328.76318,1142.7217,7.180989,252.76312,24.15244,93.48457,301.2055,106.10143,284.83704,147.03065,248.50777,78.50798,46.37169,12.534021,372.1488,123.05417,49.271267,2.5686636,26.927633,17.60889,392.4052,637.9426,70.67414,81.64539,284.80017,9.040986,86.311356,131.20941,124.62313,118.62707,103.33812,96.554504,186.09859,73.34282,163.43321,22.226364,22.37144,38.049164,134.39005,58.604008,409.6486,153.40044,93.2583,95.25619,156.47166,1.9560847,24.723446,525.27124,33.146248,203.43216,49.14193,373.4352,16.55222,2.8845508,143.02806,175.25201,90.64253,27.110521,137.90175,203.05127,55.78106,229.2454,74.63284,179.1313,98.94298,324.25742,234.28583,333.54333,22.47964,2.8256032,39.358677,80.33769,36.115074,66.15187,187.27756,351.90878,66.409096,38.48558,165.23569,311.61053,114.37378,7.4326835,100.08398,106.43127,332.38315,77.157814,185.2993,60.641125,152.35817,166.621,59.539482,91.82894,26.902096,138.73505,428.70847,148.9025,208.7712,91.07391,184.65625,11.219643,19.290585,194.13231,31.553017,71.87717,64.87081,90.77181,52.37365,91.26156,92.50211,215.81125,321.2595,2.4210656,40.47355,167.18257,528.41846,193.19904,77.19263,74.85063,108.03834,172.42776,325.36954,91.108376,190.08554,46.250122,55.409824,372.2807,251.60498,216.46378,32.384586,150.8095,18.359049,151.63788,135.1571,117.797585,174.97026,2.3948343,107.96797,280.58167,147.48718,76.30011,173.84088,96.94326,84.01659,266.9372,147.18283,204.08946,74.24622,132.96555,292.86087,364.06622,225.45732,140.2235,49.03585,75.143715,214.39545,147.3489,196.57922,98.622955,240.45523,130.34457,232.3365,465.8236,215.95055,125.80555,73.76422,141.00456,264.6881,227.29857,139.65746,14.213529,115.39463,118.62978,184.84102,107.92396,291.38177,74.84879,219.0414,245.40778,108.92812,163.87534,283.27216,82.20384,269.3086,165.2782,238.09401,30.442083,14.323236,136.5884,125.33811,50.183964,37.560307,56.28032,154.42178,99.64252,46.314,194.78021,23.226141,153.2992,136.61472,176.17334,49.033802,222.07036,144.91713,33.925636,118.20408,46.85563,271.80743,39.69688,34.86697,97.25183,40.190563,215.71059,195.15569,37.854546,35.710835,1.6528237,93.19634,39.204422,85.60592,314.44122,96.97695,45.890457,46.110706,214.79597,138.91335,89.63313,92.256134,144.27498,62.493572,138.7444,189.6904,77.00659,306.3424,101.04084,59.30807,301.47473,49.464413,396.22382,359.8,6.1253257,110.47875,67.582054,30.162619,209.20673,97.12641,161.08391,293.76266,162.89061,325.26746,49.472153,8.327019,20.538269,11.139004,166.95961,34.24335,269.5404,245.38121,54.65269,87.999504,286.00928,223.60437,202.60568,197.31967,12.216849,77.693695,133.14159,462.95914,404.89786,109.5724,100.2835,105.55473,111.55898,163.57854,303.21448,151.61351,4.1752763,243.18285,272.25522,239.52693,392.0342,125.89462,29.105734,18.514545,26.881544,253.99023,144.56786,43.132954,131.94977,340.6972,56.068356
SPOT_018,684.1528,71.51819,96.18568,62.308025,444.50388,1.129168,275.67636,207.04813,36.951122,201.33899,94.7757,94.243675,137.55362,157.7113,127.69761,522.1223,68.84143,355.6734,102.65653,212.23949,13.425479,214.27339,166.67552,16.393654,31.967278,330.5696,173.50325,3.6177752,138.81606,319.31454,123.48896,111.098206,19.270342,62.126442,123.827934,110.33699,41.06964,213.11775,61.528538,10.806758,108.35,113.98165,153.11038,97.38123,136.01985,39.939888,242.95915,318.27048,57.593735,253.24982,79.53281,19.959549,306.82657,199.46024,175.68733,251.90756,113.157776,49.952454,186.53566,36.623005,6.586195,118.73701,196.23303,134.65729,354.11853,3.8240602,52.836754,44.895184,58.80118,22.455378,272.78006,68.71215,67.206314,90.03561,30.573425,294.6132,32.994125,3.562982,86.816444,197.81702,352.7707,81.11035,14.899122,6.62091,429.17523,134.12715,24.149956,77.10157,128.0632,69.20224,73.98449,183.89214,68.17677,374.87888,77.55524,229.62288,23.138334,117.30152,394.98883,287.9048,126.56565,95.97731,29.77266,248.76317,87.05109,151.52054,189.2196,455.71848,40.87908,25.51636,24.401415,131.13336,114.76904,46.578568,215.19565,273.41455,90.82472,112.7769,223.12122,270.5167,134.26958,119.07746,135.61551,110.61698,154.14273,110.09407,201.35382,2.3478074,32.265186,19.80099,232.57086,134.8509,236.79149,37.88933,28.875488,450.16208,190.0151,63.663437,221.83763,171.44315,304.05402,300.58612,220.31078,35.571686,65.74338,300.81055,366.45724,84.41605,88.552246,239.05025,175.09761,73.19196,31.073244,114.96188,11.443237,261.16702,13.603747,188.79555,5.258953,139.52072,188.19531,4.726943,112.41188,134.45656,5.6684813,124.21326,195.78787,124.49134,49.16132,179.6782,0.5014999,95.956276,61.931515,67.416145,176.3866,352.32095,120.26575,34.8083,242.67188,2.8228028,342.0483,184.15018,295.83746,70.40302,210.15176,130.31366,115.98125,493.04526,213.50618,277.2583,99.5719,45.711308,135.69519,68.87764,202.48785,313.69894,73.69894,49.80092,20.410992,82.61892,33.87644,18.645634,38.49753,174.65692,75.37679,39.705036,228.77132,68.144356,161.76045,6.785383,118.71567,317.97214,186.94908,16.7685,91.97806,459.63892,30.309286,58.682247,70.265915,27.702942,57.66931,320.2918,169.1942,85.79719,308.86337,17.55457,59.005993,171.44608,145.9609,66.02653,133.28821,155.6684,27.25255,53.721325,140.86775,127.26583,375.24835,181.4241,61.156624,41.689342,141.55312,100.71833,509.94543,244.65411,136.8911,313.73056,109.36238,282.27286,260.60336,168.9552,31.700237,14.937736,23.566645,203.08316,157.65163,145.04395,181.84941,7.985062,248.12411,120.87219,9.860105,166.03433,1.3252827,266.13846,87.77401,258.5257,124.90618,128.98608,311.4473,240.09944,449.5347,8.281149,115.40056,508.37952,237.41434,3.619164,32.33201,242.12657,64.75301,89.7541,171.2132,61.527927,181.24693,8.608558,101.55531,268.9268,225.92624,89.581055,228.26463,30.286644,12.306882,314.364,59.69658,188.48836,307.9852,94.3129,71.981995,134.1302,18.894188,110.30234
SPOT_019,4.588943,39.088585,10.506653,108.69461,61.77707,375.44266,175.27072,53.7836,27.844412,341.77228,15.662966,186.50584,154.21274,71.64868,71.0244,76.63601,81.08923,259.14072,100.069466,342.88998,171.8139,309.9879,138.07214,108.690895,80.63304,218.6651,397.49054,41.50555,24.454697,9.450912,26.078142,7.747357,184.11147,34.28031,103.33486,50.60259,104.28242,254.16484,113.06587,17.80808,60.904343,625.32416,17.640432,1108.0494,1273.7163,66.01435,69.09745,36.410473,3.221096,175.75201,8.145774,221.95822,250.37503,244.07468,35.24135,187.60889,102.67581,59.657646,93.360016,153.57628,5.297507,92.995995,176.63867,252.86705,19.297434,57.39234,112.75824,14.383521,36.913563,292.20886,339.91864,29.563557,125.56565,150.4965,55.44178,234.51205,81.372215,64.07533,5.2542906,125.63532,221.85727,123.20852,82.31837,377.67987,24.854822,106.404495,19.254866,349.60422,314.4999,17.031788,292.59793,451.18286,53.543167,25.109604,51.27065,19.114935,557.6939,46.471523,91.82239,116.885666,53.14186,42.88206,73.893326,327.40173,211.8933,24.614395,414.75815,64.98166,486.54495,41.5191,198.57916,259.54965,39.413506,151.5279,438.3562,123.149376,146.65608,31.707083,224.96767,47.742756,6.06943,48.346844,200.66798,215.44397,107.44106,301.4045,19.624216,6.187556,28.906097,245.18384,42.56079,21.531532,198.57318,147.69963,33.175632,75.604996,342.84143,259.9942,220.98239,106.430046,64.502014,215.38042,268.83176,382.31058,129.77945,98.13352,526.9086,178.98392,165.86119,101.77074,43.76424,84.636604,110.2198,176.14592,248.68651,323.67865,400.24335,93.252426,54.176453,113.65866,223.81305,221.04544,60.264538,322.9058,102.00692,107.96785,118.284294,125.58941,117.62332,69.57749,114.39739,37.49805,64.86637,163.9161,228.79176,176.41121,291.2041,68.540054,147.13347,57.832466,432.66037,250.64207,121.01282,270.0858,266.1799,301.00787,132.72838,150.15327,407.88937,63.140076,40.989532,128.78876,251.8341,273.6516,81.17327,181.21141,282.80743,194.67255,6.757531,196.52496,12.639665,454.01,27.354128,190.82588,160.87428,69.833694,31.70403,521.91254,300.84256,162.24762,91.03238,15.606205,226.37143,73.0901,42.28637,160.83272,143.61313,337.21945,116.26028,197.82806,225.41107,29.033918,115.94228,14.757986,315.4279,154.93124,121.03008,29.998049,212.57817,72.589424,174.00633,143.29155,18.52513,416.52792,301.21954,79.51441,220.86623,284.5087,224.02173,401.6698,237.7581,138.85233,0.19979003,277.99808,88.71912,150.04858,108.20278,209.86497,300.01743,269.0561,24.587532,4.56935,128.98323,145.727,95.56098,154.46504,22.164558,108.46445,80.21706,369.68738,146.25824,378.95352,6.2798305,247.59196,246.25427,22.662249,153.20235,220.29407,60.832,106.603355,175.6284,0.13599133,123.45441,387.6715,80.45671,114.94544,297.59573,112.15572,43.174397,87.5358,179.71936,292.18622,358.4467,70.724434,286.27264,102.44667,143.48044,7.366455,78.28938,70.9176,96.79827,55.15011,179.69522,93.38275,155.43509,30.864477,207.47665,219.13268,84.23108,210.65053
SPOT_020,200.53465,113.56755,169.57083,98.639244,38.547054,150.6878,57.808628,285.41263,41.042442,150.67622,10.569677,80.37657,35.929874,196.95232,86.220566,155.03572,392.14117,192.39014,26.52124,173.50658,98.782585,71.86108,448.5931,49.521854,57.19696,20.984133,192.87286,271.17612,353.80005,105.680756,294.10614,76.46964,90.44994,160.3348,256.8288,12.480689,155.25783,305.0952,147.64183,147.11511,171.73532,767.6426,1902.5402,269.20557,78.89154,74.958916,0.35583207,275.9172,242.1026,154.98894,247.89256,183.60657,65.36369,153.79236,61.418854,270.04944,13.411726,184.61378,475.56213,107.65785,8.87907,130.04045,65.75056,429.83417,32.41279,49.128,150.42403,197.49963,156.09373,89.52378,103.761246,271.54007,33.294704,81.49614,307.31937,138.74739,230.10347,161.17703,240.58232,240.59833,278.75507,57.63898,219.8331,24.112509,17.120096,59.94677,55.870377,278.60428,47.565853,7.260104,134.16493,16.834229,29.286667,156.81474,12.987583,132.88269,205.80103,15.7452755,41.94773,129.25166,105.81413,41.509953,204.0158,62.98627,161.16379,191.31366,420.809,154.93623,96.15742,130.81354,187.37177,227.74652,86.505615,157.13802,37.25723,185.58455,148.02309,150.65646,99.35357,61.937645,20.605028,26.596064,137.12843,37.86608,275.46024,140.05705,210.92583,269.6576,146.9079,261.90982,54.35296,98.53335,336.34857,6.2653575,144.39589,206.48871,196.18288,102.81312,7.889184,172.0445,87.166504,8.267189,2.9823136,122.99841,106.33398,39.620472,11.456831,66.92023,265.9702,46.368153,340.5945,159.06944,139.14534,156.731,130.42653,80.72739,28.536783,165.24342,16.627823,281.632,25.816782,156.87439,225.21584,275.8533,284.29883,110.11674,204.47061,27.719578,29.151867,78.91428,159.1198,23.849487,68.6681,237.68883,60.746773,47.395405,28.26447,217.82898,286.45206,157.80855,173.54807,54.980045,311.2529,351.52512,10.997551,134.78397,75.024284,210.08174,4.1491003,230.14354,194.93999,193.74861,121.28222,172.35669,488.27026,26.902025,257.54962,85.779686,53.787613,64.48399,99.40702,197.48586,412.54404,336.14316,209.17186,284.781,71.90379,23.253746,11.389313,118.75475,177.09341,22.659575,85.77925,234.8261,160.8471,295.44843,2.2002387,215.39981,47.80089,246.61833,215.87392,5.809841,15.675251,338.3774,93.7361,59.005165,256.68326,70.89718,149.27827,113.69727,52.416496,65.44319,33.12583,447.80798,39.920654,174.48647,113.65246,9.454746,136.07112,64.8795,38.974174,169.06348,239.85927,167.20776,108.88321,89.6019,96.73416,115.61423,304.96606,181.18918,102.545815,64.40903,474.81873,54.337208,69.53805,396.95297,250.15755,242.13776,180.61902,59.643414,254.95412,139.1832,28.410751,55.492573,108.06942,25.137663,13.200614,174.37859,174.09206,88.915924,65.22256,133.52802,16.554325,194.7446,72.591805,15.214857,163.83884,33.035072,217.65576,10.213503,20.422087,33.45077,165.57687,183.40619,106.957954,110.90582,187.23576,125.78682,260.78763,56.714745,43.4575,264.02087,91.00041,78.52242,214.36497,122.17105,167.24454,204.12364,62.41888,105.44269
SPOT_021,39.887947,259.37668,172.58693,202.98352,350.52167,176.1224,145.89516,154.2556,12.320369,5.179601,33.317577,218.18326,223.12584,109.41126,198.23943,128.94121,418.4458,95.21042,172.31487,19.096313,222.01309,1.3840193,69.81764,235.093,88.48115,254.29065,93.03244,111.42593,250.56697,20.003286,237.27547,244.47148,79.78742,51.94352,20.620697,15.136991,124.36397,80.06523,25.025164,8.122121,166.66019,20.460005,25.858715,29.7145,5.716702,13.621238,77.81313,229.08865,210.50652,129.77461,500.39346,186.83846,243.67584,132.20581,373.88156,42.349304,386.24847,278.08847,356.7536,269.8526,161.70473,202.45981,92.26598,122.97823,250.24596,321.72235,44.34035,414.2649,147.75821,76.82475,46.608982,33.814693,201.40103,229.39711,30.901258,197.72728,64.37904,11.611075,163.17795,13.005369,370.40604,258.914,92.73076,22.7734,79.10148,228.23288,4.391742,256.00134,151.65251,135.89258,349.53455,0.68474406,286.22552,119.6372,162.5056,145.66765,21.029432,231.40639,158.41188,258.08505,59.420483,146.52193,65.82188,90.76873,93.86089,240.65442,14.805666,55.161156,78.79272,32.75818,79.10749,17.695772,324.67508,59.664764,65.62106,122.43122,231.18965,265.65826,88.46019,41.234585,204.66591,147.92667,234.46626,24.779148,99.10567,91.74406,146.59167,270.15173,243.50409,83.98333,113.16065,471.264,266.68454,241.10457,24.33426,58.72207,242.16039,50.609528,90.96068,95.011086,341.94064,23.087425,249.00134,162.31116,141.14636,161.6449,137.88814,83.02807,405.5028,60.47427,49.11202,174.63152,197.71365,111.44212,271.17456,180.77231,212.75677,179.27527,125.68713,22.351624,68.537415,228.50374,30.294075,107.8386,217.39668,145.6403,152.94977,86.9371,95.52296,119.41851,6.7634745,56.64435,23.286242,428.53305,329.34274,110.87407,186.69264,163.8876,43.925102,53.049465,124.77917,364.9819,159.48724,59.86429,126.56524,449.7175,41.04103,253.25594,72.40826,237.77925,19.442541,163.19673,172.4389,119.43821,184.69455,68.65661,179.5078,212.7402,11.960814,64.4543,220.90929,217.82889,78.944275,246.60478,191.76773,46.448193,228.34497,88.4543,220.17964,256.433,279.22415,158.81157,137.08582,55.082508,26.176899,126.66787,304.62238,25.978765,486.60266,61.08405,62.668335,13.48678,66.35149,145.26836,201.54381,50.94957,61.07601,7.4406967,3.527931,144.43741,104.20715,82.80762,277.27942,225.96295,123.421486,147.6537,171.1716,125.26778,92.990555,184.18558,50.40816,481.4221,315.1756,31.94854,14.839519,66.47738,284.29852,147.22054,70.41768,104.72071,2.9201612,208.23007,71.53146,134.54202,50.490368,252.5159,19.46502,200.1781,123.35222,252.36168,54.51934,242.29797,34.79476,264.8853,3.9342146,127.30165,265.5202,34.81697,39.310017,231.99542,23.940569,237.76062,385.74127,84.5576,28.576088,208.0812,109.52891,181.41623,45.672714,322.75375,51.823093,44.10696,48.591343,277.82117,286.95203,18.636868,257.6074,46.806526,158.40216,48.452568,38.841682,211.99706,264.56116,112.008644,331.24796,239.06989,90.77364,109.4083,317.76974,313.36948
SPOT_022,742.74084,10.520906,164.27165,288.45438,31.139551,306.29987,145.75046,33.804058,141.69133,36.604702,122.713806,173.25052,220.71228,395.39627,138.14629,1.3884645,196.11658,425.77338,258.9696,40.547276,941.85895,34.677277,65.770966,7.0491805,117.81604,1032.9553,67.23607,261.9782,106.383316,79.210785,282.266,82.298355,70.808815,137.23523,136.86545,70.85008,275.352,236.18938,71.48076,7.46492,197.82706,323.39972,153.62918,120.49865,176.09543,323.7264,99.522934,168.58656,199.12169,36.125763,46.305614,62.005898,134.89488,60.7979,98.1157,327.01602,228.47241,276.5082,20.037394,53.835434,149.9684,113.44488,155.56471,487.35788,129.59811,166.3313,225.63109,38.69187,69.435,126.478806,43.35782,119.82482,66.42296,22.371426,168.49011,139.8486,5.4857545,161.50554,117.53103,98.96209,56.74794,48.249077,128.73138,9.2013645,2.902462,25.795134,92.86296,166.5706,315.97882,125.126884,85.16618,126.524055,42.805267,83.957634,93.724106,194.31592,179.47069,202.92302,203.37299,148.29063,214.39633,26.433634,399.56006,251.94266,44.88653,209.34769,74.41628,5.8313184,263.20584,52.281704,193.05753,257.17682,258.17575,51.25583,353.39206,82.94848,188.71199,14.592079,314.0251,154.77003,102.28921,195.54852,60.006573,448.7059,89.84501,215.49023,145.36644,40.22505,188.07053,321.10605,302.66864,159.09639,26.51364,122.48893,110.69003,91.74295,146.10701,59.74532,528.3731,185.02629,307.9086,70.75623,282.23788,268.64322,180.23663,165.994,171.83125,93.27941,91.11403,32.312622,160.9619,137.93806,47.61826,65.8368,349.4822,429.283,62.301117,88.56257,371.55963,28.457079,147.55315,35.185074,53.5009,300.10623,382.31873,74.45093,384.4056,50.76616,297.10315,113.25819,5.768549,6.0344467,399.16638,210.27202,197.43752,147.9719,156.98756,58.32656,148.33852,29.546896,216.3477,1.5819196,10.415528,47.806675,123.20109,75.81579,175.75764,203.78683,197.80493,123.73682,15.937958,81.700455,160.21039,109.30705,36.03623,251.86104,277.04562,283.03168,50.78264,221.52652,170.81151,163.24251,423.08203,301.11627,155.51637,22.775866,163.85838,125.12975,67.61406,234.86703,79.49926,258.0714,150.73303,379.24002,256.31244,32.13525,353.6165,266.60623,0.4264049,97.849236,358.5666,330.10138,156.22604,100.28477,134.87085,107.546196,269.19748,2.2137208,31.112223,78.43761,79.617035,135.13133,207.35956,19.634933,69.47462,211.79608,167.05632,318.68658,104.06042,46.441536,114.52027,101.71089,336.7934,153.15913,439.41992,78.68282,16.569923,85.72327,455.387,178.84674,201.67523,135.87592,5.785766,310.6388,4.0210633,304.83847,27.25333,52.68338,111.268875,161.7321,148.6499,332.3513,348.00476,46.21514,2.072716,185.51877,197.06372,145.0785,94.77992,238.02254,73.63169,119.99302,242.98662,81.93581,242.5057,161.78397,99.18307,132.02676,54.14867,292.9161,33.658237,7.9691978,131.21266,34.022575,32.45308,146.67627,265.72726,325.0034,113.98909,17.416819,181.95114,635.2299,224.00757,80.9689,127.35941,96.982254,129.63817,202.61789,7.4324455,265.4105
SPOT_023,170.42535,9.900528,76.0383,83.91395,66.0967,51.761505,209.5291,64.43828,1005.74786,641.20953,1443.1294,602.697,123.57697,209.4077,192.38263,231.47993,195.91402,460.89053,315.16666,5.673332,46.327156,113.552345,77.82349,129.09274,1097.4711,237.88004,3.7966948,203.5921,12.109943,193.43898,704.1185,644.9929,44.546497,1.7395958,158.21352,86.509544,260.38138,82.774666,77.3343,234.19968,77.21653,173.65858,233.99771,172.85493,322.95453,194.96614,330.93335,161.66112,66.20122,126.45599,239.8407,210.81017,263.69547,120.32188,179.65703,315.77127,17.014961,325.09604,480.04294,17.48804,201.00262,41.777035,89.79897,61.586758,35.113846,96.74616,104.12276,13.948975,10.517422,148.7526,191.88579,9.277597,344.16098,209.53082,242.85222,4.3977313,57.77956,180.4025,280.846,351.2885,236.77942,235.69994,49.840084,120.909744,225.74898,99.90301,252.42647,376.39697,4.0384893,10.431097,105.8538,173.22214,170.25987,193.25195,113.5522,53.616024,138.42569,94.93003,0.9191938,71.77748,141.33331,319.98257,128.65422,42.07033,127.34239,139.8477,289.4247,243.62166,242.3829,259.86066,52.448215,5.793316,157.10707,131.77457,55.631924,72.86822,6.3173637,153.70793,232.28293,9.9358635,368.7675,292.5886,100.220184,5.8749905,204.72859,71.90449,55.885098,202.90749,208.24945,58.050842,245.53906,95.738,90.165115,176.81836,288.96408,220.30853,282.8556,167.82683,411.4399,140.86644,137.94992,74.50109,82.943504,274.02017,143.63554,99.919655,2.190543,16.717411,228.87874,207.55518,174.203,71.81859,189.00883,58.438484,25.738314,310.68192,48.666004,4.9291778,351.5593,123.6522,276.491,107.556786,128.03458,21.08236,42.520256,169.048,69.18973,37.03806,289.01157,374.5333,217.04732,168.62314,246.97424,212.38959,131.74165,225.81337,144.12636,370.7721,100.57028,28.165928,61.72675,223.82445,140.28755,117.33995,55.612804,378.8249,24.854113,339.50317,9.550676,155.75215,85.83776,301.88086,262.89017,214.42693,121.524666,308.886,487.94296,11.474151,157.94713,253.2757,39.603245,22.933235,18.476196,53.60331,113.98056,69.77337,348.29352,26.885069,426.14597,63.678715,176.27403,29.404865,236.5335,170.77477,191.02614,78.010124,315.57507,65.72747,151.28873,123.70292,78.442154,151.4609,86.01118,8.029176,241.59242,348.1358,4.1545186,112.48265,34.820744,235.77573,13.382159,33.21926,106.61932,17.876488,70.27357,92.90593,117.45509,110.01189,95.038925,243.55246,579.78296,71.20779,6.1689267,302.55667,55.75082,85.63536,106.13506,477.32904,245.95009,132.7926,123.58219,133.39328,157.80547,118.88279,69.38879,372.8479,210.19354,139.5081,153.80882,72.55186,49.002613,10.308674,98.65205,241.10808,133.62955,20.879475,341.61972,20.486256,195.34,6.93993,87.058556,44.410397,30.31555,108.656235,247.43002,64.74255,213.67398,173.66216,74.63349,130.37445,56.60003,64.61251,131.35913,167.5803,7.7455754,123.63443,371.75452,381.89365,50.967342,364.50717,28.456902,6.0198245,14.740989,178.4144,134.5401,53.617714,81.028015,18.784521,319.58835,266.25528
SPOT_024,25.1373,11.704433,146.39047,151.8937,313.86108,28.228142,50.621487,268.1279,228.66516,207.84486,426.1346,67.99768,232.3696,73.25539,2.520894,101.48182,106.45105,279.93573,200.61583,313.05692,199.20789,409.4318,36.74336,561.18256,2.1678395,201.73816,10.331543,9.144142,28.916988,119.20734,187.04001,303.75864,44.12057,130.82294,113.06689,231.54877,46.269436,49.959454,167.95909,179.4477,123.87695,79.84923,153.68816,115.773,125.811554,113.226814,21.177889,2.7049952,345.1228,264.80276,60.53002,132.66528,190.21048,174.02528,129.45036,327.55893,14.9560795,116.798744,105.19217,441.42657,357.05405,2.138478,69.58552,244.67357,26.485111,118.19234,157.31816,14.119063,32.939003,150.16885,309.18097,42.505634,162.89317,40.645214,258.5573,126.70493,189.8468,12.101455,14.866664,138.59438,139.49332,246.25696,354.04504,7.045925,224.94788,190.16948,193.53987,188.50975,155.41872,2.8013558,531.76483,115.51089,112.66488,176.08589,22.00374,75.41342,148.43016,190.58401,128.79234,201.86986,118.98451,92.688965,82.205574,61.018833,82.12491,548.03815,183.89433,258.54623,189.03357,175.01369,81.04561,136.08072,40.306835,350.37457,201.22696,277.0555,167.07959,223.81708,63.960873,325.66818,114.35925,21.180115,81.98407,44.092278,85.43403,127.36653,212.08551,73.46446,247.61414,85.25618,529.74866,130.40839,426.4717,251.17815,43.524372,54.253273,6.5844073,312.80484,3.2485056,217.92142,107.9352,74.15154,153.28639,163.74248,81.23451,183.22406,147.9898,231.76895,162.08072,255.50201,164.78587,22.762661,90.51638,212.19586,236.00922,155.5326,55.104218,41.590717,214.53746,349.8352,136.74113,119.456345,190.7218,99.95049,186.84225,137.55838,311.03348,84.48236,231.45552,90.98816,37.59364,10.478291,70.81882,343.65555,84.68694,355.022,83.56522,109.644394,103.04016,71.4684,167.69987,71.16726,56.28189,143.278,44.815258,56.543312,56.89493,56.580963,79.04702,149.97229,230.90309,14.041335,235.39978,62.118736,7.931262,330.43835,249.95961,25.628025,68.64351,245.79475,113.425705,103.327545,19.775541,33.13564,138.99463,299.80856,67.59001,125.903564,337.50134,212.39793,189.39801,17.53814,40.849644,72.0,411.98233,317.3826,140.76492,164.09111,3.5853114,44.61842,77.09729,1.8837233,204.1508,185.25247,322.94583,97.157616,58.776455,210.76648,36.429005,280.2512,7.148488,256.11786,83.02898,166.38432,81.178925,52.910892,139.05759,10.43352,272.4895,113.5576,317.68448,502.5976,16.410267,141.87674,320.51263,270.4922,139.72113,87.10802,222.69255,45.805695,82.444534,85.56029,191.40381,183.89247,190.07817,189.00986,163.74416,136.71,111.01956,242.63924,109.0224,5.7676263,212.57504,207.3026,380.03336,154.90178,58.147625,66.10266,75.84422,111.84241,170.66573,55.071796,222.5661,229.39923,17.161396,311.45792,404.20547,35.17258,345.34912,63.587543,40.588814,53.192104,100.583244,56.172947,60.80672,112.93573,221.19418,82.99404,45.113083,145.54277,47.58405,139.35669,108.472374,0.32094738,190.65811,90.04698,92.90099,382.42014,499.28668,32.331547
SPOT_025,310.62488,21.932003,135.61514,17.968737,120.12,403.54486,36.982025,139.60919,144.06038,89.8177,314.07504,432.87076,39.097427,83.6581,211.90076,84.33723,320.923,44.521267,428.2193,120.60894,177.37195,285.4522,31.767153,81.22069,13.159314,142.33878,182.8687,72.60835,267.33353,368.9054,226.95291,110.99952,15.835239,79.249435,95.21972,193.6326,77.66202,381.6157,132.49146,55.968754,109.778404,7.1867633,143.08617,242.84433,190.47061,84.69177,2.1352823,176.54184,133.18993,302.35452,61.579086,345.10663,274.6029,207.7494,153.93626,47.57224,236.4808,2.7848954,156.23558,38.446785,275.88312,203.14633,175.03992,157.10173,65.340775,309.79398,64.51264,220.49998,211.77599,105.06998,195.43459,5.3633094,115.227806,267.0739,132.26596,251.86108,387.52444,5.5415707,101.14742,257.20285,214.06078,120.104126,5.079218,245.57872,119.256485,148.11406,187.05963,147.23668,71.346054,30.554598,152.3696,109.430565,135.9898,18.357597,260.44995,118.950165,283.13806,189.4585,178.97379,45.85161,23.197927,91.63689,87.364784,152.83887,55.019806,131.62582,161.57869,114.747734,67.57334,8.789371,42.382042,663.90576,145.3771,70.4826,270.91116,194.40048,29.30339,269.10544,236.33434,70.91554,144.40894,90.83407,144.55995,131.73431,489.94418,152.00206,198.31282,88.55883,289.12622,71.09243,193.12733,153.61191,173.7588,126.78052,333.36722,75.20094,197.56998,65.09306,258.40277,329.11307,372.30765,16.09115,79.66607,1.3910208,170.15613,99.46248,337.14105,368.00668,179.50108,190.62668,198.66962,69.20804,11.410173,86.90222,195.04497,60.022923,273.59137,384.44397,136.7617,151.11496,247.00883,25.568007,121.122955,119.31139,160.77391,115.54094,185.34532,87.123085,0.73311067,7.426738,134.9542,362.68222,60.178867,52.196648,150.93011,133.64761,38.61678,648.1953,126.232124,157.64667,95.90098,144.9948,38.720486,277.6098,178.98328,162.40884,89.977036,97.74581,42.101604,35.29678,73.74336,107.45884,268.74057,28.823425,111.3049,262.0081,185.69768,253.60544,80.08126,153.12949,160.53535,200.39307,118.26634,179.02048,137.11687,53.94529,283.65762,8.603866,130.81935,157.97113,59.88948,239.96664,44.520473,59.981495,233.84697,120.15865,128.53172,212.11548,53.91271,222.42654,30.967443,258.87045,29.74321,2.2539356,294.6981,257.6439,231.40784,290.8524,67.076675,29.968763,277.69257,43.825516,72.74829,0.3230771,21.187334,300.91702,487.8597,93.57678,37.801495,110.729515,127.69398,25.299627,113.623405,107.90113,69.42795,145.78021,255.4264,52.803368,131.36748,250.54576,3.9399877,57.051365,145.8049,130.47499,9.7293,22.598745,172.09055,417.17462,253.31282,233.6587,236.56079,128.38792,184.67368,109.31202,264.21307,5.44735,467.78812,310.33115,124.88822,209.9751,160.4419,36.78403,52.27947,79.94613,146.8358,108.44522,187.21042,183.3966,40.998775,169.20287,69.5003,182.73976,19.437107,469.23465,34.81315,10.744538,19.112925,114.805565,10.41059,203.00185,20.51472,142.82275,166.51523,81.03634,13.295418,214.84558,241.28796,57.56873,25.975801,330.06705
SPOT_026,150.04768,122.37994,143.27467,34.540115,28.90073,99.9515,77.03327,310.15344,1917.9299,1384.3958,394.7174,80.11048,27.927961,71.69095,21.165955,27.25333,104.21132,161.34616,80.76522,42.166668,107.81934,153.60281,88.95421,51.092022,519.7514,209.80708,10.589913,39.76771,34.402363,206.94734,174.24855,562.9073,115.55048,48.64817,39.189278,148.43706,126.628586,14.007858,49.67126,65.11029,11.320896,80.61797,118.465744,71.15104,286.73352,263.7379,160.47783,12.546769,117.118195,58.79656,360.43695,55.362854,64.84068,97.43783,180.1133,153.91718,217.08403,159.47473,513.00543,98.02483,369.75488,26.607733,254.92839,115.699745,82.59783,183.16527,154.83287,145.84682,207.98132,130.51459,274.8263,342.46048,515.73816,162.35869,508.35968,63.75715,106.64378,58.873028,104.77104,71.82794,237.61389,42.975468,231.4048,10.271032,25.48724,85.546555,210.7191,297.94043,105.214325,48.26505,29.994822,190.79102,214.9536,182.276,348.37738,98.84861,239.47781,21.705694,241.22247,87.42217,267.81512,202.5335,69.987404,211.2972,200.27417,12.801653,15.407047,50.107136,139.11261,140.96878,60.30978,101.66204,38.17614,97.59654,60.818,0.40169197,49.435875,82.29933,124.040115,84.18422,235.90906,210.79834,226.18176,232.05655,57.26853,108.13195,163.11876,25.556385,56.470173,267.22888,109.48809,242.2683,31.43663,244.83026,34.14483,152.92522,399.3426,435.37997,269.1825,51.23259,354.97604,51.845104,259.9066,80.07364,74.08183,169.45256,201.77406,145.00345,175.64821,1.5943867,254.79434,176.017,48.666855,250.16043,243.36708,377.89334,7.424663,388.64178,16.436651,68.48206,113.48253,294.67484,140.42589,132.34848,100.64948,82.85522,185.44495,68.40663,72.86317,203.90486,287.53152,116.04417,117.85856,91.90953,14.3847475,57.76741,177.81587,130.14684,15.3924,308.8275,167.20676,90.743164,13.114384,340.0702,42.870834,151.33894,39.713547,63.375793,58.456482,104.50218,217.66151,4.371569,295.01288,163.44408,127.33912,397.774,58.859013,150.3224,297.52435,373.99997,5.9445477,90.65704,31.027493,128.65172,230.0142,102.68772,18.310177,269.64212,56.310566,185.56548,51.851307,77.58414,20.441261,10.053392,67.92957,242.07372,131.92668,133.2418,381.77884,176.01256,429.32047,101.746574,326.15808,171.12433,564.9327,24.658125,205.54951,10.782947,292.52182,14.924134,74.68493,270.35153,254.04422,141.36221,58.79048,357.36847,279.54636,252.64055,15.080957,405.72687,36.421,32.984142,259.54388,170.26732,171.57173,142.03354,113.25972,127.207214,232.76201,15.097051,194.47333,211.93498,76.26433,88.04811,96.836136,83.96003,14.228603,51.868088,32.94233,178.47487,18.950153,27.108448,270.54843,179.22487,158.65807,16.255764,209.59412,166.62181,6.18001,65.24982,170.55214,121.44509,111.30571,143.08086,373.02396,27.72573,14.885593,204.51445,64.62992,240.16125,125.52556,204.86707,95.20494,139.96729,262.5765,42.324356,357.24384,48.08475,79.26372,93.77434,189.07877,152.30132,18.623302,88.12272,7.541266,474.60046,207.63051,209.26326,78.39834,29.96735
SPOT_027,431.29483,122.21646,86.503395,337.4806,208.33484,356.55057,6.89829,147.37788,199.21942,74.6612,173.41135,347.77173,316.23636,228.41685,159.99475,28.754728,182.54956,61.015663,41.80923,1.8982282,205.2451,212.44171,75.36682,2.515181,60.02753,159.34615,158.22255,170.36835,32.788906,50.618103,49.141212,105.30384,50.61456,329.86102,275.45026,22.038477,163.53046,108.73934,291.09094,62.336285,113.40872,132.14914,260.36966,83.71367,195.2101,4.5339627,112.982475,299.63553,47.476006,100.58392,84.1054,97.973305,90.79608,273.58072,166.72635,69.48046,32.777683,186.47316,78.47057,137.14943,25.507568,158.00868,142.33669,3.965413,318.26358,538.7059,314.25464,130.08147,135.57669,20.446589,97.81568,227.49406,47.25052,141.14949,84.735916,201.81387,288.0176,275.09967,136.26576,45.472477,583.4725,53.488804,0.3291766,25.196775,9.701523,238.72719,100.33354,113.79894,122.82098,170.38387,108.729294,73.8053,12.750633,16.402477,19.3859,179.67917,115.86038,373.9218,397.16443,14.336925,690.598,222.62985,97.267746,144.2671,71.72015,80.39575,110.208565,280.69843,193.98973,61.76854,112.12993,115.4775,141.66653,176.08781,91.19427,43.177097,267.38593,368.5387,39.731174,239.88213,297.4037,174.0522,98.032425,80.89803,165.78465,86.3494,77.874756,393.43152,44.38279,132.32378,1.1486773,332.68652,368.03323,104.217155,190.09822,141.89249,164.53389,177.66832,290.85706,173.68079,38.30839,1.8634123,31.297289,240.9466,126.9199,242.92894,3.5991876,71.96881,607.92896,121.77135,73.6813,190.10008,338.4519,184.53943,20.689518,256.91916,201.90405,41.23707,58.170177,48.386223,93.35484,309.3055,34.054234,15.540814,398.84805,35.178272,150.56714,192.19006,135.12965,142.68799,265.7983,190.40417,95.785904,69.94228,202.29811,68.04833,442.77695,140.66951,155.57135,204.41171,57.002316,247.4073,145.20175,529.76544,180.73433,169.98933,27.298307,184.27606,114.04611,343.1226,15.907192,397.92416,144.888,394.27505,158.83148,184.94627,355.33417,67.90739,33.70092,185.87836,261.69125,86.39364,129.88243,24.994087,149.6698,143.65639,256.35016,344.08908,115.40969,47.711697,162.47778,485.69916,43.572723,153.17552,155.50624,138.44444,33.790863,151.3092,148.55255,88.72529,361.83902,238.3112,325.37354,295.45715,11.841957,299.32767,28.813408,43.813854,10.171917,22.485888,38.73534,205.81168,27.024418,128.24672,185.6485,69.87344,174.64885,243.51587,26.780514,30.826134,15.730457,2.889727,465.04324,239.44073,358.19034,59.82783,67.75606,56.892216,105.098946,231.13884,271.30066,100.20921,77.17703,138.68344,394.82092,172.02672,10.221948,160.27844,101.572174,106.68651,117.942055,46.259537,238.25691,78.462265,157.95856,63.299225,102.35603,68.9259,292.75754,42.48775,69.48411,164.8359,44.929703,439.32675,33.17202,37.051174,245.60475,167.08784,145.73836,41.528114,18.3219,55.142555,16.672966,223.71527,22.217253,262.47836,293.4234,66.66125,106.065674,225.61232,71.264565,21.090961,283.3464,62.26331,150.72853,161.24332,166.55074,30.357246,121.74426,6.7836814
SPOT_028,42.09572,209.69836,112.557304,30.469398,243.42525,425.67395,369.37317,307.07263,22.575344,7.365156,26.36652,181.15399,190.4106,46.938026,104.07818,53.125378,11.659007,92.006294,98.98647,91.81151,113.75992,169.86879,107.690285,156.37816,110.42284,5.8507004,149.48967,163.0435,320.299,95.94074,137.94347,14.181911,114.63214,133.38304,51.867046,27.085411,28.37422,35.09192,4.3432403,91.90813,143.21793,881.63324,204.3683,991.5311,135.41281,153.2125,119.760216,397.72903,141.58298,59.827023,315.991,81.70294,159.42848,112.47023,198.23158,131.78722,181.31477,4.2093387,155.59682,286.11417,135.07382,389.16583,82.510025,198.85945,177.94958,68.60478,108.66838,252.27007,217.59459,101.868675,13.620792,276.75922,118.50889,107.010666,86.0653,103.90117,27.45466,279.27673,398.5794,242.58765,57.915485,5.8465867,344.28387,238.47224,357.06674,136.29182,75.07716,177.23407,102.80542,130.22758,227.99904,174.79117,20.368528,99.94916,177.75414,133.43758,96.382576,217.62184,320.37753,191.55074,450.98077,81.295395,341.12674,47.36903,247.03375,55.01384,188.67671,150.87177,108.06095,106.8371,0.550821,105.23214,42.809315,86.33256,77.81422,41.71157,166.92714,231.91806,114.16945,203.19255,42.049255,36.35982,89.09362,182.87917,314.0569,189.95836,58.303596,38.138252,181.86827,80.23634,158.75293,259.68866,86.41145,248.97502,227.93944,127.787895,114.9378,305.57227,59.774666,116.30334,57.741093,245.16782,123.092804,1.6486269,10.941367,346.73145,14.62989,212.19183,78.3139,56.101658,239.22137,133.61903,94.85665,1.3608325,169.72896,32.625713,63.441673,386.69342,16.902643,209.34016,72.21766,127.727905,167.04282,37.528553,423.80692,3.2854428,221.4828,94.94655,80.251,310.00626,129.68192,74.04437,73.86899,218.64001,26.076015,73.04834,2.9473634,177.64969,406.04245,77.58174,31.3105,111.27151,291.45114,113.35311,47.865612,100.23746,335.52872,385.45755,125.92815,37.68761,261.8687,294.55252,348.455,24.454062,17.280119,35.650757,78.52734,188.66103,192.33374,62.174553,69.1527,137.18402,465.47552,75.42913,110.3878,204.7998,255.843,315.41254,451.61227,138.37796,82.6257,104.71021,39.369286,30.026653,2.159522,176.04414,269.50183,130.7721,124.867096,285.20898,142.20308,124.70673,51.06721,214.28549,183.9533,38.017693,61.11543,172.96779,116.44282,123.199265,239.00377,51.935925,272.77448,206.36768,200.21895,210.19633,229.44308,204.41446,91.673164,110.89282,291.06808,138.67647,205.80508,33.274555,45.395073,354.65555,396.52438,39.70187,44.44309,202.5356,195.96481,101.06508,101.313805,24.79339,140.43631,211.35641,64.06828,296.61795,12.297983,22.736252,415.07037,251.88159,143.35747,299.51755,58.474426,154.73354,176.7635,123.61183,69.29395,143.742,201.76857,282.53314,12.140381,214.85011,61.614876,162.37643,37.347984,80.22202,76.231415,288.8469,202.34195,18.457458,303.71024,149.618,156.88008,58.890697,201.80412,248.42502,366.69794,26.47383,91.89636,36.312958,95.466446,21.520576,6.221563,163.02917,422.21237,252.01283,18.686247,212.48288
SPOT_029,286.56448,105.79284,259.77615,114.87366,313.97598,119.44762,36.863617,73.64536,1655.3636,629.42346,76.50342,203.71057,210.21574,59.107544,199.3898,101.98839,115.97588,26.36561,94.19828,144.10626,55.711777,34.56076,49.952854,57.633816,74.70106,67.93621,568.39886,163.22171,74.36655,41.977528,406.09692,98.88525,52.709194,338.4784,282.4901,114.638824,37.2851,43.069168,266.06183,266.83142,135.24219,273.61652,23.601479,159.27167,369.22443,124.884796,17.876581,49.036842,351.82675,55.87142,158.5912,97.30612,111.43497,67.59162,118.0975,228.46602,89.51708,52.93477,29.400244,263.10907,174.85422,233.14656,213.75957,104.203766,11.580777,81.93092,182.81302,33.742687,9.44233,140.36916,67.519615,282.3334,141.84857,118.24723,258.0899,247.9132,61.80033,205.59734,208.30402,30.869207,132.2408,172.06845,213.03883,209.6394,216.70447,40.546204,113.28491,53.832436,122.27289,127.824585,380.64487,76.30219,11.381786,49.65119,208.5486,326.81683,92.53599,161.57805,226.11554,213.7884,146.86372,207.66713,89.394226,114.318,72.03053,362.5314,156.03923,5.343982,87.69928,138.11533,25.965633,59.54109,15.275783,123.41148,56.315815,11.832778,48.306385,14.632456,87.22645,48.145573,68.54875,241.68993,47.729507,116.81973,159.04922,245.9157,194.6544,60.452507,92.95139,224.10922,68.90714,109.095085,87.60174,169.8476,127.17098,3.4419923,98.27315,242.93694,255.6333,106.580505,127.20044,129.52791,12.640252,51.67971,78.33807,133.46968,61.876175,21.862991,89.901215,120.43533,336.43198,135.77367,299.72253,360.31323,27.084265,119.36963,37.41489,23.86758,288.57904,326.67908,53.267982,24.37719,76.64724,298.28586,84.850426,228.94193,50.03684,152.5453,8.01939,245.90054,190.43294,14.73198,318.26825,54.121384,83.39427,59.948574,49.66123,220.3924,101.97739,116.72446,388.16016,66.826324,176.60695,69.6473,312.8373,77.21423,60.97647,23.111689,12.291518,47.416252,54.408493,95.55609,168.44963,193.6609,202.17511,368.2178,95.461716,54.808598,190.35265,112.20161,20.982841,38.550407,175.79166,28.848394,76.29004,137.81001,132.13914,276.7874,101.65972,123.207504,158.33586,147.65912,40.144623,50.766518,27.513899,78.041245,317.33633,91.38902,308.7324,148.66624,302.9966,70.6983,195.79475,22.300627,201.33423,115.71398,243.23227,54.023182,180.7808,22.828445,65.941505,31.817179,4.0231,177.59863,112.837875,8.777818,177.93523,403.36676,85.75743,27.5869,254.73682,331.5268,26.162897,62.531548,177.84052,26.494694,35.83126,33.268864,59.89689,100.76912,42.77568,217.93367,168.92407,98.35338,50.803307,189.13937,209.32901,64.33471,171.5417,53.977943,82.87482,25.117567,46.220985,41.125057,120.07179,278.11017,65.396164,53.383083,96.06514,268.73148,70.384445,266.30673,118.62429,239.15636,147.14409,164.42255,55.267063,9.22245,112.605225,40.18889,55.30432,246.43703,17.76976,148.75603,40.563267,299.9994,122.100235,110.54584,274.4131,80.09035,288.1934,160.53131,27.836946,326.39282,3.477295,18.29341,210.0992,285.9205,123.29769,144.21272
SPOT_030,137.77238,193.21428,89.76418,349.6496,27.976038,208.02737,36.46904,176.40077,54.92715,206.65636,61.51571,233.69865,453.75247,26.785578,38.506763,175.85023,306.11288,132.25378,35.00847,119.85801,33.953594,289.45212,186.40872,158.59059,8.513774,125.04044,78.57268,192.90248,53.140457,122.300095,2.1643252,43.120056,88.0521,212.35982,5.283306,71.155304,5.9441957,242.44942,139.3241,1.3465434,39.004036,53.219803,72.593925,328.61844,54.274734,267.19904,230.09058,10.952914,34.80137,161.42352,76.01846,203.15422,12.762966,60.33005,314.01593,124.24972,33.03726,20.691168,266.80164,207.2998,18.378551,6.7595534,72.11549,141.85373,82.14407,66.07343,161.38539,103.22054,268.50128,130.46928,166.13596,93.71351,287.57156,268.22476,369.81268,277.7052,60.441467,207.83418,191.82288,303.07184,19.328152,289.02203,25.499273,54.41812,247.60745,72.73716,366.39566,358.577,23.60004,103.95617,125.502846,62.55449,208.17993,230.62296,218.96053,27.992088,227.31564,221.31473,19.301271,89.97679,61.39673,183.95337,131.97227,248.06569,178.31218,61.774483,136.6167,80.6541,275.82846,75.6966,332.65964,97.2032,191.19014,58.23269,2.5716982,163.96999,290.3361,131.26265,14.970919,247.92032,394.55615,256.00223,122.69417,2.539504,108.992455,11.593353,102.770226,146.59251,102.68749,178.99461,219.69911,362.4398,43.937717,49.303997,274.17105,95.65405,34.754776,189.05753,109.9802,143.3412,0.29190907,31.89026,44.800915,70.40815,77.22671,306.86148,44.631756,86.39427,92.87659,75.037155,118.55376,41.79501,179.17474,103.60115,53.110115,83.31413,56.308,103.27808,251.61197,214.41115,97.46515,18.36113,120.78321,192.23961,169.01451,11.498011,225.72406,179.80855,49.074036,61.600605,197.7623,8.02253,113.62038,207.2208,198.89949,67.955605,226.37035,96.02144,184.79259,82.46465,17.126663,69.926384,38.880257,60.113728,30.812286,11.90023,307.66074,70.50564,16.056593,289.85275,169.12173,325.49316,111.252335,62.374863,181.51794,275.3548,276.7314,254.53987,447.74222,82.48014,299.55457,85.69126,88.3102,50.896683,201.76144,306.85962,189.45853,331.72864,44.50886,159.58432,261.22073,166.36832,218.37227,95.9205,111.111435,216.40483,217.17642,48.42948,162.02884,74.42076,51.549618,33.94707,169.01228,275.35934,268.96744,32.5568,88.478,112.86875,318.2502,3.5182521,9.495919,117.62621,12.403105,23.868734,211.86012,236.24413,96.550064,300.8065,150.90514,218.27827,140.74966,11.773842,2.430584,199.21193,53.944828,137.42375,69.021904,178.39641,239.36299,301.6045,145.17357,301.8961,78.324974,236.67816,39.43288,85.5706,150.45665,197.25676,498.30722,45.279343,346.60214,268.86777,109.99277,137.96396,167.96144,121.225105,44.445297,346.676,321.7032,78.11828,269.2029,230.1183,180.18173,185.97418,117.25966,336.0061,76.427666,71.57475,83.292595,55.268703,205.84189,19.168917,151.7937,126.365456,35.581604,453.88885,77.10352,70.52917,3.6218033,160.5061,121.03084,60.56996,282.05267,73.27627,351.55075,179.07414,136.76437,127.80277,23.39968,191.34654
SPOT_031,75.82453,152.4312,96.1825,318.3148,179.13019,168.72614,149.42905,67.1116,39.63408,185.8301,346.23242,171.54729,194.06256,15.519077,23.341148,276.57553,51.262093,179.50769,83.4938,197.67355,80.80351,73.09986,17.415884,290.65497,260.19327,65.14457,143.53886,193.41536,40.54855,109.21719,253.92462,55.747944,103.40761,156.90646,91.71244,33.719456,250.46242,38.203976,5.8992543,3.8200772,168.2269,13.96537,251.41684,80.0943,5.591417,29.118109,59.556065,134.958,109.66299,59.735676,58.460686,86.38915,181.2951,30.281498,389.03473,86.85607,118.86175,134.5583,71.10844,55.62843,256.3117,254.47853,5.2510858,25.077534,199.964,270.14438,58.153633,240.40268,175.5361,66.467476,271.04984,8.983842,106.18477,59.587,145.6824,184.6302,371.67575,219.92485,71.95869,28.286242,0.40286097,192.1381,226.63168,180.95673,130.17032,65.98912,143.22917,314.36832,184.88718,145.50471,21.538603,272.57053,39.241013,5.6270547,30.595417,126.32815,114.64345,85.52255,95.93887,115.18253,128.74258,70.80321,285.69385,37.3169,112.23464,324.97504,215.63245,76.78282,70.092636,244.04497,6.28947,163.31879,100.56515,72.83494,220.38971,160.6992,312.12753,69.15766,19.39681,44.980873,52.58679,50.44247,52.59039,20.672115,156.3837,4.158782,176.02899,110.23612,356.22336,364.8271,155.29582,149.41269,50.732075,114.637764,277.6585,255.5779,20.605692,19.535011,148.83095,18.72166,316.4776,45.20121,174.9892,14.324319,258.15186,313.09656,144.0401,99.48473,68.693596,133.22263,31.237995,74.84449,112.63915,41.386383,140.00357,131.81392,140.64445,9.427098,188.18285,36.255585,68.62404,7.3091216,17.318207,46.607475,96.62534,224.92168,258.05405,334.73935,123.26618,16.968431,74.224075,283.71106,334.49246,91.38494,382.83002,5.691955,48.90304,286.34323,21.714258,187.92453,105.090675,78.34467,253.61293,49.500416,268.57837,233.13727,29.171179,215.13194,86.4386,48.39314,37.682793,8.107941,77.87871,70.64208,166.70938,217.69836,223.70885,130.89023,11.86049,299.72565,48.197792,238.08658,31.603334,184.45512,332.64725,178.32796,21.783787,130.89082,72.66662,149.24683,430.39413,183.56425,176.26675,44.938,37.357613,242.42142,332.61606,214.29532,36.12334,72.84525,185.32878,356.84467,171.67685,390.9245,166.02324,147.48962,214.0094,79.51692,31.608639,27.351202,145.66655,221.81915,274.61923,107.45497,147.62584,84.19296,143.6771,183.33673,232.11002,54.284363,59.155926,103.28759,140.96802,102.39786,253.55151,22.634333,120.82862,134.28432,112.9572,369.6276,64.936035,13.011903,100.04868,40.774944,77.47699,361.52512,265.02374,132.11108,103.42833,60.44015,57.078506,144.61816,102.82036,250.31584,84.602455,18.608759,177.55928,93.02855,388.14294,68.52503,67.67704,100.99605,88.09457,494.15393,72.906364,152.1994,289.84735,135.57419,194.7632,60.96043,263.95963,253.65884,275.86768,48.475113,206.90773,283.38153,73.384155,104.57992,370.6489,143.73024,157.78906,56.121403,225.42235,204.562,18.561228,81.26017,175.10902,6.7614317,102.5566,58.351833
SPOT_032,395.55017,228.36852,34.24018,68.332405,154.2885,274.43497,504.3441,78.16746,51.35937,89.8399,23.026896,114.43077,89.86457,337.18323,81.06628,73.232574,182.77061,1160.1129,184.87086,116.61701,143.53015,91.780914,32.790714,160.53798,220.86253,122.38306,33.293266,432.28506,155.37415,367.22412,360.7962,17.516008,53.667458,124.57173,12.276456,253.2095,13.723023,269.43845,109.99531,43.330376,306.2053,235.65912,228.51219,48.15898,156.11548,52.696426,90.34205,5.1869884,56.694935,38.696907,202.2169,121.85893,34.71513,273.31595,75.64834,234.89328,109.249664,331.54544,234.87025,24.331724,9.351859,50.642704,62.09697,40.865196,106.5377,229.369,20.445862,68.8651,166.48665,48.379642,33.67928,69.91643,184.90533,288.21262,112.60643,267.23553,184.74365,286.09943,51.10399,1.2713228,71.55877,249.21324,177.79114,139.60915,140.3652,178.54674,338.937,274.24762,3.264164,52.791195,87.252235,54.32373,455.46655,41.02066,41.541508,143.4576,22.303226,110.693016,216.64404,268.07117,44.279163,80.40665,105.67036,1.1787584,97.636314,145.6135,280.42297,178.67307,242.087,193.51855,188.4459,122.0346,231.251,59.58438,81.846794,11.909867,46.599754,191.84448,107.073784,110.378136,58.43154,42.79171,18.554081,4.3164034,135.11282,53.91889,0.39304635,247.51534,83.255936,69.78238,229.93858,208.1847,228.5304,224.1271,244.37154,25.844685,75.33262,89.39719,166.14807,73.096924,146.54759,209.73636,262.85443,33.82952,103.04486,117.17383,21.236597,208.25937,122.77346,207.42276,87.23314,25.815172,193.61708,60.58495,82.383224,188.4083,139.24039,89.227066,22.799524,99.20092,255.49799,154.33965,35.67912,58.54671,26.738623,54.311947,167.952,11.437543,126.585686,319.2795,706.03204,51.081844,256.45782,38.241306,54.37747,285.7321,71.99938,29.854626,150.6584,66.32957,82.38186,192.86568,199.75502,58.184494,278.56256,36.709896,34.738136,301.7619,281.6953,108.15969,148.08284,60.357105,32.45491,172.10443,106.347305,224.10738,9.271655,67.56474,20.7339,212.9554,168.08588,90.581825,415.01465,182.80464,148.06313,236.07791,28.322382,175.77118,372.98434,36.887848,101.37775,126.35231,69.33828,201.72342,23.990168,36.987556,20.575575,0.32463115,196.08167,199.52002,53.135166,71.07867,145.17174,82.659676,31.704155,276.14246,303.84616,108.13463,94.05374,117.56473,183.38493,146.64342,81.96163,63.694614,389.79385,189.83171,184.45934,210.34447,179.78775,220.02563,199.23665,240.2111,98.49452,225.24411,77.579315,42.948994,48.31439,45.171185,149.0725,123.418144,115.05484,28.12974,123.61933,115.52785,102.48326,106.50025,154.39197,69.262566,100.0336,369.73663,108.97281,85.07516,95.54429,193.17426,20.807413,5.357968,57.88522,20.971449,68.34594,56.064095,10.549604,221.00916,57.58331,250.35004,57.3855,3.7657866,341.3022,244.95029,199.70201,308.28806,8.272968,43.664948,215.85678,80.58533,98.00278,197.00899,25.249605,60.39285,46.07589,201.46506,225.35052,164.84828,65.371605,38.955368,24.555988,140.09554,79.81729,48.648666,290.3163,170.3913
SPOT_033,168.23785,66.58661,201.11885,7.468399,174.68793,226.48764,114.57958,418.06964,38.225403,254.52524,39.300976,174.22775,129.21358,143.25548,117.78986,52.184013,236.88133,533.397,33.670353,17.183167,407.72598,40.84775,309.40747,188.45181,8.394726,93.76073,150.18724,42.224224,123.88675,98.59302,126.99683,152.28714,118.24176,130.02252,10.78376,22.275835,56.171185,154.48868,227.33333,344.00867,102.14052,1134.9629,1747.1584,1384.3699,138.94658,320.78073,421.74704,110.52687,35.65325,234.11258,156.20499,40.932915,160.17206,172.94032,45.74298,125.46918,70.53863,186.22765,117.12017,76.66398,192.71996,141.17776,123.929276,42.211357,286.0465,90.20327,87.59361,1.8370081,11.409011,131.11026,164.26587,126.25018,152.1492,108.680664,272.75723,97.51919,301.36874,162.1658,182.2834,316.7926,80.24316,90.67001,94.66871,43.900368,214.73521,70.69073,66.86317,319.67682,176.5704,138.74646,258.0525,34.46113,119.19038,269.7544,214.9586,234.19836,359.70212,126.95701,89.2378,115.98992,122.12906,54.989902,107.52859,19.875248,215.49213,138.7876,180.14769,140.70097,152.5729,147.34703,165.94855,153.25378,236.84354,83.87117,148.13794,7.4775314,193.26471,82.49723,128.66531,323.01447,278.07144,108.73753,244.98122,11.662443,137.77875,265.98965,44.189762,45.933693,306.83194,14.964035,148.21617,170.21402,90.78571,97.43384,355.82788,89.13872,54.782074,56.327217,111.34015,357.42175,22.235256,39.011723,46.659927,22.389257,149.09288,21.63574,81.146225,37.743492,82.35755,78.07457,318.9414,114.63663,120.78267,197.25105,198.80132,78.03749,40.063488,302.7544,86.04681,259.12946,25.167847,42.929806,159.40387,320.70325,245.64174,9.445293,49.740353,78.07494,38.820377,63.458324,79.3624,200.96117,177.81508,82.65675,165.19827,55.871304,118.23039,194.09671,64.60516,187.16278,332.75937,235.37567,49.258823,282.03384,107.83615,31.621267,174.32706,248.71844,138.60902,271.1065,78.993,205.03107,442.4705,176.53767,20.458231,287.8422,121.16406,54.91537,72.02154,104.969826,253.01657,36.132935,378.4681,121.23714,154.47888,98.32752,101.32392,19.340078,13.8357725,236.42516,125.36299,335.5559,120.83536,16.055676,50.616646,22.215445,80.02656,78.09034,135.56111,202.12463,450.5709,87.11718,125.85824,289.37543,50.330288,22.89589,85.10671,490.04175,29.905312,206.95346,58.38223,186.53925,153.9869,49.252968,189.4193,85.5962,214.80765,329.97067,183.23227,233.28876,32.16256,135.52039,110.68994,148.52986,40.722855,201.2281,210.47675,27.02661,311.84903,70.77618,6.156843,153.83243,82.25853,253.4808,13.87415,190.02496,197.4859,112.08092,90.45833,218.17633,268.77417,30.381252,50.963547,18.37015,445.82257,90.1962,273.48053,20.999115,185.59908,92.36291,318.58435,163.79326,115.204796,64.15427,119.00468,36.102814,14.0260935,98.92338,271.6054,201.30086,255.48918,40.319096,132.6174,111.39485,113.26208,524.5397,229.87523,194.9739,42.047115,381.02457,150.51508,47.849106,193.91286,3.2151878,60.22869,101.81392,49.053238,185.47897,232.4644,55.260548
SPOT_034,52.51189,38.539978,88.0435,9.930715,0.10952682,215.39288,272.9009,271.35953,1.8038074,123.965,55.974865,72.45292,120.4989,20.18276,344.40125,173.7082,161.36995,493.27676,213.7369,93.821396,236.9117,35.742455,371.05298,77.46528,229.43756,166.44992,119.28446,15.616993,95.91053,147.46796,171.96994,215.55582,160.88695,198.72461,268.24454,26.354572,209.07056,33.277817,271.0346,151.19002,303.4263,116.323616,86.13977,92.81892,291.9373,93.57015,239.84096,113.65534,143.83226,1.1036611,100.46398,178.98817,95.04648,138.31839,8.837052,243.30736,123.46028,47.20204,78.42795,5.917407,7.2553864,161.08742,106.3963,28.15367,137.46027,72.132706,76.78793,22.449268,26.68012,90.947044,66.06407,70.27365,354.3763,169.15239,136.90813,102.76938,21.303013,70.47921,24.721437,214.13568,62.21166,11.175965,187.5943,41.991306,21.866144,56.524067,16.849623,1.6608586,105.60503,135.2101,179.74268,250.55699,158.34912,31.368067,18.561165,48.83338,424.02664,283.42554,195.56642,80.23678,343.34833,175.92554,339.77252,173.73854,42.972828,229.29073,2.6449373,69.509964,27.84426,128.49794,17.8226,94.03465,102.02639,145.96448,117.67356,164.77254,220.08812,300.3685,203.92674,370.87607,45.360676,107.83516,186.66095,49.58682,32.81044,236.55592,24.954304,89.66016,92.90935,191.77644,139.46439,95.86922,341.1913,27.059107,36.00608,12.061808,147.90256,292.23526,94.98626,202.91139,81.13325,360.30707,117.231735,174.26315,111.13716,121.21456,159.8047,251.72711,140.61156,38.76989,25.40061,274.49728,24.080288,154.87892,124.97875,463.09546,89.967896,358.4052,65.02144,22.048367,15.724337,131.54637,44.15251,223.65015,170.08357,116.24358,182.81938,96.87808,246.50348,317.66867,139.36859,40.259983,59.510387,101.762985,25.813072,103.56421,172.91039,142.46953,30.925884,26.39372,422.8395,170.98003,165.92827,17.99787,60.325768,24.360163,221.30913,74.14618,326.08005,104.233734,448.40906,219.01022,196.13332,64.67136,129.10744,154.69185,84.64603,269.73834,48.911407,336.5517,11.394581,14.145911,215.70634,2.580556,75.88482,188.11009,21.742243,135.00409,207.89957,34.85912,0.526674,32.02351,192.7203,94.97768,0.6448683,35.039463,229.03711,39.133053,153.8827,1.6911638,190.13193,71.55499,2.4156873,2.390956,171.79895,91.244835,7.236852,90.35856,199.16312,225.03888,76.04926,184.98938,56.79413,8.614607,45.180637,32.29455,272.99927,62.867138,290.97388,118.67834,57.294186,97.491745,15.662741,104.96211,87.61347,35.516415,139.23857,189.1694,61.261288,40.630074,82.01644,142.77982,164.81769,213.5548,177.99702,88.35712,95.74767,473.82953,77.38202,301.97256,227.99376,178.13718,123.58882,152.22408,48.22177,127.58008,147.48149,208.52495,220.28285,170.87337,94.31982,16.693752,89.46553,171.56834,65.339226,211.25346,178.90576,207.52438,342.11682,70.79312,199.16228,44.252697,240.78134,110.19089,102.47208,12.900339,43.627583,173.1979,177.43195,139.2805,181.45917,15.295134,195.82074,123.1636,127.036,46.909504,267.7274,15.696898,224.51465,24.388447
SPOT_035,887.80096,240.11967,139.99231,51.085117,11.745203,137.48396,70.50071,338.85373,88.56073,203.59235,173.18542,0.04031064,17.122478,254.17361,29.788483,782.5731,203.10149,229.047,280.83075,381.11835,162.85913,26.21106,340.56604,11.184492,41.12679,43.4257,101.3546,170.3816,203.4948,5.5452843,277.33545,94.76682,78.26305,146.80696,292.1355,218.4234,790.18915,210.9481,327.4292,336.3349,250.88718,33.14149,12.435335,505.91312,48.117065,80.714386,63.77569,162.63373,69.748436,128.2508,124.07924,253.88412,233.59111,263.17987,181.72548,272.62323,49.326992,47.866352,18.476744,245.44931,78.91692,110.08829,6.761403,27.363403,413.99445,259.44153,232.04373,118.15318,86.3145,293.2773,332.65982,93.918,217.52678,74.175026,200.35153,77.951515,33.558556,86.28371,69.956505,48.35189,195.95427,504.24713,87.690094,399.16965,151.57777,228.1098,148.7062,57.897476,71.7683,66.60404,50.283047,66.76759,14.614774,150.36002,60.493576,90.02031,89.9206,159.19965,51.86701,64.59265,213.98514,119.70827,154.03366,213.46588,32.92462,333.6718,83.18774,19.654757,204.23515,120.945114,36.59729,201.9966,248.96442,122.42742,32.720623,52.99542,67.257614,47.26362,230.64902,340.14664,75.803444,80.62753,82.30047,243.49663,215.68057,51.39749,233.97682,128.52751,167.55974,325.89404,218.68994,19.03867,59.720177,275.14642,55.897133,200.7391,142.76425,214.33424,82.87062,5.0344944,49.250626,108.0912,192.47107,37.476944,141.79004,40.73261,353.4395,60.3289,65.31401,274.94305,39.494217,42.287064,69.764565,299.76923,153.10176,261.81693,258.12018,159.59505,121.09622,212.1431,252.77693,44.142452,170.93547,308.7168,121.97468,1.3813314,153.34723,164.67621,11.841245,108.14934,140.3453,10.827809,157.10129,165.62741,265.8896,91.85241,198.48456,32.009365,95.358185,144.87407,149.8458,17.16305,32.333466,140.24352,283.90112,153.0356,294.88422,46.727413,218.05695,90.9805,91.92311,156.9104,192.33891,15.942792,123.24867,193.8518,248.03539,386.76712,93.81884,375.1797,100.48145,110.30856,75.86694,228.99574,105.8683,127.16559,5.807666,160.88998,32.86528,99.82679,211.45712,380.88217,257.6139,346.17896,44.131035,273.31482,8.318089,134.8085,268.94556,36.251022,34.76794,356.10928,4.713327,12.831707,115.01222,127.52786,78.30947,266.0404,412.4327,199.52948,282.65866,60.608215,93.26413,96.88269,177.19435,581.86176,271.49594,180.04869,74.23561,261.88058,174.94746,25.81721,148.74576,70.60133,302.0724,13.134498,32.712036,169.44867,341.02463,28.806963,58.58732,197.9252,404.72937,202.51733,104.5334,0.62655276,26.106064,21.903963,73.45729,162.59276,168.14546,78.02144,57.56981,288.16345,280.15488,167.92116,543.3402,284.2101,143.05653,361.15356,222.74362,284.10168,158.15787,242.76479,358.94226,38.97985,283.0015,55.342964,70.19021,13.479765,224.38116,293.59216,133.40927,145.39313,284.46115,164.98218,190.33691,14.546803,313.57486,81.939705,46.577595,89.46945,9.845076,79.45556,153.54274,50.061577,342.6767,86.91799,7.8678713,220.10542
SPOT_036,102.205414,92.25785,52.215824,7.9020963,167.49599,118.95141,103.533554,2.142148,115.22637,91.442215,128.37462,40.734756,18.031097,38.686672,82.75345,61.035892,17.281668,36.373413,0.7563448,306.9652,178.33264,11.556683,283.25323,66.97467,200.74437,50.095848,66.97158,50.560402,99.50237,107.15502,258.45416,51.222023,100.98915,45.15006,296.1639,42.329678,124.06979,123.2993,98.84277,107.00959,230.33661,202.35602,149.27766,106.48279,68.62271,37.289104,228.61586,233.10127,50.78249,113.55543,155.59746,124.69964,36.8473,69.569084,146.45963,138.53996,57.610474,236.77888,179.07637,96.09203,26.93447,240.65604,2.225869,59.09777,9.014507,264.9076,31.98565,143.03865,128.03758,107.12361,233.7648,50.745243,123.96829,109.752785,255.4316,350.92624,120.0994,177.07248,240.97026,159.42027,153.1409,131.18224,86.70907,43.668507,155.82144,194.63705,150.80815,152.04654,236.84795,116.41391,14.915671,85.2006,5.364681,94.42525,60.492004,48.384888,271.8983,123.80118,121.862015,67.390205,166.77238,96.03786,272.59454,98.76608,14.852433,306.93738,150.2694,60.588257,97.74394,125.449455,13.426682,61.847557,258.54346,99.023125,144.0528,3.2270343,6.3756256,94.8719,184.25874,51.42358,292.55945,245.1015,304.61636,46.74981,6.3668547,195.60794,138.8285,90.52374,188.2251,37.605232,73.26286,333.1406,209.87535,18.484293,44.61233,192.65771,123.628944,71.69887,448.63013,118.77293,201.04935,188.59949,123.82238,62.489063,165.19899,217.8299,116.08712,142.78725,135.98294,401.96088,124.732254,184.69574,151.8822,56.895805,120.69776,27.251549,387.64584,40.395607,62.93076,24.029894,535.1951,227.81456,134.65637,52.498608,52.081005,30.640282,114.3442,184.72363,109.84231,85.45358,67.959854,32.76728,329.53387,88.77522,174.30046,44.694984,135.447,105.85955,196.069,68.76607,421.6461,53.940956,73.08525,96.69237,169.95866,35.12917,299.7454,32.16724,112.46721,144.88966,17.522274,140.17938,107.04114,76.06232,236.24796,43.453644,58.5453,212.26736,142.4052,51.2632,212.07236,77.91307,199.93558,135.93329,195.20596,38.140118,83.99141,132.64224,10.061364,14.146343,37.201973,23.27354,24.052992,139.80493,169.49142,13.773251,31.399908,134.53726,239.74435,235.43356,99.83496,292.3052,137.36562,166.04662,22.387703,287.65997,39.009537,255.02823,65.730415,44.081516,108.59344,103.240585,300.17975,178.30203,158.0619,177.2903,20.488459,77.93513,29.506332,133.67865,91.09607,203.94762,40.442383,193.50383,0.7673288,154.69456,261.97223,105.84334,33.583187,390.81473,259.9818,301.0328,69.6867,0.10079862,148.76155,134.09618,151.1295,121.692726,102.94714,146.75835,212.61623,112.0705,322.02225,181.28122,228.78542,58.873215,53.630886,81.57995,265.40677,73.549934,125.55755,291.38806,200.72273,13.179501,117.95895,35.094185,99.52633,190.46637,211.86569,281.22382,160.01779,311.49323,97.19116,77.39845,238.20135,5.95224,39.75152,7.7083883,530.44275,288.8523,88.380714,59.36815,11.119691,29.417007,107.51021,110.98428,235.27771,33.492317,101.08322,35.760445
SPOT_037,66.7562,178.44019,173.84882,42.60908,122.13894,337.47583,93.963715,97.77627,34.705093,241.11324,153.29109,173.90256,5.9154077,68.900116,20.967903,88.05813,79.28901,13.504861,196.73265,174.68327,74.40697,9.830121,118.317795,56.56814,190.94402,161.92105,183.2857,195.47336,126.224915,175.70497,283.73563,71.05633,65.25775,209.27666,32.460964,241.7777,172.68388,212.75919,96.82991,32.92228,209.77948,264.71915,238.55064,242.29861,213.32935,161.69446,124.87799,61.64116,229.9268,163.96327,13.317261,73.677635,220.27408,445.9511,186.93735,200.30368,72.51002,30.479193,117.99979,325.0204,238.50084,175.0203,349.6627,424.7306,408.41852,33.921646,228.68788,173.38078,19.437063,20.336603,161.0026,60.187454,213.44667,58.45355,119.00752,91.845406,47.162983,168.01614,65.109055,32.16056,607.60425,80.937035,137.50252,70.271,83.92093,187.46155,180.60585,98.72339,148.57463,310.7185,28.881008,50.419983,50.502907,110.88496,62.298767,152.93607,344.31323,319.91306,87.0914,7.6197414,163.23015,261.33026,119.646164,21.793577,245.80087,8.369385,81.00984,106.124214,87.63157,301.9031,179.1948,14.662078,121.588356,103.95306,91.18578,200.15161,198.806,22.888548,115.53824,68.957085,166.15303,48.508877,13.730067,299.0846,154.85986,498.11856,488.66705,270.33823,46.981567,1.6967449,54.534935,106.04887,34.671448,25.919996,16.96909,32.66299,236.43501,7.1225505,29.420595,23.192932,38.849537,204.8144,63.657463,40.918663,233.51355,14.287705,38.603386,17.349236,222.72656,46.39042,231.00381,18.64582,154.70274,122.28716,54.84021,111.69016,491.2928,0.93694717,82.72896,191.38655,99.58338,103.26657,8.637444,246.11877,56.92928,245.91866,50.567127,145.61795,197.02124,222.56812,336.62497,89.85636,129.32712,141.02382,127.487915,139.62155,340.07083,2.0465837,76.708176,176.46988,384.35782,60.578087,55.478867,62.41498,116.08125,131.29868,94.26677,245.84328,141.35722,350.81335,132.41792,166.66275,211.89758,330.14423,318.85605,221.37895,144.67026,84.55137,54.10249,80.45596,39.475605,6.35317,130.11026,391.5988,178.71637,98.86296,44.474297,203.34013,88.34516,203.57773,22.647484,193.15645,152.80284,235.56314,27.630125,155.9606,163.22118,73.05305,12.573337,143.54738,68.49366,124.32616,25.683914,288.66632,82.73472,164.44931,24.041775,121.6196,143.42062,82.5117,62.88544,61.577908,91.370125,198.07072,256.4948,175.40146,41.323074,130.38545,607.9983,92.82953,14.099553,92.78446,86.429214,5.4253187,20.156748,82.20584,49.1674,241.97122,249.21089,45.366116,241.42674,96.93057,279.77084,246.56061,132.19666,256.03613,9.609169,113.05853,122.539604,52.60778,239.31618,106.096214,155.05981,17.54801,40.7992,116.846596,81.586716,309.31912,232.1417,225.67227,137.67287,323.2769,42.817528,45.829437,199.72969,302.64786,1.5049417,175.65063,105.291626,10.207196,86.19256,4.898544,257.35037,255.76093,36.570335,28.917593,153.17688,136.31476,108.92394,50.450886,248.5174,74.172806,94.53048,429.93567,150.18088,124.38979,21.303036,144.60489,6.864222,37.89629
SPOT_038,91.67009,128.95097,115.0173,738.90265,198.39522,102.79847,138.71123,273.7152,56.62826,275.4334,115.582886,364.784,72.395615,44.73812,6.190883,520.2083,6.2230005,92.026695,54.42292,151.4938,72.95002,109.791245,41.736332,61.56312,207.62686,186.49843,597.8006,106.23995,14.737351,101.46126,48.36202,62.581238,392.36194,10.230633,302.31052,217.49464,134.75919,229.72751,66.817215,3.2815795,3.51547,128.4532,97.917015,76.92769,249.36488,106.74973,69.931274,148.60027,172.99683,301.15512,104.68454,153.99498,326.29102,185.85599,439.42606,109.71178,345.11182,149.23772,133.53177,68.71882,105.91851,78.751114,103.92157,271.79877,591.797,25.40694,58.633003,20.400204,43.691147,22.091204,231.65051,22.418726,209.28787,29.095882,83.59232,256.30182,210.80144,19.3545,230.17245,220.66061,2.722187,60.53813,67.432106,86.43053,106.703865,4.2109127,428.89725,198.23878,112.86915,217.35057,146.48645,32.484264,40.777695,233.62497,227.26393,10.350534,85.58725,119.48995,43.39138,78.12601,99.65294,75.65577,106.52421,226.67107,335.31644,22.439411,197.90349,63.298836,213.30125,191.07164,181.51486,16.932571,120.30447,251.0151,7.2066975,275.94226,55.772083,141.32278,151.91125,51.06352,236.94208,523.5589,220.09506,164.81381,147.5487,60.52733,52.206806,70.918304,107.29467,171.01883,219.27168,71.33755,113.44178,282.68552,174.84198,251.11835,280.28894,33.661392,112.66778,246.5763,115.45484,199.922,49.57132,164.4681,33.496742,233.3262,40.23428,267.11624,261.34677,170.55554,225.55048,16.24372,211.68198,204.25835,77.425735,91.53636,76.07315,362.48843,21.299438,200.89156,30.813686,205.72966,213.29134,288.8882,192.50053,0.74566525,33.258358,44.624886,102.57774,121.68978,178.87325,45.55563,75.57246,3.9083433,106.406425,59.162827,96.725266,84.33424,218.88118,129.4779,23.503584,83.03953,78.45432,83.577705,99.9718,194.9871,109.07821,169.69954,55.363934,174.19542,101.60967,209.11523,419.94296,233.26701,2.2636385,156.13101,294.62433,454.2072,106.23863,21.689535,334.068,87.531715,199.14194,18.298037,97.9694,193.9939,144.78508,40.641846,230.66837,134.7861,119.38921,468.44638,85.96599,165.1071,66.08055,5.686021,62.896492,162.55048,39.145226,163.41344,56.599884,238.59004,29.967403,174.81418,391.9177,328.496,132.97296,112.86501,451.49512,325.2346,268.90707,59.518562,436.71204,66.30336,175.90741,32.34517,8.903983,45.32016,37.7352,109.528496,66.09596,5.664847,271.71432,534.01556,91.7797,129.19296,206.45332,11.676859,37.425613,177.4707,268.40994,54.096478,48.05564,302.1433,382.32486,124.20226,263.85046,196.65681,94.04014,80.74744,158.72733,106.41881,278.64148,113.11969,18.256134,135.66737,151.69933,96.970726,17.5669,303.0088,290.40628,1.3811748,238.52829,378.9156,371.0742,144.03156,3.0061562,65.72393,198.74617,172.427,178.31773,51.60991,351.34723,14.028713,212.9221,91.255745,200.49522,503.99356,54.802444,235.28438,102.912445,317.24515,267.10022,84.44353,90.569435,182.44905,113.32696,221.86603,77.18601,262.08835
SPOT_039,108.67194,113.05417,299.0168,278.96735,92.44967,134.94565,136.55974,112.028244,202.75082,17.749512,360.34604,7.931634,205.34145,52.741585,105.393875,300.8398,66.78967,132.29552,152.3517,313.93857,38.478645,180.59433,64.64369,234.08104,258.0992,125.222534,95.27399,244.09921,90.02749,95.76404,185.41548,440.23853,168.54843,34.66916,139.11006,20.519379,61.19707,351.53,220.59624,24.264256,3.300852,21.133854,19.550999,20.892746,157.15189,109.6172,75.40409,546.1181,53.963078,298.0151,116.33763,265.40952,166.72304,47.12053,107.884026,222.37772,17.105019,311.0993,74.47575,43.641033,12.277221,147.23857,312.7835,15.361912,12.60836,130.57538,33.78629,186.9722,1.3231214,194.9113,346.5472,130.88205,104.23108,84.07637,234.52711,119.70574,257.60056,12.60536,62.550053,151.61322,14.372848,110.08893,330.48096,79.411804,204.54753,41.69665,118.08626,200.09367,288.6959,122.28865,279.18472,270.93527,283.62967,3.382292,238.12671,99.30153,335.9243,136.8512,311.27414,268.39438,0.08616926,6.145901,92.335365,79.833885,13.004845,101.189224,255.97052,38.70575,193.206,156.52306,145.75238,225.22104,51.15382,282.20245,116.20765,126.71364,160.17426,75.73798,21.709538,119.21524,98.3099,254.60335,130.13945,222.79286,201.28174,147.94586,302.53784,0.4043163,147.24039,22.143362,99.09611,111.01141,77.97313,288.6713,259.90723,3.4723587,4.0155373,61.839825,337.5406,18.812527,107.67098,175.59593,138.22878,94.75035,12.85575,19.592752,185.93536,235.79578,410.98297,38.417885,84.335625,27.408487,221.79675,78.72708,101.4927,418.57562,42.7162,185.03262,70.5686,5.0976477,75.84485,182.75264,112.18246,294.68192,31.106403,203.2316,11.988186,400.38913,60.64259,81.409386,301.61453,34.919064,73.52737,155.03186,64.15688,274.5334,35.06213,54.955647,53.855957,112.247444,15.002164,60.008408,59.66989,14.465219,7.2941294,137.01132,21.715746,62.979362,32.545338,128.63954,64.784,365.60855,164.28218,50.15814,69.74796,44.49089,59.623077,50.263218,307.83154,186.69087,113.8649,223.71689,408.4339,175.87299,43.679966,464.45255,97.78625,325.36615,124.137985,9.5782385,45.66304,236.6548,24.29824,129.17505,198.67654,46.727215,139.29788,151.38742,103.38954,89.52651,128.61896,55.6298,24.109539,110.10477,89.4377,13.299649,439.1774,54.223644,110.01394,149.83011,88.51799,391.91284,71.866196,163.2367,67.66708,47.013218,142.51414,102.94252,115.4001,298.59656,177.22673,142.32101,141.70973,82.72359,363.19965,7.9034944,103.90722,261.16434,148.49292,216.14743,229.33145,459.4572,72.4158,538.8672,149.63182,88.37081,249.27681,71.39303,149.96547,191.87347,3.209806,6.762035,216.48088,178.20247,148.51752,8.3630295,14.01943,277.93668,69.30993,487.36185,47.27556,261.00296,173.87477,146.1905,119.400894,247.52689,36.62676,253.9444,64.20017,402.65482,239.28464,51.211857,454.22232,54.168354,115.68908,129.71506,13.925471,160.06743,458.28983,308.21484,94.053764,261.19873,73.107254,170.4569,81.24256,212.61485,13.108037,150.84253,18.125257,170.33649
SPOT_040,211.46654,338.21658,59.00311,7.498804,2.8635585,32.48929,109.87917,6.373339,66.250496,73.36608,110.072845,141.7578,116.37513,152.41881,3.4198349,93.82586,111.31329,130.94171,114.87312,38.290703,107.33844,95.15426,98.386154,208.35353,173.90646,88.42933,202.96635,440.74564,252.65091,170.86737,77.63109,211.34563,22.37417,14.175519,235.0049,128.39597,47.1501,420.49252,312.2573,192.68428,58.843952,18.25341,17.640173,145.77515,300.82724,45.26886,117.91404,59.200478,183.15565,83.32495,193.5703,199.88997,194.85667,118.826614,30.300774,43.104057,246.75157,287.08563,2.209776,51.10702,103.860794,238.83797,108.72538,39.456753,121.21719,29.122477,62.41032,60.66475,89.324745,266.9099,126.86211,145.71754,52.92295,270.56793,188.03998,81.87764,1.9690294,79.171715,301.75623,130.68648,226.59952,17.04265,145.29883,10.415909,144.85533,280.4931,142.2704,93.69225,222.46977,363.61017,105.86483,235.91624,1.3060257,56.107365,119.11259,41.07371,242.1211,108.34149,127.64059,29.20018,294.35223,165.35097,26.978046,200.21263,83.47015,210.15015,25.256922,363.20517,20.0202,58.918606,88.51313,137.41075,82.110306,90.46346,59.200108,129.47897,30.544767,86.75421,136.65303,147.83154,170.18951,14.291348,51.306255,55.15118,161.77081,109.40579,24.408222,141.4787,211.13419,94.27667,352.74313,56.383503,187.72708,66.42937,68.93986,78.13233,7.714124,13.369265,164.0868,178.21101,208.10292,199.57768,66.12486,288.51196,63.46676,126.17502,193.20123,146.6432,56.01749,196.3884,397.35858,47.31129,212.05573,202.34988,126.03777,171.02745,19.093063,127.4025,118.709175,30.687243,74.71644,126.92676,42.35709,10.171381,280.503,119.2151,124.26333,15.4555025,13.66178,14.457523,454.41165,66.75334,366.46246,97.70382,347.82697,59.363686,357.71582,156.88629,273.7299,69.148834,0.09708527,54.533215,18.81925,250.97359,92.433846,346.00043,73.658264,76.66643,257.0521,163.45206,81.547134,193.16124,46.95591,143.97972,127.38209,91.17619,118.52525,31.30623,152.70801,3.1372116,59.555435,302.1811,235.75175,86.67137,266.6226,136.5926,149.93019,105.78508,233.70021,195.74606,249.46681,1.1401453,389.0092,221.51624,219.72873,78.0031,66.73871,13.022546,9.363717,22.891304,100.48178,31.072742,169.7748,80.2706,109.253426,240.32028,244.48625,16.589846,174.04514,130.15317,55.720016,97.80113,154.8943,13.04599,28.170689,99.31281,414.30148,137.35915,180.88745,70.704185,195.59451,18.506563,116.83681,165.69173,281.20773,530.14435,45.092556,119.3566,81.51738,47.918327,166.6739,233.48958,426.3002,154.08865,303.12073,127.6252,146.89459,211.74193,229.00278,128.34465,350.52118,16.080456,200.16843,99.272835,271.246,26.318665,108.849396,113.32051,159.35876,139.07465,363.78043,30.59005,28.96289,213.90924,34.88377,184.87265,38.80223,48.270054,49.196026,216.77937,370.18546,84.75297,118.100914,138.45876,25.127121,109.2231,44.24746,255.17516,59.809086,110.25916,83.11411,234.72057,202.75807,288.35867,176.04053,228.69527,62.03427,114.52623,140.14566,115.93169
SPOT_041,40.87135,13.899908,233.12672,72.88944,150.95837,122.56359,122.7588,187.51192,19.860487,341.43997,294.3013,79.38645,150.94452,235.79776,69.728714,135.57843,328.79648,413.27258,210.3701,44.15535,246.61656,148.20422,356.32697,74.41898,170.94606,49.4043,215.37271,437.42203,65.84053,12.885425,159.10612,25.75529,91.14961,120.723694,424.0654,236.5713,54.832077,102.991165,88.06212,84.93659,69.01523,206.40907,629.2765,580.7547,662.7519,153.00655,37.41358,8.1080065,118.20787,243.99753,116.57749,59.401237,426.42438,35.523926,166.38432,102.09922,89.317055,8.448534,100.10962,26.776932,277.21942,174.32979,93.74298,88.719284,134.9889,303.63785,45.42363,105.06806,133.27582,120.57921,53.069523,35.230495,96.83567,171.51498,152.04192,11.112242,31.175575,328.61072,81.926346,139.09111,13.911343,427.4039,122.92832,64.99569,71.112045,13.71377,59.170464,253.22589,98.37869,17.571726,221.14299,396.4038,240.3853,139.56822,125.24573,28.679144,321.2206,29.776329,238.95135,90.21188,136.27008,124.18925,36.039,123.01465,409.171,18.689262,154.92337,149.91539,150.54094,335.96066,286.1812,129.62772,43.38779,108.70507,272.1722,27.7016,97.09736,31.152176,231.13445,30.631056,171.87643,277.3364,219.83353,155.59047,57.712406,109.35377,128.8741,15.308254,43.101917,49.163788,242.8783,276.84293,289.8039,58.96669,139.83517,44.6852,55.670113,38.289585,41.48278,121.13464,53.023823,116.43053,113.255936,259.14694,153.70566,353.1723,142.56064,214.80818,57.587017,19.865656,35.206783,253.62827,98.842804,95.39873,76.40566,90.465576,157.45314,55.466576,322.76764,8.697542,276.6647,393.1615,173.82022,29.135658,46.47649,51.95847,52.20547,75.92891,274.71887,138.15164,266.13248,188.39143,57.125275,27.944288,63.196434,247.72177,39.742046,72.99061,96.11654,320.0765,42.63337,24.155582,165.66455,190.27063,191.20326,24.45715,52.7683,243.62129,1.9001583,168.50764,126.10717,22.22236,196.11241,258.22455,19.170973,97.68544,165.467,134.25418,33.22998,208.38834,91.9324,183.2309,136.5235,176.29483,24.930183,210.63463,0.9073566,79.779366,274.6107,99.38242,140.47284,21.153172,63.75935,150.8719,28.302551,10.606744,87.43449,379.24924,159.92044,15.949099,0.5756383,94.47471,170.99922,99.49514,138.98682,117.606316,192.81508,239.9779,135.36835,3.6903112,0.057350066,100.31064,48.615192,195.85664,126.56816,276.01056,126.57929,58.385876,201.63579,132.01044,154.63876,130.4158,58.262897,47.97851,117.14286,136.46948,41.18118,30.184475,56.93338,208.56006,91.45579,286.35223,94.270996,108.99792,78.2523,269.13556,1.4520167,1.3875573,201.89633,261.21945,15.759638,41.953896,75.107765,15.013932,198.49976,78.267715,95.998505,62.994614,300.95505,85.08461,192.62852,48.084534,57.39073,298.57944,136.62234,200.19354,280.6528,8.779728,224.35081,205.55748,62.657154,70.43398,17.397703,290.30045,125.86394,10.793314,255.572,48.692425,289.1885,90.970024,209.34052,253.22536,148.11618,534.5117,264.1277,143.39026,3.602485,135.65598,141.05888,79.62053
SPOT_042,225.38863,22.13441,66.00918,62.435516,154.50719,65.73258,52.43106,143.14217,73.83788,55.812386,39.3424,300.38547,275.14584,280.29358,13.573644,88.01811,301.66537,555.1537,72.06629,43.61241,191.45735,5.128042,128.7923,8.022042,420.4675,77.22712,21.912706,60.51667,39.556454,258.0415,347.26862,18.498142,26.251997,173.77132,4.310349,249.65279,186.46492,153.7988,98.35181,64.53766,261.02936,126.65443,203.79295,792.88855,222.76112,290.21606,215.54794,82.16921,323.12326,249.40353,244.68935,245.91808,271.6632,68.78109,28.92339,290.66098,242.04333,117.23957,85.17907,110.95097,72.01034,9.918262,162.41708,59.947163,65.9941,114.354965,24.614368,58.31655,90.402245,292.01773,20.403864,23.679295,55.913265,31.030685,285.34427,64.16588,116.56907,88.836716,186.97087,36.27533,86.16261,28.096333,123.75913,283.90134,160.84457,285.64194,442.87845,25.232029,211.00949,16.78692,72.90199,23.295902,63.56163,5.5529084,123.00858,199.56139,256.18768,24.010258,249.56808,94.29177,33.117958,90.997,181.44238,138.44922,91.92171,169.00359,111.88693,239.97906,591.1413,140.99475,48.06068,156.42563,22.402193,156.08824,28.690775,16.428942,20.444736,260.52866,348.8571,169.4761,244.80424,38.314777,173.06493,9.308303,123.79749,179.15453,146.65152,55.01377,8.926529,73.41823,316.40173,102.705246,262.31387,367.2624,72.81271,33.27753,138.54727,113.3946,409.33685,169.26654,278.85645,270.7583,214.78362,50.61824,55.205452,2.6899343,355.0644,143.33223,26.28191,77.066154,257.94727,394.49487,212.68199,39.623253,313.3261,71.832695,75.954384,148.45212,105.62433,48.427395,208.81485,245.11696,105.61406,13.811914,33.021763,111.48287,2.5887594,34.237972,43.813164,20.743176,233.62923,116.29498,126.22601,130.15266,27.68558,57.388866,195.33127,228.38538,500.93286,15.68671,205.36127,245.49622,71.96039,122.537964,66.38459,170.26938,35.650246,366.18405,175.75659,175.56042,80.80969,314.6644,302.87656,61.604122,450.5828,4.4063406,173.28033,114.055176,406.2105,289.26343,287.05716,182.79134,41.019173,17.209358,172.86356,315.91837,37.86437,57.794296,69.914024,40.08889,257.31354,54.55669,30.679739,130.8367,99.74573,110.59623,17.347881,98.55717,203.10324,227.43701,257.686,130.10043,34.860603,115.610085,98.210556,86.69049,29.386013,264.22528,82.64903,198.02562,169.05652,120.81799,29.031378,247.01021,89.348694,194.30531,182.68498,107.8745,71.035934,64.493965,151.7584,210.09772,50.685013,32.73481,388.29886,6.588658,326.56552,210.66904,283.17834,201.61533,214.04337,316.0983,140.79231,82.901886,210.41656,326.09518,129.3141,40.143654,1.8878369,252.01016,295.1922,90.60422,96.05276,261.82104,34.294533,52.4474,58.87354,27.836739,89.014046,203.49368,35.52707,20.476383,41.701084,13.02214,229.1783,237.20396,398.56827,147.1562,148.97835,151.83905,55.222195,383.96143,184.80789,30.674774,24.39324,40.09468,66.4051,2.0973074,21.738684,115.03176,176.76198,77.538895,239.51685,138.77982,62.723915,178.9205,7.6082397,33.50668,224.75941,141.38687
SPOT_043,375.52444,18.005014,266.43295,347.9941,849.9486,318.51184,11.575882,218.29332,116.73842,7.607352,29.769258,127.213776,313.44907,511.66687,50.14525,285.9618,17.535122,46.743633,149.77269,195.29424,449.6965,72.94321,93.541405,464.0927,80.07448,19.283688,242.40114,67.16203,266.16125,401.3418,129.50504,112.51933,169.76866,1.5967678,204.06392,238.46994,694.99036,129.77805,363.28214,238.07121,16.822529,70.568016,155.6813,229.54445,213.45341,149.77657,147.70935,175.35013,357.00726,41.675125,117.700676,274.88174,381.19138,220.42024,184.47957,179.05891,111.417984,141.97572,184.95949,228.83116,196.285,188.0965,168.83162,287.75656,262.23438,112.45907,86.220474,153.64194,47.48744,43.393696,33.67337,149.8321,41.104942,41.67739,206.36493,142.32352,141.48311,206.85233,94.46266,158.12978,230.6547,12.907143,162.77313,142.31119,146.61638,342.47272,149.09447,262.7616,83.27327,81.93162,43.61186,106.15666,234.03177,414.8743,222.63693,97.97189,14.059622,94.92541,277.71988,221.57613,2.1125464,94.93896,289.9805,165.58167,26.672136,159.5997,146.80652,62.97528,116.92464,61.689198,194.11673,179.5964,225.34601,346.74216,118.432465,235.96416,313.5697,193.51862,61.43481,45.66775,28.656307,182.32973,32.31537,421.9297,24.076902,191.12125,144.94318,6.560518,105.65478,59.753506,91.81778,103.06549,29.940994,222.51689,372.59058,153.78648,335.29675,113.28735,126.338806,240.9335,161.34,87.40622,312.82288,175.51779,241.4034,275.03668,215.41739,77.78164,8.227936,78.93441,50.750797,284.36523,42.941902,390.05267,161.62956,3.542536,67.15056,195.32547,27.55507,75.11928,94.361435,390.6814,83.60414,207.02463,11.896965,302.05002,431.72086,95.59532,178.67862,98.7849,50.748173,82.16965,125.71652,82.83559,1.2572849,114.515724,72.20489,333.89774,183.58714,96.24671,185.32204,66.79153,91.487724,134.60132,22.551592,75.96106,217.48946,85.55821,144.48991,349.66388,81.247536,27.63512,81.238106,204.60477,222.38708,114.68143,280.50912,122.25995,17.842644,7.084036,47.49993,261.83066,19.950548,256.76352,64.50013,383.15686,333.2856,147.33878,98.43092,177.81445,228.75221,58.97272,156.97624,29.923574,482.33316,108.8125,314.0092,11.045887,297.81186,86.91277,56.65726,189.23793,165.99947,4.4455757,62.954605,444.7194,189.56186,89.009636,239.71455,169.39198,4.2512364,218.90984,78.831406,0.27261052,27.49139,86.88829,74.43563,153.46306,109.78364,26.007812,6.0421767,196.08836,20.49779,2.7061067,107.936905,77.53319,62.969025,162.13953,104.243195,82.40705,142.58473,45.39834,163.11926,235.17973,305.7211,141.17126,227.73817,339.44196,278.02795,207.40512,14.694184,65.988464,33.3714,113.74206,162.7921,146.8418,116.92887,307.32175,105.16124,547.3236,174.24234,206.6045,105.471146,91.62812,117.78403,203.21222,36.04569,357.99924,106.08058,42.159676,44.14985,201.95427,51.457005,29.072428,77.781784,439.3663,150.95227,212.29642,154.16277,2.4951842,155.73763,138.28595,93.23411,321.43344,180.62378,266.84576,242.2575,111.32323,141.47534,105.98975
SPOT_044,30.054173,262.92245,109.93728,19.200539,134.47058,237.81766,557.386,5.141837,25.558102,226.23804,164.69196,6.854044,23.4233,270.74673,100.16384,93.09785,79.90071,219.80984,21.69019,249.71158,190.21147,258.4961,161.68402,29.454062,187.98949,617.2039,20.727417,236.11261,105.53131,112.58568,288.86478,30.492554,68.460594,276.32193,235.83507,155.62526,389.28223,165.78957,126.9924,46.06999,311.43997,139.8193,210.0281,362.7015,0.5247272,143.60799,472.55502,30.378948,232.87556,282.43784,95.41612,17.441618,163.46771,75.996124,39.231163,42.103436,333.92136,68.080734,86.311905,97.13786,110.27275,14.919658,57.734344,30.02689,208.22472,202.72289,43.27173,138.21187,35.02524,6.0966988,85.23421,32.696125,241.4394,16.635805,24.350851,260.4992,55.663906,43.436684,149.24582,3.899774,77.252815,14.399254,21.870543,172.03578,71.76632,13.92737,213.1739,46.20945,119.14833,71.820854,307.3588,165.00716,98.55478,130.60623,259.19174,193.61284,102.01687,192.3556,194.69719,270.40775,28.277758,12.362528,97.90381,148.65349,335.31543,96.25901,87.292,294.5343,269.05157,244.65623,105.90121,163.43636,116.28816,199.47144,122.84806,52.16121,419.94638,72.709274,25.423527,154.17035,133.9638,148.63843,246.79778,3.2345848,101.744484,272.56458,424.52356,230.19728,9.971444,78.30871,149.11258,135.9224,87.992256,429.2276,180.59639,227.79413,34.560226,108.03676,140.54489,87.88927,369.50085,130.48547,100.86357,31.564472,23.71502,65.24116,2.686567,104.65975,353.40454,103.55555,175.0411,83.89201,163.67174,168.9428,136.2515,24.034632,93.951996,134.47849,271.3498,178.53366,31.447987,224.34125,148.76845,156.05522,7.744407,192.14421,62.638123,405.45602,34.05246,28.1149,40.48564,112.943016,39.139034,11.9054,4.469456,74.275444,77.3699,87.58542,248.42218,100.683975,148.8503,220.69884,94.66995,167.10995,284.2821,36.747696,32.88932,301.98312,166.9762,113.48013,67.10295,30.18264,81.779655,183.39165,64.80296,41.06724,50.840954,130.38933,105.31137,211.29158,189.27855,175.99579,9.284626,138.94028,159.30516,18.913675,270.91183,181.4332,369.73718,82.70551,134.38141,75.27871,102.119484,178.9946,22.888086,175.76959,366.92035,190.13547,29.496853,59.334038,164.1208,46.695595,112.29125,49.85264,184.45929,163.60875,179.47086,190.30527,74.011215,4.8143344,118.42173,187.31564,62.530174,73.09532,227.97699,210.11232,507.63037,150.12997,168.17612,77.832214,229.12384,11.357559,11.237707,61.115185,573.5835,241.99811,126.20362,164.30481,25.846169,146.36234,147.97995,25.284056,202.41391,14.602425,152.89514,27.21892,154.63393,4.947774,135.08458,9.549358,70.359886,36.589718,125.49287,199.29298,46.918106,237.15733,103.258255,10.395746,115.15275,81.44936,135.64821,364.30768,279.6221,180.86925,270.95026,72.276955,63.36894,179.31406,62.936954,36.18603,379.8617,112.46602,259.21982,63.436127,118.98394,143.86436,101.83293,6.4517927,47.933163,107.457664,148.64168,136.69958,40.309097,14.41494,50.36789,47.751904,257.27875,231.52539,21.812788,36.477585
SPOT_045,77.552284,42.577595,138.07127,96.83706,129.21233,243.1789,159.05241,28.88752,40.424442,300.2036,42.790207,85.15934,312.6108,60.92516,26.79959,272.72067,81.589325,493.21,484.2567,102.485016,172.33656,157.45972,230.01778,67.09964,130.48454,127.2519,248.46353,112.519905,320.65195,101.98941,114.8217,156.61084,307.74744,217.78091,79.14055,162.70045,159.46829,139.73285,181.00008,66.06403,554.8612,252.90068,556.3055,840.0258,280.93866,202.33727,195.04738,186.90948,379.05417,137.5485,142.26282,30.52758,94.44038,137.01463,271.0949,75.19592,318.79022,126.65815,115.568115,90.97081,9.164465,30.672178,339.45563,67.06121,122.64329,118.630745,107.92415,154.89131,108.84255,375.67245,52.94217,195.81076,14.256527,171.19945,18.817604,26.043436,300.96753,89.49924,331.13483,227.68,9.937442,167.37263,534.30634,242.91833,129.64032,93.77584,109.318146,76.98182,126.78486,36.874313,165.70499,272.93192,282.6426,221.8111,7.004849,88.10406,30.060524,132.00264,246.01442,56.36574,160.3253,10.013423,327.02277,242.58205,163.57742,143.22366,125.90102,208.57587,82.193184,243.9155,12.42063,147.16469,189.90375,129.65015,447.3565,24.502436,65.14341,220.0253,331.87555,147.42947,258.8752,60.169582,107.747116,132.9419,106.44289,249.8338,113.90537,253.12183,79.61439,322.0281,134.64171,321.28894,209.3908,4.452376,401.10165,67.63444,96.68957,267.08505,302.03384,19.311455,52.817654,71.89646,272.3903,234.8188,231.28502,85.29892,3.9721863,367.97946,237.25656,109.76625,67.98812,315.60754,241.73213,41.527973,85.13164,56.98862,369.86575,206.82265,30.543318,36.07106,260.07306,104.32401,280.55304,394.85663,83.02109,92.778275,316.14804,278.35175,5.910445,276.41357,320.96063,13.3932,444.9481,5.641408,38.61377,155.85706,63.68233,15.36116,253.6982,3.4593935,305.1032,66.117485,125.33285,155.74881,125.31415,264.85208,163.3558,196.24397,120.437416,144.71758,354.32123,123.95698,323.95288,98.88302,153.35483,53.316082,128.86388,164.11502,173.11723,78.21722,123.39982,268.006,167.17255,135.16206,93.88713,207.39847,265.1772,63.352993,211.80568,113.235374,112.0915,189.23923,143.9396,105.646065,56.873512,399.59802,170.37924,147.76353,0.9824119,274.96457,217.68645,119.927414,81.60362,416.16794,126.654564,133.5978,101.176605,70.230995,50.760098,67.74994,48.949306,9.3453045,272.03098,236.2789,183.86247,148.0216,125.711845,201.0563,16.66789,336.41534,13.012679,178.41495,131.73465,223.63554,85.92207,107.39227,427.9626,126.03994,399.65793,109.12269,36.52631,9.854351,75.77746,16.207485,6.661457,151.38872,302.91992,267.68777,129.29967,18.215574,342.14972,61.35563,64.783,44.587296,7.183205,205.70232,138.03651,321.28992,166.13585,16.903168,54.031506,356.27936,24.698109,101.41379,29.324194,114.081955,74.189,97.33741,114.611496,31.288233,415.38388,133.86598,57.26567,9.305629,123.7238,197.68245,426.75937,95.590645,147.29646,52.936974,147.75102,79.33622,163.14178,37.91438,144.21967,82.11659,72.36887,134.13364,266.9866,469.0038
SPOT_046,19.992146,312.43213,439.52197,84.26242,134.34718,6.3570347,144.55522,165.96954,1855.2446,688.2754,1329.4115,24.954,51.82553,48.094482,51.674797,187.53964,15.121835,142.06439,79.54361,30.601841,51.78277,301.52338,6.789231,136.21086,1107.8151,235.19107,207.57056,55.20388,41.33575,237.28973,449.02295,207.49187,4.2093225,184.89505,217.39948,294.27533,162.31764,12.714116,26.771326,86.51002,273.75323,18.289389,25.925562,3.261326,320.76434,66.39896,5.3113675,263.41843,26.46195,204.6706,164.03041,36.952656,267.19812,121.74116,27.233828,46.203342,178.0478,74.48582,20.274603,8.402713,230.46336,277.46228,154.09528,20.028334,121.3647,272.94254,129.32825,52.364414,119.97765,121.27839,166.98857,34.70378,262.649,37.32422,23.300396,43.652958,416.4947,3.7062318,54.322548,92.24881,207.83466,158.50917,137.55377,355.05444,248.838,241.98228,153.83292,119.369225,104.80807,83.15561,127.09206,172.6656,17.645594,14.592733,83.567474,102.23901,211.72061,231.18695,3.604921,192.24438,9.16961,40.71155,8.414902,143.95372,267.71216,376.99878,23.612427,77.5802,121.66878,238.05873,154.69887,255.03014,292.29187,351.16208,16.628664,71.94537,524.1247,260.03543,139.4885,363.45587,162.48207,58.253845,3.8398287,302.87933,386.68304,105.631676,359.9976,377.67374,237.93857,8.470537,32.983543,322.31717,135.574,53.186546,37.410908,71.74657,186.71872,141.22206,217.49818,44.061234,110.188225,161.79729,531.68823,94.158775,155.9827,62.822205,591.43024,125.129875,492.47284,102.37855,113.37952,62.624893,320.51495,329.32126,103.56072,45.573063,257.26804,148.44035,279.60385,7.163902,120.12913,64.82357,75.142624,14.60589,32.168724,31.286673,179.27188,132.52094,176.95857,181.9063,45.787395,132.63069,26.650335,115.76707,47.07335,59.545895,158.48756,59.95052,56.750076,41.673378,236.70866,102.53342,72.47826,12.682861,76.85706,117.821686,19.860378,199.40819,168.66125,239.29291,232.46199,210.71925,107.15819,253.05475,53.621162,111.292076,74.99863,69.40062,34.366272,19.28616,40.363373,37.95025,402.37692,145.67596,446.51715,89.45337,15.293988,239.78264,145.72203,342.34436,93.96617,345.4706,223.80522,189.62444,61.42162,11.474986,166.15572,81.13867,74.936745,23.996845,57.431324,164.63766,159.83333,185.0191,329.0697,291.12457,61.73896,139.05154,133.15666,267.339,201.17383,90.33337,195.63544,308.96954,93.929504,164.0106,220.43497,69.02604,152.17317,96.454254,155.21526,105.65248,232.88718,139.58688,22.47617,140.85742,56.51139,8.30915,140.91597,172.88045,51.529198,152.05273,145.91837,169.02956,14.023448,169.86629,271.17514,130.66527,387.05594,180.84686,195.03874,129.90536,156.76619,134.0561,9.440586,104.39499,120.57625,169.91731,178.13867,164.99496,20.043793,37.82801,171.03159,48.528667,407.26236,90.84878,78.03213,100.73908,100.58694,120.41361,129.33769,329.78152,62.059494,111.60413,105.96451,92.48395,247.09494,228.37518,120.22951,101.09889,2.823834,48.799747,268.42102,71.96809,17.919123,113.05761,123.61959,165.49352,14.109607,41.497486
SPOT_047,388.99008,75.7985,180.8679,76.21858,132.70709,409.984,327.4339,84.16348,41.000782,400.6684,141.75926,84.592415,42.476418,88.18992,459.0047,69.484436,97.85774,1585.8798,141.89568,156.62936,1061.2739,52.84203,162.20012,110.11822,385.82007,46.18707,26.45861,245.35855,51.699665,356.27756,124.86563,130.39706,244.67245,183.59438,28.90118,101.48698,79.610695,155.75388,430.55673,62.452854,27.449942,357.00247,660.0488,33.959167,949.82043,347.6614,203.21338,430.74222,130.09982,33.950222,32.698967,44.530727,210.09529,88.30723,103.84567,62.71703,349.22818,133.61194,224.20023,105.193756,190.4645,56.263935,19.806269,294.3086,187.69951,36.58459,78.84095,93.60079,81.14121,375.52756,233.08774,262.59937,218.7118,342.15997,285.8809,156.38968,268.54974,337.86707,289.1626,87.8954,34.558884,286.60052,33.347866,109.48305,56.050186,84.52737,79.42317,32.037518,351.9155,165.17088,255.64879,33.67241,58.053986,201.27034,203.42099,40.562664,24.796513,79.447945,18.137308,33.78491,251.88174,32.666016,239.10332,29.810722,247.34445,50.584175,210.86697,22.857807,149.7548,107.01162,26.637976,307.7574,209.33813,27.554491,128.80963,70.782555,6.1122394,65.05815,137.96207,257.9379,143.75667,165.94858,166.14601,99.22607,205.0715,306.17487,324.79395,42.098328,66.725624,110.2341,99.14631,36.350292,225.00461,55.026215,99.258575,130.64781,62.8727,48.800728,178.92036,11.85273,83.68614,32.51761,314.27444,32.803528,123.91857,61.160942,273.71954,47.335484,87.71637,142.69324,421.7143,26.057789,187.95369,152.62718,335.8309,58.05877,151.39468,221.17105,183.0718,22.600534,125.72527,14.630319,82.54808,163.48006,60.110107,68.38343,99.96833,154.8153,68.32981,150.51369,32.653088,170.60774,248.9432,376.77203,271.45493,92.05474,109.211395,193.82704,132.75505,49.54476,285.17896,256.371,28.563,71.29512,68.038155,362.73993,106.80058,47.134296,34.93442,230.12733,249.09462,107.41905,153.00148,50.183094,12.144604,77.402435,62.45522,157.92404,303.48123,434.0952,25.791601,136.22047,265.58173,260.41626,60.2592,125.30107,208.7164,50.40436,155.55098,2.2778034,4.89189,111.839714,66.692406,41.552814,145.7723,26.71729,148.4463,105.446335,102.87553,249.81229,201.49036,85.17296,317.39377,46.31697,506.7223,36.5343,24.289116,471.08035,240.10841,128.46825,59.14136,40.676678,231.90326,192.69147,168.31491,195.42094,26.556873,93.93579,168.22961,215.30704,263.55624,213.2539,88.63872,52.169407,218.86882,44.24744,123.09483,328.59216,190.26782,125.24939,215.26955,158.71436,100.209236,110.31913,110.7565,334.41302,7.7625775,54.347702,116.83374,167.60976,85.91328,39.15243,142.08342,258.9168,228.58615,215.30408,110.38569,61.00354,261.06125,201.98709,130.85907,138.37802,291.25232,358.80902,135.28139,141.00925,104.4639,350.51913,48.185326,153.55984,18.99449,48.245865,299.34763,97.15027,261.2476,45.959072,152.70598,105.001724,18.533743,112.770035,199.34306,216.25508,98.076614,24.874693,53.304043,105.86756,261.1439,201.08551,47.09255,44.30119
SPOT_048,9.765828,233.44427,156.74716,133.83192,121.60233,127.3477,67.48338,230.51018,153.7072,204.89067,55.694912,101.574524,154.52565,92.77088,80.00632,152.27335,313.51752,205.20241,174.71407,229.18599,24.536034,162.40288,47.082104,62.057987,77.010155,360.5305,79.25862,145.48749,137.26465,187.87985,297.37842,137.27213,260.42813,43.917515,34.545963,383.78635,44.342632,127.47351,50.77387,204.37782,226.06868,103.42111,202.39456,218.33711,74.55794,170.05551,9.30836,157.097,29.69224,203.77744,30.265137,26.999115,16.89221,144.49097,120.20083,395.36032,84.75639,177.8102,80.34737,115.241486,204.30219,89.00956,25.466211,22.642672,328.0434,170.42403,319.50668,5.7211027,330.40268,32.256477,172.70929,65.70991,265.46014,29.612616,154.29103,88.526596,139.21198,190.12866,127.04473,136.19565,154.59196,194.78845,212.16441,63.36695,55.64839,123.12829,0.9153713,274.88382,175.33083,351.3137,81.913605,19.87221,127.80451,117.37444,151.06053,397.49002,117.46762,417.15295,105.01288,121.698654,211.12096,3.0723886,143.40315,129.25117,97.02747,57.962154,30.970606,105.90508,2.3065748,210.32835,142.31232,50.816166,169.86697,90.90311,29.506676,72.40722,170.86632,83.481186,240.31883,168.95,90.736885,27.656845,57.441753,213.6692,220.24434,240.29042,7.43883,99.89409,241.83838,112.26889,57.315037,2.8865993,161.92776,164.73099,41.55554,271.54968,44.31311,165.2969,268.1885,227.49687,58.74858,244.98672,7.001013,38.04852,212.9211,278.0019,93.63175,2.0861611,101.89034,87.02711,147.22871,25.291603,296.85446,154.96382,91.3847,241.37497,302.7721,236.89789,171.91481,58.592415,237.818,290.50226,268.6076,45.65528,206.745,44.523167,130.06741,79.347565,116.66384,344.09558,39.701256,244.17812,36.777576,213.68346,87.8423,32.865803,38.242573,45.07745,122.45169,208.42807,11.5915575,599.31067,44.519993,54.14654,177.02095,56.8295,211.08556,85.6832,170.0666,29.704548,240.40921,118.868645,220.0324,11.192262,338.30408,323.4585,29.175425,155.2303,291.17184,80.948265,239.46182,339.8146,59.6201,91.22447,383.9732,377.95547,103.58824,168.02481,45.937103,272.10123,397.44827,22.573563,179.65515,7.776729,186.80318,265.81387,111.98295,276.39554,233.73744,110.52653,329.21545,401.8223,31.543806,145.58295,335.56857,404.04282,79.14276,204.30663,133.42596,276.88782,126.021164,214.50945,37.53116,95.71963,107.33396,9.251087,112.986435,52.383865,119.71933,105.04089,368.089,40.530766,357.0772,93.63762,17.435886,332.17197,185.16576,165.90921,435.30402,5.6088657,224.33936,207.90154,431.66934,253.51767,585.06006,380.1761,38.615925,166.43591,81.47232,34.080128,111.76801,217.71565,52.18581,158.37108,148.99954,144.41989,18.132444,391.95975,78.80798,161.97444,75.256454,121.488815,89.19298,149.94148,72.04361,340.3513,73.00572,143.79327,210.72217,189.18755,124.72978,103.781,168.91405,219.68575,134.49992,107.281555,83.899475,109.01801,216.5783,98.91979,50.076828,28.004303,192.7358,173.89671,100.85056,357.53232,49.935802,139.13521,197.47356,260.17197
SPOT_049,64.165855,65.16442,9.781253,137.33247,273.31595,297.34457,94.52603,244.74928,157.36324,2.0898206,231.15567,101.43957,286.1214,249.37878,111.528,507.29477,38.28415,51.78652,44.95907,95.137054,157.71826,178.25392,80.227646,324.13873,61.41595,414.73618,67.35901,66.20753,64.70747,74.76833,428.9602,43.114376,6.82071,230.66917,8.5811205,296.37207,77.416046,144.68845,219.02142,150.14864,97.650764,226.57703,86.92739,113.764175,85.14815,18.238892,125.44752,435.3796,19.995903,188.08652,209.32246,26.487953,5.570656,270.91293,183.02957,112.91906,100.25062,146.34412,139.25517,40.247902,125.00971,78.28073,388.96426,87.75802,323.41562,79.107445,30.02286,357.34076,420.47168,146.756,72.211174,154.50322,157.61815,155.88121,179.63177,72.59666,218.09514,185.87569,22.196089,88.23012,190.08546,94.10062,7.640735,91.22605,98.14652,159.65146,38.00246,75.284805,62.945774,4.6210165,44.926647,26.490896,3.4566157,273.1057,120.123955,32.600212,180.33667,0.028891332,312.91156,64.52031,35.987385,133.7226,372.64926,7.412313,92.46154,119.06782,13.433042,112.86657,131.32314,73.51557,127.92456,123.05129,132.29134,162.5238,318.22717,172.93321,335.07242,137.6583,43.643337,58.27591,268.2887,208.5418,148.54039,86.742294,244.21112,81.4122,80.74456,280.38226,198.21951,151.47134,113.97513,119.568214,90.74782,85.790436,249.02412,21.932209,47.746265,78.532234,56.64779,145.0616,5.5067515,40.427906,249.01633,85.175385,36.148373,172.45428,120.784676,59.42699,231.0731,8.438138,326.92798,306.02176,132.42253,102.63485,78.618195,20.561876,30.031141,17.345032,155.77011,2.839984,105.208824,67.00617,58.25683,40.80479,165.99123,23.362349,184.26643,276.81387,153.89003,96.20434,58.829796,155.76457,16.084932,177.22258,110.53905,64.77128,161.25316,16.466402,19.103762,85.71585,29.883392,179.36328,160.0092,63.61088,107.93586,228.90543,26.99393,200.7756,234.20337,95.360085,124.260864,323.3156,102.83095,291.86145,135.04659,105.88263,129.94583,117.30675,24.147598,157.06702,98.71142,47.918747,90.2964,43.958706,263.6472,203.93211,91.81198,142.72298,232.27655,148.53831,64.511,341.0702,565.2761,26.925358,186.97102,222.86899,179.34991,334.36636,10.850534,181.95868,24.983353,400.81708,6.8196063,147.77408,6.436376,51.14512,94.96226,108.72447,298.783,15.988132,438.47733,240.30292,15.37539,349.5143,198.75154,92.4114,37.104366,0.38010237,134.65292,13.365379,50.393906,20.29481,134.70897,229.79129,7.430539,308.72128,14.796527,59.686882,135.73544,28.49753,336.24594,0.7042517,126.08948,135.8288,90.55607,49.516823,10.171103,90.31639,114.84543,50.82348,113.20904,22.889303,51.708225,6.824642,17.734684,36.080097,3.2350643,485.64728,56.094173,116.15345,78.844246,47.307026,232.91806,52.409477,189.90982,60.15726,172.79504,65.77132,198.8403,96.415245,214.94856,57.421444,257.71133,508.35007,297.7127,1.7664733,205.79475,186.54945,153.2416,57.10111,243.19601,164.4104,38.213932,43.304535,54.706078,163.73737,222.68718,236.19743,159.13965,27.68133
SPOT_050,25.81618,5.8780622,11.573079,170.43506,134.49911,152.34245,222.59155,83.276054,45.469273,87.323395,59.409492,279.8933,166.46872,206.55373,147.59526,170.32385,123.854774,196.61613,178.18475,37.887848,270.90558,24.22499,236.06654,205.45485,90.04291,224.6945,16.951765,133.26003,38.610462,99.20279,172.75183,299.4642,100.26533,313.92184,179.28809,219.99495,7.816214,240.42448,203.67094,2.8412592,72.80321,827.13513,1463.6499,640.11975,139.54248,1.1521355,90.222824,36.339695,187.2048,70.94277,21.83556,167.05296,172.77306,40.48552,36.195827,222.65158,75.57735,373.49277,344.19205,168.73448,285.50055,6.8552113,101.67555,87.98396,37.427345,117.088135,119.61943,139.45921,66.29989,86.464745,286.95172,94.17942,194.82817,290.8767,54.931072,137.96637,305.4773,187.50002,323.32977,61.30873,40.37523,12.501925,6.444468,24.866562,434.76538,2.6380637,401.3236,131.79926,99.92253,388.26663,146.55684,102.61356,214.32593,35.39479,62.000088,212.61989,17.305971,135.75383,123.095,231.5645,265.13705,255.65433,165.12599,273.07315,108.22262,335.14468,38.33616,46.144016,109.8792,59.291363,327.29016,34.594604,57.630512,97.251396,167.93073,112.995895,63.121212,87.77503,118.47155,377.7914,185.41711,26.393866,106.653786,113.41944,10.5492735,43.32646,81.27855,47.9739,46.61259,281.13815,84.22627,206.37903,120.08872,5.9801826,64.57251,320.4815,96.73315,139.43262,55.072803,233.27957,103.721176,181.52664,310.1483,56.027107,95.121185,176.45647,228.16397,28.97559,271.3874,73.56102,106.248665,18.407944,232.08878,132.26605,197.04456,3.8927937,61.47368,160.75394,190.46718,70.35658,151.16353,91.99894,654.33606,376.57773,99.10025,138.12256,202.43803,89.216774,129.03831,340.5753,25.485197,318.71555,204.11034,14.469307,396.59576,113.78729,22.666288,91.19456,72.15576,233.93362,71.8794,352.6527,70.434555,174.01222,50.61492,46.635128,215.53618,125.15269,47.387787,0.530174,190.59445,392.61154,20.368803,143.03542,19.5001,96.27378,83.61039,14.999797,303.43396,221.8911,172.71146,136.39214,232.23015,119.338875,67.73867,109.156456,88.66971,81.49726,486.15598,13.713421,168.54073,84.77817,142.31549,169.07759,65.596695,300.46445,159.1697,87.69977,38.228416,158.54524,32.297314,231.43663,119.10418,205.30414,55.4631,13.892449,97.71547,4.9324126,61.203564,13.488764,5.192801,54.896633,36.56377,72.6468,154.19972,34.92378,406.21545,28.926819,99.15435,480.72156,74.45274,178.22246,106.57854,112.14199,96.41773,198.37521,66.15523,238.47504,31.385311,130.61115,64.344635,60.142723,86.60626,51.713383,109.22856,46.98063,165.67131,192.2142,206.42096,275.567,130.84009,188.13737,218.67912,166.44814,55.315685,330.19763,74.756065,255.87059,179.77078,163.83577,34.19666,6.255806,18.74401,164.93921,73.563255,528.5162,236.31123,393.72858,31.565742,43.287777,50.980495,172.60709,121.345924,128.92725,225.92685,263.88687,0.023703521,322.5208,305.9537,101.41279,131.3994,159.63168,81.43636,138.15126,385.91403,18.428795,113.37613,17.357468,413.88437,30.5688
SPOT_051,437.6018,195.82924,93.94042,50.159657,101.28958,176.05336,13.027593,143.05933,3620.3186,322.00153,15.4885845,88.33213,262.27832,202.3022,111.80866,344.8564,271.8516,44.332226,78.9136,9.446883,114.52245,62.525414,476.61914,81.70846,251.23251,101.04421,70.69662,270.33063,7.1755576,141.02426,552.0273,610.37933,272.87015,256.76697,372.2073,207.52234,277.2779,69.52069,64.92681,39.543667,207.52815,124.44027,139.51608,272.03812,82.01925,132.66412,43.52722,166.33766,282.86807,296.1922,70.42819,160.00647,93.00764,39.514786,129.60245,73.37891,148.29503,63.272408,138.44615,168.12099,290.34302,12.506061,102.36702,173.93018,260.53128,97.57504,326.3233,169.12971,42.575985,218.85193,242.71695,278.51596,30.78711,24.062191,305.3369,64.573456,208.33595,206.90585,120.29998,203.3074,56.362213,120.16529,322.99985,201.83032,159.86832,157.68823,278.74493,143.10387,17.154612,140.58162,114.21384,116.13303,151.88919,63.240288,3.1954584,116.73389,297.295,21.648949,165.96437,128.84866,22.818708,135.59961,240.44884,332.5788,55.561554,83.962074,17.494118,3.466614,26.690966,183.20326,1.4271457,138.06903,78.09255,35.215298,144.70566,218.97507,150.07451,58.496304,56.692875,63.71125,130.04924,56.998394,250.9064,147.32552,30.487946,139.64148,75.7751,2.8709507,27.91117,213.9255,117.78154,105.57272,138.4128,20.283337,215.20357,119.25308,14.7857485,326.63687,18.144695,297.8403,39.65819,69.67516,277.08417,78.66317,115.68989,84.702866,52.667057,358.02615,168.47517,197.08813,330.82956,75.98586,44.770214,150.2981,152.96767,294.89062,8.032972,29.804216,128.79799,96.74318,278.6871,139.69572,105.810326,105.31264,24.880543,275.9361,156.95883,109.273895,106.05223,158.3413,99.231,180.025,195.01059,238.1352,158.22293,33.398735,2.9917765,159.11696,289.68182,303.38864,57.27253,47.883003,252.12056,87.3198,76.99841,50.1622,278.0318,517.3349,47.912014,20.104942,197.62675,46.92711,29.558483,339.93423,192.64597,143.08669,349.9232,66.089775,198.555,28.035955,15.578309,196.37622,299.29993,234.1974,191.94536,12.0526,49.95444,46.742035,69.81436,147.70383,180.50575,303.45663,59.299397,245.52599,64.48222,339.08597,85.85565,123.632454,125.23424,34.459568,1.2464498,166.21725,410.69916,200.13313,70.254745,197.53609,18.563051,93.42464,160.37738,118.225044,244.50429,191.41843,109.10694,265.6103,63.30136,350.51477,201.9511,276.75058,10.006294,65.35772,137.18852,415.65674,17.788328,141.79648,141.0915,63.842464,24.061665,1.634903,159.11818,39.637714,316.3362,55.98703,514.1296,52.10821,165.4535,190.68134,128.95743,208.03189,595.422,27.245323,517.6392,21.277521,1.290818,446.8579,346.4709,51.482845,152.82422,263.7683,323.21036,221.2508,413.902,324.18814,59.82235,118.69232,54.18022,103.2782,14.053988,48.765842,19.368618,109.546524,8.392458,49.247025,19.898842,265.999,242.0976,194.91145,55.25893,105.25056,196.58159,265.16626,151.8474,40.061714,119.72525,232.90804,32.314194,332.80896,72.793465,434.25916,190.0875,271.7193
SPOT_052,41.496063,139.44313,385.68796,259.12762,133.52771,22.92438,44.027653,155.41454,1.0494689,184.4811,129.16055,0.8067233,222.20227,77.01081,139.21469,116.7071,69.65727,881.5039,454.86188,64.588745,317.43567,134.1708,20.207478,5.321212,34.863056,443.34247,55.186752,105.63328,347.41562,77.75938,205.56982,94.96753,451.84,6.9573183,3.093093,130.33351,361.96255,68.40965,154.13187,210.0452,35.654152,301.99316,471.44626,588.68414,335.07654,7.781704,162.43465,86.73557,437.35593,42.441673,4.741432,33.92622,90.77742,69.44787,19.868973,8.760247,252.77696,105.06971,9.084789,132.45364,154.82715,118.55378,38.934975,20.98182,134.32996,162.14241,124.92587,379.08112,214.94667,274.91547,86.78237,42.596443,160.3497,350.70813,132.96875,97.22502,63.873135,172.60454,132.01653,1.9811379,138.64085,97.83438,122.69891,428.4698,202.62239,43.75855,111.647575,52.874527,58.787273,92.39636,141.07166,251.65764,43.99197,100.05452,51.76515,37.215794,24.801456,150.40823,211.30217,183.24678,57.26868,74.45662,170.75195,13.158766,163.73378,250.38765,204.98094,117.70148,220.3605,244.38576,286.41873,97.69944,25.252815,118.18386,163.37012,148.36005,142.85507,157.05203,116.01139,136.49083,155.48892,107.54512,188.94135,80.410835,28.241772,152.87057,246.7733,432.35046,140.17311,91.72197,511.90985,251.32124,112.55211,5.4510546,283.1645,278.14075,77.94835,56.38289,11.8676,477.91476,251.0207,18.12159,110.88462,52.140568,160.64369,168.73314,266.83994,168.83812,178.12788,100.660645,193.66815,26.236555,92.08,65.77773,21.867678,154.80045,14.784599,177.6171,79.465645,160.8025,132.67273,53.808735,249.98402,63.9984,271.71844,78.14285,2.8558652,159.80426,15.886842,36.676712,226.49335,39.170776,144.68457,105.478516,235.1305,220.84483,308.2154,23.139187,175.50385,136.39586,80.3618,14.712602,72.77009,147.01283,130.31947,51.534252,258.59732,99.19083,217.00482,207.58684,214.66911,215.34117,416.96008,112.115074,54.69542,39.17792,56.61007,41.70059,135.48946,265.70068,265.7215,80.077484,115.58178,136.73732,184.2722,183.09137,178.35493,109.19951,159.7156,6.2534223,323.48587,314.47064,95.40194,72.496315,46.041164,112.51382,352.99878,298.81226,148.6714,133.74174,24.689684,141.70927,168.16933,248.7533,314.95798,280.5772,204.35692,47.121784,346.4893,55.48619,5.7481,257.77414,54.057266,212.11862,75.10227,246.74252,12.755699,347.5185,132.8283,116.06561,9.193735,153.57927,120.31794,806.2351,183.35242,154.99763,112.17246,282.52512,197.89482,338.69183,329.96054,266.23605,199.7711,180.6818,169.90932,58.221424,102.02462,373.06772,342.84238,1.163087,351.9587,267.86423,81.12718,361.65875,39.23431,116.03199,37.171013,16.061092,11.343179,94.26325,218.25394,74.044846,79.130905,35.996796,172.33377,220.39197,50.63286,21.336163,92.56842,161.96931,129.6699,99.97207,127.785446,196.56998,88.63994,82.808174,355.62692,13.467315,200.17091,300.84372,184.89447,3.024237,115.5794,231.72813,140.40778,108.84153,403.31018,146.26521,148.94582,187.90578
SPOT_053,100.76612,25.671852,195.61661,120.82674,248.47017,145.31,245.75919,36.593685,42.753304,26.94257,174.17816,54.58694,174.24896,101.7995,36.166626,92.08891,286.23444,17.194328,105.590836,116.71466,52.543114,99.08134,248.78484,213.85114,212.72908,89.08384,173.24979,14.765388,27.062706,109.58817,211.63219,7.4732347,72.7325,123.902466,119.71909,198.14397,226.6732,72.1905,130.94382,219.67455,77.14841,673.2841,321.68307,1183.4836,395.1925,70.93629,208.80873,80.17142,167.86069,334.58447,46.706192,3.3833146,153.99588,212.31688,93.10958,113.26287,91.355644,150.13809,164.12645,120.38008,255.05823,104.64715,283.20245,27.362839,80.50412,219.35974,70.7119,199.30914,92.5577,179.99838,370.86148,192.24849,52.566433,494.78082,11.985989,11.121888,141.92981,7.394555,307.3007,203.81172,360.53073,75.0225,217.33662,64.177635,124.86537,158.2675,153.20067,220.00063,49.412518,32.926193,223.86116,114.65145,83.60777,64.755905,52.439762,84.67069,214.26505,50.90278,117.843925,101.73604,158.27531,7.075656,164.2186,83.24985,61.713623,327.32358,87.123535,144.86174,59.050163,19.884375,272.77142,137.57266,223.43387,103.0455,226.11983,25.538048,206.79121,147.41144,126.62884,178.99385,3.2139542,445.5565,148.34743,43.82659,146.82709,175.47919,60.37584,87.979866,301.27386,263.93613,113.95197,212.21931,120.9994,226.02196,101.35191,201.9855,85.4287,9.309219,126.50991,16.963892,34.13663,185.857,159.4324,47.307034,8.068164,119.282104,163.52357,236.98256,121.31373,273.23083,231.29634,28.066696,278.5556,86.47564,68.242256,95.88619,3.605355,133.21411,36.39426,168.67038,53.81712,254.67122,303.31158,363.5867,196.38501,45.026592,166.31688,99.08788,318.2874,105.207985,169.37592,249.89264,237.31224,108.164474,25.101444,140.84387,120.43355,75.76804,12.685244,92.058754,37.859,174.10585,70.28718,193.52174,146.99034,230.62854,20.433868,43.394215,305.8973,325.30722,25.940945,142.15178,120.84848,300.6169,132.28848,163.50142,5.55276,445.84726,223.66151,95.08859,58.094017,127.24133,228.10925,69.522675,201.4042,399.8166,11.929453,141.27997,106.279335,3.4666758,31.801517,143.44847,216.84166,19.737873,276.05212,275.40854,152.43367,92.88478,110.12918,146.22864,170.84988,218.11827,121.83078,194.59969,148.2383,3.099525,240.05493,205.46182,258.31177,262.9474,25.85355,208.58276,189.45415,375.63272,195.05984,12.388258,100.737755,32.424408,88.688774,54.731747,201.92918,9.58206,161.72829,48.74157,241.69986,48.690956,318.77237,257.6945,104.274956,200.00229,9.459749,207.59901,88.23436,163.45625,217.5192,139.32462,121.68919,128.27917,27.33256,123.49107,63.392483,12.69352,281.6738,137.81577,86.1646,501.0689,4.2967744,133.48282,303.98798,105.38011,197.5758,91.42788,118.88052,140.30211,91.71025,187.2841,262.30923,310.67966,104.30977,47.55767,0.62589777,91.05559,175.20074,136.07556,65.90638,91.20675,34.016624,28.924717,1.2021431,132.40204,87.67558,271.47046,244.40819,66.549,329.15256,153.28653,37.480087,96.54228,99.72799,32.083153
SPOT_054,252.1399,82.07431,144.63557,495.58133,14.14318,103.89977,254.17735,84.43271,1945.609,626.8628,978.14075,90.47144,232.3894,342.31784,203.86932,229.63893,253.6027,188.49318,144.61371,90.6546,5.9428577,30.084496,26.32235,106.43212,360.85397,196.95004,327.60626,3.845227,93.79601,110.4365,1029.8293,513.10034,179.88857,22.343107,217.47464,268.16455,8.769002,205.54137,203.13824,19.95849,361.6037,18.867666,24.942173,462.1385,80.52533,153.3627,281.51306,149.44223,83.205414,188.43823,2.0174675,410.99048,44.5122,137.05751,170.53613,45.747814,207.98927,462.62656,184.86078,0.6747361,287.58148,154.318,63.757755,14.972519,101.91193,174.03902,58.080715,199.00677,53.40037,179.48584,11.665666,36.93328,216.27637,240.60999,80.52953,73.14423,29.851364,64.74468,273.70816,227.11702,222.72366,95.90278,153.00076,108.34852,7.4624333,204.76804,122.85721,93.01816,49.85898,306.67087,123.63844,184.68634,19.545565,185.71301,260.43893,261.65414,30.965645,132.1776,288.0341,127.173744,30.810814,30.726986,162.14612,57.437286,87.584625,18.106758,120.51942,276.1526,491.12994,245.41277,32.66262,318.96503,359.46854,17.608768,31.386166,227.06982,71.91843,26.965929,170.92804,269.82217,167.19322,224.3393,6.8334713,25.929403,62.21766,138.93309,149.71198,34.287426,50.556465,269.81253,167.91101,13.02487,293.25763,61.920017,125.65502,495.8139,45.3365,75.004555,39.75377,163.32857,26.674072,250.55849,80.35173,173.80324,145.13962,136.57613,0.298054,63.364468,1.2875861,115.49254,462.16534,255.56856,75.074486,367.8369,95.50446,9.781351,149.06523,124.48105,48.884792,181.6731,172.52089,103.51048,131.62697,435.84836,25.508121,168.2492,182.99577,156.73795,225.30565,3.8889985,149.26927,27.873081,52.074837,205.52957,133.04459,39.594616,294.229,35.426003,228.12065,120.4841,168.87238,64.28927,161.27046,48.786163,132.49174,382.20813,55.191563,26.723463,93.19641,121.1377,140.31801,72.26403,273.42352,2.0102417,76.425316,57.885784,277.8535,174.1373,163.51456,127.93932,32.75018,107.47009,160.87712,291.62857,177.9347,11.487821,235.4856,28.018496,46.183933,127.62537,243.70053,17.127092,378.1777,316.67166,75.48154,143.73367,343.29996,36.319386,262.2911,29.057022,6.258465,201.33745,271.36533,163.52013,17.65448,185.19284,77.71521,239.80403,219.14989,232.52533,86.00655,265.84598,101.69128,113.244354,274.21957,32.457825,120.34126,260.66245,36.699024,128.8651,528.07874,240.38155,63.66229,129.01099,74.28947,310.09006,96.13134,14.866259,5.780782,195.76927,137.1715,345.82275,27.693762,124.418236,33.915035,74.819405,182.85417,264.06613,1.5367707,289.7175,43.237595,167.58214,88.761154,172.05492,145.7569,144.9723,3.6489406,275.79993,48.55331,45.5178,321.2344,72.48927,112.54112,209.60564,173.63837,29.71488,436.57428,14.242001,200.95753,173.47282,266.0605,55.886272,26.414545,59.392582,135.74025,201.04552,85.6818,17.6031,213.2972,327.11594,251.38762,154.83334,180.78125,73.60131,37.78669,113.83902,103.89702,129.6875,96.53221,184.52422
SPOT_055,162.82642,167.90916,125.21618,169.36847,95.7809,218.85725,87.84242,3.7447243,362.87997,98.22738,770.15045,559.179,14.188658,14.37423,2.039828,121.698296,38.78581,101.33625,26.02562,328.20462,14.528471,421.33005,63.362087,38.46189,485.7019,259.71994,178.45961,158.32913,71.067604,94.70976,168.23434,969.1756,15.805503,374.2482,211.64597,27.10504,97.076324,168.5712,403.1625,259.76074,19.322428,279.248,40.65153,243.27855,215.48997,301.13815,111.80427,169.7334,265.92706,181.99745,229.33073,171.00754,274.519,23.969969,60.322704,65.62832,266.07312,312.07806,154.74512,197.39252,154.03235,85.4922,146.51492,109.782486,260.20984,7.2772093,139.0812,141.53368,115.21009,303.8683,65.93895,93.72199,252.01796,112.97929,267.88647,36.01693,256.07404,441.70898,261.98972,389.51575,11.240456,99.10325,82.705574,158.92647,218.79779,457.75677,142.32791,261.98523,266.02682,326.82193,252.52724,232.50882,171.2493,282.55978,70.24815,104.42947,134.63916,221.18028,17.797071,123.46821,85.201416,39.022564,96.34423,38.393383,366.48773,75.04193,187.38095,105.01804,25.834442,254.74211,401.66934,63.446213,68.0165,28.770363,311.42102,302.35416,49.677452,375.70898,23.171164,222.36012,111.31144,37.238857,239.5447,61.080456,148.79733,258.3664,259.8693,86.90412,258.84515,12.397435,52.166016,50.05433,199.65744,109.83972,123.89132,149.55888,356.98907,144.07039,158.83008,98.94057,14.3619175,58.833435,40.916485,196.2706,290.4046,160.8376,244.61098,95.099556,74.974236,35.52632,203.04048,208.84467,34.749146,273.2312,320.33914,100.077736,109.51867,73.17759,271.99683,189.96355,264.8181,39.75021,44.0018,186.99115,19.178041,114.29331,5.0700436,5.793471,15.385904,34.030426,303.58264,138.29823,44.05947,44.84178,28.045635,58.203663,155.44771,88.757904,55.229713,0.9257653,70.808105,32.499054,185.33794,251.65477,467.5387,203.3667,93.3525,93.06006,64.95491,93.75582,79.68907,42.940453,11.04186,56.183647,44.17375,189.9658,3.99604,2.7984877,192.26898,173.04486,285.10855,316.12143,162.92145,108.2844,159.41743,45.285828,189.2019,149.2486,79.66124,156.84366,192.78351,25.611423,54.17431,143.30367,158.24757,24.30803,144.29515,115.872116,155.05429,117.39021,150.46916,289.83057,66.085846,202.13449,118.0729,0.28292534,75.00699,70.15718,19.581284,192.31874,62.65932,38.802505,243.1934,150.92068,73.89122,1.7121311,55.577126,164.05695,283.83298,150.83626,45.286705,87.81644,6.5302725,82.36975,246.64618,1.1909239,214.33116,317.07034,23.402515,7.5026174,398.03995,204.28638,111.11123,111.41702,172.17891,181.98668,195.7908,60.173992,93.189735,46.212086,113.36847,263.15872,44.412712,73.968315,14.424672,34.743984,185.54852,101.676865,111.24578,152.15045,159.47325,316.0382,354.07703,264.66843,245.07687,2.917188,90.22483,96.56779,10.113106,13.460634,188.01476,26.279264,251.83754,111.74939,111.20333,89.48412,130.94366,219.15865,72.90917,143.72511,57.56005,17.490078,53.02233,340.1665,164.35274,4.8619,253.51622,89.99325,127.9883,210.78738
SPOT_056,385.37463,2.5949812,8.792711,119.99613,89.412796,208.44032,389.6807,237.12325,35.43467,250.27722,36.97439,217.63556,106.758965,180.37962,117.01687,81.3485,108.61881,1513.491,345.78235,118.065445,511.75214,173.02527,361.752,98.8298,271.9317,47.66836,215.70508,183.08658,221.63477,18.728367,366.25488,147.88155,122.87746,144.60817,112.93173,39.02243,93.569214,123.22541,23.0578,147.03506,386.4838,628.9319,1298.0641,81.03297,239.76152,58.781345,50.954235,48.818066,84.77408,132.29366,312.01944,42.154945,11.528791,163.21121,78.47034,120.12895,34.61457,98.03026,52.652916,120.77868,164.26842,161.75302,21.211979,187.19426,110.14435,107.12832,440.7862,61.32974,82.05078,100.08946,175.31406,121.736855,374.84497,243.6183,401.42343,47.48908,212.06302,159.18845,247.77408,36.19206,173.77132,106.11308,137.78662,7.8382206,31.120504,341.20346,344.93414,6.2662168,56.802185,170.37874,63.86726,106.2652,62.115513,167.75839,218.02779,143.73088,164.79536,227.52902,75.18152,266.57864,67.97512,39.430546,1.1887039,4.291878,93.49043,293.74,53.333168,17.052925,69.889366,536.37384,203.71036,152.10693,248.50278,41.867863,44.19332,83.75806,97.150826,25.632877,90.3794,55.83165,200.56218,121.86548,158.5824,195.46532,50.90907,28.555384,139.00555,70.41207,94.26339,131.70102,62.42086,125.41641,208.86063,257.7149,76.85647,198.00299,79.0592,447.07788,69.78903,58.51736,34.578842,26.751669,140.6657,25.778355,193.60709,56.572075,200.00975,61.98226,99.274925,9.529104,239.48131,26.798903,15.867876,319.97607,157.71707,103.33463,352.4637,88.16602,357.5749,149.87984,286.56152,81.36096,308.47385,84.03397,65.48122,138.62144,62.79336,185.86111,128.51152,98.12536,173.81694,34.109924,58.29107,179.3751,236.1097,88.53807,202.15446,14.231703,82.31632,28.021568,9.986385,43.722458,455.08414,192.43878,152.14142,27.156172,33.45802,114.51248,46.36471,234.13232,260.46085,228.9453,226.47551,59.88695,107.17639,24.99552,189.59586,383.41876,135.22998,53.088257,61.16781,32.784275,244.75893,8.047577,159.50027,291.54416,92.34862,44.511864,116.26347,184.68254,75.91984,24.235937,2.999544,63.171494,42.45571,207.27272,205.64674,87.933624,30.988562,27.67749,156.93202,8.873537,86.44127,128.85564,90.785736,53.853024,45.14177,23.88272,57.97105,84.79447,14.696047,71.01793,3.1531255,288.74176,5.6463146,11.436832,43.66727,106.871254,215.18456,112.4292,49.249184,30.82393,50.662815,1.0911287,80.87136,174.25504,85.2717,108.561615,29.511267,73.88284,105.62629,216.69942,436.69543,94.99894,112.21509,349.10342,142.1834,54.07971,12.08095,149.8693,158.70535,101.92873,92.59665,187.59146,237.82208,177.57253,21.667164,38.697216,148.13075,263.43057,173.27045,7.5670266,163.30225,69.467964,42.627213,128.39368,131.82266,143.56181,53.136223,110.61851,199.63791,18.858961,92.4279,241.69456,117.800224,113.30577,10.516016,331.4818,203.14693,496.41367,357.14307,94.91942,94.87281,114.76437,26.607977,455.6574,127.255585,44.95059,8.2157135,3.751467
SPOT_057,88.78575,5.2022743,337.33,395.3398,216.14413,231.29004,62.124702,42.486153,1262.254,1554.6736,341.32166,792.28644,51.317192,85.05016,14.344933,108.87739,135.18422,111.5382,81.841095,99.2517,31.842016,102.91295,21.393446,90.20917,1175.461,70.94015,55.64487,11.187163,26.876415,461.9015,395.86792,1352.8156,2.3222332,55.312172,3.0431154,63.859116,118.58765,41.19843,76.48553,301.79715,181.12515,421.25406,118.218666,301.7141,142.32124,63.641907,131.84578,91.93989,15.83357,163.883,127.848755,300.489,249.22739,349.14447,180.2387,16.150604,72.48028,91.26509,24.443214,8.729256,225.94072,354.35776,35.888386,152.21313,98.23069,32.95634,185.42198,212.20944,377.4829,54.470436,149.96397,146.98863,212.10231,197.28217,144.54764,297.81238,45.518414,439.50723,217.81187,55.148647,332.89343,57.00303,93.7807,72.72885,323.7147,153.49821,8.409622,125.92247,277.59473,159.39493,83.38852,51.06212,76.822235,123.38511,181.02512,6.7765274,209.01805,289.4539,143.17789,5.2513967,48.56111,2.0868948,184.66982,4.4365277,240.26883,22.3339,294.4989,148.11465,166.16145,13.037232,150.18774,11.252479,187.3994,117.54143,447.1459,214.64592,36.72007,121.88699,36.43977,202.95076,235.0398,181.61847,43.38976,49.308434,223.36905,152.34326,263.35822,43.851604,30.173674,200.34013,185.58769,237.34941,201.22098,141.14008,200.53484,106.496254,273.85794,95.86736,98.49932,322.16232,53.313217,28.846672,66.4639,286.35037,64.5398,73.529915,142.93507,13.225149,175.97643,185.19795,325.5016,25.112526,109.824036,61.581497,129.11093,118.846565,159.48709,4.029238,117.33148,83.324295,121.50702,215.54901,15.605022,133.73917,275.2382,201.1537,201.62328,34.68239,142.90833,38.447384,217.6784,54.49388,46.144978,105.07129,23.039457,137.062,118.17109,236.389,262.58743,41.65525,44.195072,100.54047,106.32385,253.61717,148.33559,54.56769,114.347046,134.94005,60.12955,233.7735,310.00812,267.50723,81.30604,40.211716,35.47944,136.45183,316.40884,102.67141,201.16548,278.57535,321.68494,181.53555,44.43442,280.87802,200.18684,154.24295,103.462776,230.33054,260.87265,20.370716,81.12027,406.72836,129.80913,46.138435,245.43826,54.347515,91.01171,14.428757,186.95778,358.5934,51.845535,248.95032,92.136314,278.29956,254.65388,11.79524,102.337074,51.724598,479.63058,337.3964,22.570375,109.467636,21.067387,43.888847,223.80457,14.407428,238.03276,323.88422,148.78511,247.46362,100.90033,304.95163,124.26067,79.394875,55.21908,55.259342,111.11383,125.74359,152.78499,11.595996,244.79428,72.57063,75.962585,39.0087,336.10162,281.50726,399.11108,131.55028,127.87642,190.05203,176.57477,171.18384,83.25863,67.870964,140.65721,76.53473,68.21713,145.76027,242.07962,385.68954,77.99115,167.55719,46.000748,154.31247,362.93295,56.789425,117.69561,243.14354,155.17036,20.073402,552.84064,391.9025,246.4406,70.948456,291.0873,94.85192,49.946262,186.744,309.95355,255.94077,173.76877,203.42966,70.43129,117.82854,38.143906,127.77168,6.676622,131.33842,185.03893,86.24144
SPOT_058,362.1488,33.76746,246.17725,178.1345,158.04832,118.888016,23.836607,15.263592,453.67892,3.0073292,328.89526,219.7711,240.35805,187.66496,98.7937,394.059,119.56954,40.029808,342.1934,14.993034,126.02908,59.141975,10.9594755,34.25582,137.62793,793.73956,43.977066,271.5005,254.99902,153.16866,96.62845,297.83426,345.21265,23.234396,174.49783,48.652615,2229.6206,282.48413,84.697044,254.2844,22.457495,216.48439,19.575184,351.01712,111.171715,220.02214,69.10985,24.3234,29.413303,32.563923,6.8705254,138.26105,221.94705,146.53282,55.67913,162.2915,255.90042,354.72983,40.736874,89.342354,130.01404,104.157196,136.83463,156.04654,124.82925,212.48973,47.794117,162.96051,261.95203,156.63206,93.56854,33.919216,271.45364,133.5491,136.09583,465.70886,355.7189,36.199406,74.2105,110.898026,152.91396,156.01187,27.69258,93.97294,219.49759,121.745605,63.33728,170.22403,185.04695,12.37501,328.05618,195.82802,68.78363,178.32555,98.02313,88.755554,104.2535,148.11157,38.8193,78.42296,223.37381,57.56815,276.99252,164.0272,94.221436,232.76665,47.49588,71.04234,50.109425,200.21884,81.90812,328.0307,195.5755,94.16881,184.69226,32.351852,12.899545,125.39367,114.71995,30.517273,21.662985,129.68224,154.54553,305.19287,368.49002,261.97372,8.133395,180.46437,65.49128,62.286194,99.76581,145.62978,59.189552,186.26384,195.20471,0.9595032,150.47458,179.10316,82.94199,70.81064,161.4074,120.48592,315.25363,15.240761,277.13263,215.04301,7.855855,25.168549,354.5382,186.92989,7.1031957,190.69586,88.67787,303.11496,204.54051,105.66764,70.72332,4.350857,93.49859,208.80367,298.13806,346.47217,8.478846,436.15912,71.82503,72.07776,257.74002,82.620804,248.67882,290.10907,370.9488,95.22444,33.432617,200.29755,170.70107,140.68079,88.427345,53.913677,191.52826,32.14481,252.39774,77.08579,23.497612,38.675648,70.04432,359.3074,146.1883,37.96671,20.704601,181.57724,198.57132,5.7633843,52.31997,59.136257,408.9855,286.01813,108.91146,101.08776,215.87083,134.92487,0.3813158,38.64502,226.10794,8.018076,472.80325,29.332136,11.37306,43.544697,281.53833,40.467014,187.45764,146.24457,129.22765,362.54047,9.244576,147.07718,33.96068,169.02525,111.77956,493.7603,128.76076,45.401665,278.80524,267.50867,351.014,0.6043716,267.21375,520.31573,126.683266,66.21539,181.65657,399.3738,131.1735,152.65205,36.568146,55.833572,97.8852,161.93137,110.554276,297.52823,187.15721,61.491325,83.9379,256.00653,39.576626,20.334686,34.905865,11.374848,224.30971,55.950912,97.99218,188.61282,221.48718,240.8995,275.9011,65.64812,50.98859,181.19243,102.05575,171.7496,67.81959,265.49112,179.59613,102.063934,170.18431,289.8137,214.07103,240.01904,22.460144,46.415092,214.86813,179.24103,68.370026,102.11501,303.89612,109.07334,22.705479,58.800766,168.37837,33.767788,88.730965,58.57583,235.61809,271.96643,202.09883,119.01339,102.389145,166.39354,374.4509,143.1315,188.49179,10.095431,209.33656,111.5768,127.27911,129.14975,173.8035,19.2829,119.69398,277.70798
SPOT_059,32.816647,19.158375,228.30455,168.62502,219.58977,129.66435,59.870296,221.21008,5.395399,107.42288,262.33884,123.53194,223.26901,185.75963,58.755173,77.28313,208.97148,143.77635,14.840272,123.68525,445.84485,289.33282,158.24449,345.3461,1.8120615,305.72256,105.56156,135.19629,7.449437,27.42795,278.08368,406.68954,35.32902,236.25887,61.944065,112.24792,285.06915,59.178032,22.077919,147.33446,363.99826,331.7251,815.2719,885.4027,902.2059,186.73952,333.69016,496.1633,256.06714,87.64107,21.346996,31.582518,340.3314,127.27059,162.57664,309.4038,31.9135,0.19280404,273.57623,9.970835,103.30823,1.6722124,130.66624,268.6698,163.60004,129.85933,66.404724,11.359282,239.78322,71.6819,334.20102,5.8367887,286.95288,5.448361,218.4682,155.44899,94.47569,30.763811,59.60957,38.202175,1.4894091,139.0023,249.79556,204.9658,69.37218,30.067759,51.350754,57.963684,211.28723,301.6512,105.96466,71.22808,131.03098,63.88584,382.91354,332.1763,135.90611,341.38873,8.027761,127.07733,210.3784,9.941479,62.69551,34.626408,118.45959,183.14839,20.447447,181.97945,1.9247961,63.793182,153.55089,203.0265,73.03257,89.89463,88.65422,59.00737,86.3027,185.05222,90.36034,307.23526,48.211098,459.6536,240.55243,157.88411,197.41035,123.85944,99.708244,131.28656,159.77213,28.919672,249.18808,37.424217,17.620632,221.8418,66.06843,50.366135,80.10769,50.206158,131.37175,32.279045,36.32132,71.59325,105.20986,240.88495,367.87836,157.8168,111.69736,135.00688,47.083946,268.12973,146.88416,152.84514,39.85169,144.74478,288.20135,323.46298,363.95886,97.97809,154.55942,97.737335,118.46043,43.937202,134.68944,75.64753,217.7937,20.661987,270.5043,36.02422,224.74469,37.226944,122.295525,52.304466,194.68454,286.10043,455.04083,150.15494,54.555492,82.859,297.0638,176.77663,23.464296,15.279883,67.97131,79.86163,60.947,34.857956,10.033159,119.65736,403.07806,277.98,396.80676,194.24911,40.81694,121.07032,539.1481,5.062378,142.6311,179.01326,125.51933,54.150352,110.90666,70.681435,185.72878,160.0654,78.18784,23.690767,88.48557,38.52259,126.78095,158.07852,313.509,153.77574,41.647675,4.0819545,120.6163,164.16426,356.39072,33.50915,15.181386,152.90213,335.85114,5.124409,176.22646,115.76772,220.78091,33.445007,10.923378,163.55742,377.30905,86.165344,207.65868,16.851837,163.41492,3.1345649,87.406906,156.8719,267.7839,101.10798,188.58629,65.72891,148.47913,157.14946,88.45387,242.36652,280.75354,206.47182,44.95249,77.569885,125.46567,51.271145,205.37334,81.29925,57.51224,92.67501,64.79571,74.18057,251.36382,373.88873,143.50542,277.02988,221.099,114.664604,219.18085,125.14846,65.55061,179.85364,225.53996,33.74667,216.73564,191.06514,20.811743,173.85689,76.77708,268.22583,26.739975,23.42719,363.25742,213.76819,214.42233,192.75438,153.77713,232.5146,50.503494,104.92731,197.0232,203.91159,198.9565,8.010375,128.91501,34.445206,169.60141,184.38333,77.3417,56.76712,235.5801,177.29102,140.99557,141.34596,206.87483,185.65488
SPOT_060,57.930336,140.6444,124.444145,106.26511,134.9199,49.340065,309.78848,176.83492,15.494929,246.27402,162.20586,292.29504,297.65436,96.25515,33.927635,74.03039,120.8719,1823.0797,2.6545894,231.40181,13.532066,380.83875,91.68212,35.05932,163.19672,50.45243,52.647156,65.23244,41.738033,172.8019,152.2881,313.4685,174.7959,252.6657,173.2693,63.687153,221.73637,104.27375,167.17816,78.85416,129.7099,1439.6031,1140.9954,977.0611,161.04189,335.1984,125.79591,166.21208,29.873112,66.735176,32.20771,12.50389,244.75308,76.41875,82.38089,209.72827,69.97838,227.13794,217.25465,24.451513,25.083218,113.99939,111.03396,152.41002,177.23804,141.08821,142.7331,102.42531,23.674091,31.568342,217.85829,67.26976,66.59626,144.72234,118.67382,42.507824,144.70891,143.61333,242.64616,17.861332,23.851458,325.94394,79.38429,46.025917,77.171036,36.7753,121.83988,19.676928,2.4575243,45.2977,166.85994,121.62924,87.62794,120.40137,59.79559,256.72217,103.09055,203.59615,108.08045,67.0981,163.1714,130.56122,242.09273,110.40761,171.84003,225.95818,132.02318,160.19325,49.703773,195.95299,21.786098,37.017345,64.9044,251.44981,147.1473,88.06316,353.8887,79.80768,310.07297,541.89404,124.08886,28.684544,152.9631,144.20314,307.74707,139.54153,66.81455,169.82457,26.032974,157.17047,69.66954,52.268936,507.96005,194.15735,207.02316,262.85147,127.29396,13.442696,180.20477,288.07153,253.85622,96.038155,321.10535,0.7653774,466.09015,26.043505,103.71469,251.98262,229.974,91.93177,25.405258,92.543884,146.91315,27.38407,199.67535,320.5587,9.0768175,227.21,166.64484,14.744213,314.45816,102.43105,345.20987,392.77823,212.61438,146.99246,114.26449,82.97256,296.33102,198.01746,86.12995,97.01335,154.93283,243.75798,51.78727,69.07554,380.0904,94.098015,166.55229,243.88074,117.08532,224.96779,90.34094,98.03221,48.96,111.97167,147.98816,48.09792,88.420395,121.41091,49.532837,59.052666,8.7631,83.42287,70.17258,65.38485,152.48003,40.03095,117.8972,264.2439,176.97212,2.2302136,37.957024,188.24454,85.93312,247.39188,12.560526,55.43308,47.31283,265.27277,447.50998,201.6102,142.40765,82.21874,600.4623,231.09999,184.75813,91.38456,30.70668,73.33525,115.097046,160.7113,146.85364,45.526897,74.86608,196.33566,135.18483,161.18285,150.69771,130.28389,92.59502,163.88858,209.02402,193.92476,46.956745,303.15067,273.85956,317.41272,65.063576,68.30627,35.070988,125.4742,13.01922,132.77272,126.19143,87.63947,162.28178,138.27496,247.10243,90.70753,236.08836,152.26805,131.69398,34.905952,66.74336,401.0678,29.255033,60.339302,169.87839,166.42403,41.991764,29.002949,364.32513,17.956848,79.50422,116.252815,310.8246,147.89084,422.6523,1.0301113,36.874912,403.19373,329.6972,162.1986,24.497364,35.55528,98.91802,14.577824,226.7213,64.294716,417.86734,4.638484,108.06421,182.93182,315.956,59.589386,250.33067,56.90093,173.90277,314.26266,93.73976,0.7989341,123.69195,49.358707,12.459494,238.75827,48.696613,112.185974,22.098856,162.41864
SPOT_061,69.0579,158.06454,237.45094,28.292131,94.36112,60.537926,129.26479,110.77062,37.91051,26.676535,126.490875,3.1755257,248.20403,52.881603,106.73115,135.4022,184.7555,2294.9214,142.46417,212.7409,69.51473,157.59091,16.45014,189.57716,19.545149,107.65661,73.26573,109.30591,209.64793,43.241512,5.0305986,149.2819,154.09814,171.84776,47.983013,88.5383,144.60156,329.4843,390.9588,63.66691,16.50941,118.34097,956.8794,987.068,1279.6299,85.681946,235.22784,316.48898,79.244644,148.20291,43.43785,52.015907,94.520325,187.54427,206.67732,330.97583,289.02423,157.55824,13.104322,307.94553,221.92535,60.613747,146.58116,539.4957,18.928797,113.87668,31.035572,44.379375,94.41661,79.49251,225.79219,119.79609,136.48405,315.87677,162.57018,362.15662,311.63843,89.81617,51.63549,238.54745,10.372098,44.37965,104.32463,156.7618,25.094728,215.90031,14.866294,23.370537,144.76823,29.707315,28.538937,211.58173,289.014,13.688804,136.84723,156.55717,135.70418,91.41837,126.68999,159.3847,275.42358,312.35593,229.65678,6.025466,121.529594,535.68585,238.0937,23.600197,282.19904,18.170454,196.65457,107.899376,197.83315,245.92438,74.52094,166.4446,309.16443,115.08532,512.46173,84.169716,130.44136,25.708794,248.1043,65.90154,22.398767,17.404325,7.109417,117.431725,24.712393,32.41847,1.3616388,169.83302,316.91302,151.27826,70.55885,148.50214,33.678276,96.9029,43.16343,198.65285,454.64972,88.52038,82.83367,82.87601,161.3645,215.32697,164.3905,102.30339,142.78062,134.21169,111.53228,135.43852,138.19125,260.21432,58.246395,90.340996,377.86493,127.12021,12.377115,189.75296,171.22993,59.00676,93.011475,41.96447,260.61438,50.23905,14.060825,76.82156,126.99875,27.994509,180.61809,174.38834,359.74902,149.63785,142.91025,238.27689,123.400505,99.83379,22.774687,139.48462,51.53008,324.8008,17.720156,241.74146,157.34053,132.37979,362.06842,167.25412,22.951437,79.90677,266.92435,1.0056841,6.039287,234.54034,265.19043,87.59151,156.90692,34.250923,207.15024,15.549296,9.783229,165.06505,280.84354,333.8392,203.63382,250.65227,28.035345,18.008337,49.318645,73.623215,68.62845,147.2716,72.43041,21.693306,28.300808,168.62657,83.42009,13.084104,6.4622335,62.148693,84.302765,147.87698,193.65454,74.06217,109.9991,203.91891,283.14154,11.353981,305.36246,233.78464,136.18694,36.861347,231.38765,216.86658,16.911427,71.925224,210.69269,185.71713,91.9222,289.6717,6.7935233,69.47221,106.2102,266.3757,50.122585,398.0237,69.65714,282.4634,135.41199,38.798214,138.87405,1.5144598,53.59242,130.70296,340.46194,54.105648,92.89083,34.155277,453.5474,24.28328,106.99447,206.11223,328.6622,65.44517,117.835556,71.40531,2.6946752,210.6831,23.927122,86.66916,96.329575,304.2815,150.67914,51.025787,152.6971,13.91211,33.925827,257.1959,244.32147,30.580776,96.72578,121.08969,113.093735,35.55515,240.20682,201.09558,383.02524,134.0771,212.31316,23.815624,397.5027,343.97388,25.38283,85.7277,6.0569925,68.7459,129.24596,107.949936,26.716076,203.37985
SPOT_062,25.739368,69.97415,84.60813,219.22638,950.38434,41.23622,417.12366,195.49974,231.39009,9.838102,108.5324,237.7155,25.142754,261.61148,70.05801,65.57875,181.86676,61.356743,283.00964,17.799698,598.84503,6.6494136,493.46808,69.8787,35.72216,921.8636,302.25745,175.51929,131.8289,163.34935,6.414941,115.95654,18.008753,36.489605,215.99922,92.0156,318.78238,7.545247,14.749647,348.72916,131.58675,153.43942,29.874313,39.626137,77.598,139.95895,19.871983,40.027996,28.910034,3.2700386,528.87384,119.99147,121.628075,124.937416,107.130424,52.453144,195.55399,88.48042,90.766304,56.734573,128.667,334.4625,127.23361,30.596252,211.01085,314.76834,55.421272,124.923615,230.77951,98.51182,131.97885,114.57756,219.34947,63.034386,323.7301,12.633454,182.48286,130.23091,54.219444,61.006973,25.480669,126.56813,66.192406,71.22555,2.6668818,168.38899,33.946533,14.206801,67.39208,29.204737,141.02786,158.86751,139.63777,194.9763,57.441254,182.7617,63.486145,149.17328,106.38823,189.20944,287.06866,236.29034,204.63683,134.49359,179.99046,237.1291,397.22092,303.5754,195.25616,139.16373,92.347725,139.84593,103.276,357.75616,21.248903,219.05327,45.56673,216.64204,286.36945,118.85963,88.647026,84.72117,110.769714,343.84576,107.67143,233.85262,164.87416,278.14124,144.5969,296.32343,219.51593,162.79112,198.59268,44.723236,186.86508,127.27999,63.71675,437.24023,295.63547,7.855224,232.73389,183.10417,178.49634,108.18953,249.62051,122.89371,53.38509,76.78223,125.14815,202.9106,129.1075,20.550648,109.82695,9.470137,125.7179,297.72638,199.68687,205.05278,55.326656,223.90955,59.04175,61.115395,212.51268,187.93547,169.42615,106.045845,89.08414,173.51122,188.98444,48.462326,7.723319,0.48343065,93.31842,104.37394,194.10555,86.87971,120.26685,174.37404,40.419907,190.52109,42.806496,73.9543,181.63861,66.42004,49.717865,254.0784,91.48812,299.28708,226.6281,159.68925,178.19115,274.5546,275.90637,177.85728,174.15413,54.478985,150.72878,63.399117,299.66202,241.70317,50.99273,232.43953,221.66992,194.87248,89.078514,231.18648,292.88126,199.31612,38.122635,6.1088195,79.1118,35.033146,142.60968,74.16941,352.9292,480.98822,281.28033,86.080315,60.794827,143.67346,131.81084,99.58818,387.20953,325.1308,134.33011,172.91037,160.75006,42.951065,387.5417,51.678116,151.54434,145.44962,45.07344,89.698135,6.1662273,14.819498,337.64563,273.65002,177.00781,171.4317,59.139587,19.500273,262.61636,48.496223,101.96379,49.416515,41.663086,55.751312,347.89215,44.98533,209.207,709.61957,216.77562,76.154396,102.78838,368.57736,243.6809,112.48911,253.29799,57.342003,6.1763997,192.5445,193.89003,119.40895,3.37999,49.10281,172.4999,230.8602,145.90709,102.40288,197.25723,60.22037,37.71511,106.20467,148.1931,226.9713,95.91328,203.94118,124.95799,260.73557,234.99223,191.28604,74.78109,240.53973,348.98398,204.37994,115.64541,228.87794,61.248543,350.40573,8.851343,61.65558,170.2872,389.42548,97.433014,41.05884,237.07056,32.712166,8.619981,50.7039
SPOT_063,49.469826,66.69036,99.52977,115.78472,137.89449,109.6445,252.22572,286.27744,53.490086,168.94725,156.78815,428.75845,44.111717,198.37654,25.872738,75.20824,106.54414,3.4475563,341.28033,174.07545,1.0413207,16.219877,253.02184,276.56274,10.124161,252.66013,300.3533,80.12529,87.920296,158.11209,126.67265,2.49043,129.62933,12.725465,68.48434,30.177027,158.077,151.0646,231.8779,150.86644,42.940357,78.01769,69.79697,157.99991,0.81527233,125.52974,130.62016,6.6992145,121.92519,37.683777,98.889015,133.11191,122.394005,90.59918,17.414892,77.11591,47.05281,74.612915,202.77322,175.29591,33.654873,252.85774,62.43739,302.33438,134.33698,137.97067,141.15063,5.1970463,158.37668,144.06131,275.43097,258.42188,22.059929,92.81413,246.3522,125.010574,41.192856,243.35233,150.54094,149.26024,93.70094,7.1129775,178.81805,130.39915,52.101192,256.20062,23.533895,97.389175,177.33963,251.70427,236.92451,305.16544,73.827286,186.84875,59.059673,8.567504,48.68343,3.9566793,50.609726,16.334417,47.719276,82.89422,60.873608,103.68453,345.10672,263.50214,99.95296,238.55563,143.72304,32.62881,271.00284,47.189503,60.30682,203.95352,267.50922,88.68948,58.410778,210.13147,134.25813,209.02,157.98537,30.743801,34.160095,91.145424,154.09938,16.215027,30.370062,41.432545,14.233295,62.02968,394.51865,461.03363,115.0589,417.28375,107.18915,33.525444,190.98753,51.279465,10.548709,203.20319,228.38051,249.58081,146.9891,19.006733,17.718773,40.676975,78.15729,179.29886,310.08774,104.204346,153.42006,26.52772,13.563404,92.63524,69.87025,369.0714,83.072365,69.2551,423.84802,105.33725,26.126764,170.07849,14.775641,140.43909,188.42415,26.517393,168.3715,151.30219,32.33989,171.50737,206.57927,66.3884,139.2015,76.20795,226.62048,7.4893494,221.06076,202.66745,77.11712,230.95538,77.61235,84.32597,80.36042,18.90027,135.58755,198.76735,25.276655,78.37482,310.49738,436.36768,258.75824,86.49782,103.74408,421.60443,286.71338,30.701883,244.85309,159.47461,90.694786,15.335267,147.18353,42.082447,85.17874,198.39514,117.21173,43.603962,339.8152,126.45055,351.83926,223.99849,16.448627,158.48663,5.655145,29.717918,70.3799,77.067406,15.604947,7.500856,212.65944,11.883958,282.3361,75.444084,222.7059,27.25489,128.63031,240.90154,25.050322,127.85076,112.448555,27.616928,275.97144,313.48254,120.756996,347.55005,175.80199,323.9711,87.50456,77.050575,20.22083,430.5372,195.6448,167.60841,215.4699,487.20383,191.26295,106.086525,13.473326,49.233883,266.7732,28.26705,12.821651,162.745,96.93477,272.73175,22.531487,372.81082,313.3223,93.98344,278.51013,217.69604,149.07703,56.75573,48.028713,122.272255,401.00394,265.9847,51.43765,200.93224,49.48754,36.80013,58.081768,26.735584,207.90538,136.78432,179.43608,109.00254,116.784325,216.71262,285.43942,190.04369,58.332993,277.38596,252.91002,246.72527,120.9557,165.81403,59.792004,270.22983,92.675644,356.15723,141.5017,323.55807,83.483505,72.90533,174.47025,151.91806,161.82747,431.4643,86.767166,130.33696
SPOT_064,84.749466,97.44829,68.38042,20.854937,31.412819,63.41488,11.330117,67.55313,13.6703205,193.79964,31.574455,62.47193,262.31485,76.2225,95.47623,71.70095,375.30533,2266.335,141.18608,128.30487,214.46686,31.718287,99.12228,156.27159,130.65977,53.85521,32.997032,196.87831,129.0906,101.58488,269.61456,97.03992,143.8018,185.12622,27.574766,248.82889,119.980125,157.35059,511.13214,64.085846,155.0968,436.91614,1228.6731,442.87787,220.64856,46.754528,159.12654,124.916985,175.03268,384.05618,20.550434,220.19527,92.51933,50.064182,434.22778,159.22601,20.919107,96.80911,89.86653,93.93902,205.0302,35.153023,53.89089,106.60399,96.98587,213.24525,57.553238,204.14297,83.18088,9.780419,240.52853,292.67603,156.1643,257.4311,70.58307,376.86557,276.36008,155.4423,140.79361,28.138527,248.08138,189.59169,163.1306,56.128872,58.969353,62.26986,23.41275,160.07722,149.42117,106.44144,454.67307,23.037907,19.593699,30.244608,135.77843,238.46147,83.36493,64.13423,103.44473,120.76458,254.8639,180.19168,53.42888,38.391914,153.4336,70.65861,42.945156,187.71577,256.77652,225.434,189.06915,140.44693,270.43643,11.294735,108.02096,3.8552933,96.14189,202.7624,25.300154,61.736935,207.76225,22.18355,370.83853,80.6067,359.63068,175.45233,93.147285,115.65579,201.5219,86.08187,52.356815,117.097565,168.70053,118.03523,303.01468,179.27948,242.21303,171.27937,106.49586,1.3027164,58.003407,236.26949,13.85886,227.68488,180.56465,41.7227,200.2083,190.71335,58.58178,71.24489,23.474669,44.4282,216.11588,374.64148,147.21596,43.77988,162.35971,78.70247,128.30002,1.1786339,153.75594,41.6614,144.32133,181.13544,29.060484,12.620545,220.75018,37.372932,314.29395,242.58325,23.385403,32.29165,111.61678,146.40479,303.20035,2.3335094,195.67215,2.8844981,56.369076,500.9823,188.98984,8.939044,20.145002,171.19023,179.79518,524.079,115.73877,5.033978,236.00589,158.43855,404.3138,100.223274,198.07712,324.74146,149.44719,334.36285,118.23589,44.570076,247.35121,14.070588,130.95853,26.8149,141.62897,40.23127,3.5057638,347.3068,25.699492,241.98128,118.62467,280.98767,182.28459,73.64971,97.735634,53.001827,155.8862,50.174232,131.77957,100.21221,72.96375,204.94452,227.58072,44.68059,4.8419733,30.364693,58.97506,10.3276,109.45667,17.538532,361.3147,314.61923,347.03085,0.012936071,171.04349,62.226704,10.442717,81.60564,443.8669,45.583637,96.27443,297.27713,355.272,29.39011,133.96124,154.07951,83.309494,121.0415,108.744896,178.27675,209.60365,28.474089,93.33231,73.96578,114.82775,280.17664,105.3523,58.40553,149.66615,77.22123,213.64076,242.13324,61.056858,52.553856,80.215836,111.8261,158.06432,327.70444,166.77364,171.47688,216.62282,96.14447,184.91643,25.01509,297.1896,74.71305,30.458458,7.294029,216.72021,82.25893,45.382168,3.955193,331.1986,47.89146,447.4431,105.39388,153.93402,80.50798,107.06766,7.343679,193.49812,0.42181256,527.45764,332.24423,9.471983,28.82595,176.32176,144.32204,65.19318,94.48066,162.74693,282.54343
SPOT_065,59.871742,18.312698,302.5403,134.56985,205.86082,75.241646,172.72366,185.35648,545.8138,294.4192,478.33414,539.03424,114.26319,290.3634,122.95126,71.014244,100.89527,171.79272,215.11269,9.632569,11.538463,26.50857,52.10699,307.93964,230.0535,354.7221,228.4137,306.58878,193.4033,106.77078,388.58896,1257.5203,269.28058,52.864655,189.91829,74.6215,143.32034,124.86564,39.88861,311.54672,119.9371,298.6687,152.79062,71.32888,134.6616,2.4580195,231.48901,102.05644,299.63986,53.325348,141.11517,52.02022,22.726057,110.31444,247.97263,279.06784,276.67224,120.428055,448.25073,119.96639,137.8176,50.788715,334.15768,72.69986,229.16905,203.833,111.91782,17.210344,0.67929417,43.96339,6.6625876,76.8799,61.748737,83.90648,137.72424,76.74621,214.50964,127.06095,167.82755,30.945753,168.50708,145.73601,57.579834,169.69748,501.4641,176.72795,210.67844,138.10907,410.13312,38.590008,8.552634,172.87505,281.71863,90.059975,139.42824,178.88855,55.29671,7.957112,149.77985,98.45432,47.606464,97.88429,28.789587,99.12256,23.435196,2.959367,161.62756,113.52237,66.676994,151.53918,63.28934,43.60647,14.946877,75.98126,161.7023,234.88924,51.38751,192.49242,48.439945,180.7773,305.43375,357.73215,117.05601,154.52258,45.169773,65.89006,287.54175,13.307826,158.60754,50.644176,10.729773,350.42795,164.99298,51.21216,48.049145,301.68387,5.391836,59.70131,7.604929,72.7477,6.57112,353.15402,278.58716,62.933495,282.27594,62.6798,129.6664,259.71368,141.2149,102.09513,115.78238,70.17573,86.09407,6.0483074,69.055984,21.501791,114.35518,173.42984,429.30157,32.59972,273.48807,131.41441,40.98764,132.1209,179.52106,21.475676,283.4882,176.5957,134.99452,152.50859,266.7813,168.66805,18.578926,128.19618,694.1475,193.3692,303.13687,106.06109,5.618626,381.1271,179.45235,90.82883,126.371445,270.49097,265.6568,34.35839,23.601683,61.780693,63.63252,34.120773,82.33213,25.015617,75.18265,16.805735,118.69684,0.7202268,128.58958,140.46779,60.507,21.496168,6.340555,164.9482,89.72353,35.433346,21.24499,109.553085,13.273342,180.48985,33.571117,40.785107,126.9591,354.3946,116.70415,300.20102,154.83315,20.667067,54.547527,98.199684,336.90863,63.82625,98.95522,29.270813,48.60893,251.75244,45.15384,262.24875,156.24983,89.40629,19.436367,84.73559,66.73396,3.724665,23.706045,106.46788,214.05109,254.20656,424.9588,157.9252,320.0356,40.34994,30.338264,70.53959,178.08809,5.764562,21.80149,132.77132,157.8154,165.38484,305.38486,86.0182,143.55186,39.3405,9.427111,209.4291,126.87327,108.29744,89.18706,209.75862,232.61288,251.26024,181.12334,147.4035,279.64706,69.31944,7.966822,206.139,125.80268,404.0817,172.56741,27.638636,211.33878,104.565094,258.4719,38.711166,166.69217,0.6607959,183.91055,60.76327,72.55661,15.772528,84.9774,25.060211,27.12316,138.42902,77.93573,406.52295,221.12398,265.29138,426.05438,13.714636,160.82512,93.58954,183.89857,10.737822,29.35103,136.10074,95.73764,51.60714,120.63011,5.651269
SPOT_066,1099.4552,124.88857,113.186485,33.86118,456.62198,58.0694,50.827995,164.93274,187.09944,52.30885,356.85236,430.6137,137.39749,12.316556,170.29161,732.8473,37.85122,96.846275,311.36172,148.3962,366.02444,42.556667,147.81621,99.87611,161.22394,381.30267,216.21829,150.7935,20.782318,99.61763,160.17471,51.548126,317.80103,44.493366,21.996387,217.86887,65.46298,268.92093,97.34908,423.5016,211.96268,164.29083,171.23987,343.9761,119.338196,105.966866,151.40184,313.54605,2.1182108,6.5809693,99.361496,102.4743,600.2807,116.34436,254.30196,72.0551,52.000637,2.7697616,374.13358,55.7734,200.72345,253.7009,129.39542,240.38376,226.69232,130.3204,21.094027,364.50653,171.64708,106.589935,62.30985,12.310896,276.91107,22.566057,2.7204463,284.1508,118.48,146.57811,35.75083,180.45757,0.20897761,124.50692,243.66777,265.44492,53.057533,177.70486,57.373005,212.67552,39.129517,61.499752,130.94823,397.06833,132.04942,130.59329,213.6829,200.49199,40.798325,23.063114,187.74765,107.24974,21.823872,99.840034,333.42166,44.475418,95.48817,283.47617,222.06496,45.419395,61.045506,178.31651,103.33165,330.568,247.9075,233.9774,97.60669,6.292925,232.12685,142.60574,11.025488,305.71686,348.93484,107.34004,321.30466,41.079155,182.03317,134.40327,119.62538,285.93057,91.70907,241.60622,119.20285,144.59631,94.48236,102.88957,221.13318,223.12924,269.69073,421.19934,31.918102,45.520702,124.54755,88.193214,172.81096,53.96331,313.35446,58.814026,47.318844,41.65314,83.6931,41.030506,231.1947,56.25273,67.35124,104.57587,5.84677,173.07408,204.37044,470.78442,314.50272,100.03163,21.017542,120.10018,517.68585,131.1352,128.85594,169.59137,115.612564,28.510551,234.69734,59.1367,195.334,69.22484,158.60544,181.02834,191.60934,118.63225,133.6942,185.94519,128.47234,59.034668,173.26656,92.267914,135.56009,13.698435,22.52394,165.44855,198.8325,122.529884,366.58484,74.29394,221.91602,84.358894,159.99098,162.44849,171.4663,69.80892,247.92598,68.103714,308.43533,291.58557,62.691525,50.998245,168.57358,104.325165,268.21487,117.75318,359.83582,280.55276,41.67891,390.03912,144.53098,80.65768,105.52099,188.343,94.13488,12.872522,241.06866,273.03452,172.56668,327.7741,398.39,36.89805,26.809704,60.537666,168.20737,247.53223,337.24374,160.81543,14.910908,80.97594,75.64303,213.46347,236.15308,83.96455,131.08286,25.587212,160.75221,26.57733,219.08339,273.99695,62.77955,12.926366,480.9973,195.4715,146.44786,170.67708,127.2318,147.25421,147.14745,291.2239,372.8239,65.08661,260.58722,253.74228,103.21809,157.6753,141.99556,199.5798,223.40417,383.1462,81.07415,95.329475,134.53636,100.87463,311.4532,315.19955,114.0431,87.80148,24.611877,158.38441,133.88933,122.45453,15.354813,211.9178,76.5447,150.81007,238.89442,58.77659,44.941135,29.104038,49.480743,104.59212,520.9533,214.69843,323.044,110.23198,191.9976,24.678093,33.7507,179.19334,9.835099,142.6721,237.3137,155.81416,107.912025,190.90077,174.2736,330.91864,313.86502,127.72819
SPOT_067,1099.9197,142.25964,280.98413,568.65314,285.12708,93.39066,18.11198,92.54537,225.28429,82.12212,290.1213,28.254353,82.337555,234.11406,53.580402,172.62215,55.172195,160.99995,87.607895,237.07767,327.78162,43.72456,313.5273,141.26857,193.89465,714.2068,648.50977,7.486032,255.67218,182.27434,179.28584,319.36313,75.47635,89.763306,57.557793,32.88596,229.3206,281.29477,86.066414,54.842216,31.37598,41.097317,344.52106,104.42298,123.72718,258.75842,207.83134,208.67084,5.4420843,373.60712,80.094635,312.48755,246.43105,138.47961,297.51016,200.43384,116.33711,192.95273,34.838234,18.836391,62.30645,139.7778,134.35107,47.75905,61.271126,128.16731,33.279297,147.04222,10.518966,15.378963,47.10731,317.9236,23.84005,180.82762,41.32573,42.883972,21.448668,10.588754,50.35819,172.67773,263.76126,117.77354,161.6623,134.21445,27.894962,138.10043,128.41722,141.77328,154.71735,197.45132,69.94246,3.12914,43.545803,337.80426,309.90466,49.328274,31.086794,224.01883,422.09503,92.104904,69.68111,60.535812,31.227587,260.48428,121.222595,172.44635,8.481649,251.88715,374.3455,275.2934,64.75783,5.7185483,37.829456,66.34384,362.1099,148.12265,167.00749,0.34432846,10.969112,211.79475,263.25546,43.118904,143.85649,65.50044,1.338685,36.76589,123.84158,55.09789,104.51436,162.2478,17.1362,233.58852,130.2187,575.8676,89.00867,6.7761116,24.504452,356.4278,103.483086,95.48133,295.78842,65.63557,87.599304,141.49461,143.97852,325.46213,229.65356,157.3368,25.724646,91.152435,0.97404027,210.13033,0.7578938,97.26735,152.38887,111.353386,63.71584,340.67767,257.35947,104.90905,27.258078,252.19249,143.0421,412.85916,189.70757,60.86526,321.65414,161.56602,125.96668,46.10986,51.737434,52.04168,148.55534,47.740295,69.23343,242.85098,184.38232,120.86955,195.66545,38.356304,138.04942,94.67149,46.52283,58.766872,416.08966,13.469138,111.21088,349.5049,154.91684,195.64447,171.78835,74.79684,186.4017,62.033493,40.796032,113.5539,200.44797,372.826,24.310026,169.08536,61.806664,135.99089,209.61841,87.86453,71.184494,218.24837,147.26416,365.99387,89.6876,181.82353,285.1012,211.84558,28.065346,20.874825,107.003975,221.1708,58.496147,215.13338,214.72133,265.8442,192.13507,152.88869,67.13253,206.0835,89.441826,98.08726,1.2337191,201.32448,258.43323,212.94553,226.12843,234.86287,161.8553,198.75862,100.86514,98.10496,1.9984664,252.77498,343.44196,46.68918,478.67062,53.51168,168.25465,40.43382,130.77269,64.27177,222.23616,159.52292,57.807392,191.77466,137.85913,82.06248,54.664665,285.5155,7.50236,315.85654,116.43669,384.84995,128.229,141.77908,194.75026,171.5344,360.59613,58.918938,119.27581,28.518595,57.04327,282.17706,182.60594,212.51578,21.976578,217.26477,284.87143,15.263575,56.71145,11.9121895,17.05872,298.25397,279.44647,44.241302,209.35785,372.15417,418.96786,138.68648,111.415955,81.882126,87.86777,92.888664,98.37439,17.147532,15.143326,283.0951,147.55165,108.45637,122.76392,216.96652,422.35223,118.14935,268.70975,129.73091
SPOT_068,307.73492,36.0273,362.39777,358.11075,542.5288,204.15498,39.15529,180.62497,301.32352,38.944176,174.91074,53.759773,205.23549,235.69092,163.43852,281.49567,93.578926,108.575294,267.9611,0.07365346,406.32047,72.26388,86.233864,210.99115,174.24533,1178.7666,150.27043,29.310125,56.978226,37.631516,136.9321,45.431675,204.92326,340.1456,39.5283,3.8219516,411.24243,230.88539,52.153923,178.2315,25.009985,317.69495,117.21416,246.44388,229.47328,27.327436,247.55772,360.31058,95.82696,57.768436,81.1077,47.346333,11.755928,119.19394,92.9043,275.37903,90.221214,183.73323,204.3215,156.01144,36.467735,385.13293,79.050674,115.90434,323.6541,176.25249,14.342576,25.824553,93.534744,25.404629,227.65852,57.810493,176.94594,191.41954,132.38434,5.331805,114.06887,110.36205,363.57297,205.21487,183.7125,146.89156,75.663956,179.84694,215.72684,52.72035,45.230556,126.97807,16.053785,36.45376,145.1656,143.71896,414.38126,27.45809,249.13802,78.86069,205.06352,55.161324,31.486223,204.64032,197.86473,130.58849,158.7273,4.757203,220.95438,7.88482,226.30229,313.71597,57.007427,298.7762,151.26546,49.67336,169.74731,50.593002,159.01994,10.483985,235.50092,26.84772,186.26494,285.95593,138.98964,73.824524,147.59985,201.75287,279.67532,240.68741,419.66748,310.59335,25.409925,296.58484,9.976331,69.63138,229.3717,52.381733,148.25577,128.68306,36.662155,103.4836,374.0682,96.428635,79.35858,26.194048,63.495037,77.235916,158.64507,47.960297,40.481243,10.525872,24.915215,164.12361,10.956308,43.428127,72.38962,32.45126,41.9319,10.274383,99.65637,56.380318,39.80308,32.50097,180.14453,127.68461,107.40517,5.9778323,363.81482,38.93406,125.12962,2.7636213,249.8948,93.72403,158.4848,77.885,399.64615,5.652543,196.62053,23.727192,279.20648,138.50232,276.59805,101.07216,25.76994,187.99852,123.12782,166.83926,235.21014,245.8542,376.55283,246.625,224.2906,89.96268,200.61131,284.79153,98.71266,112.52168,0.5514548,187.82991,206.67686,303.189,40.78785,19.680643,271.59277,74.58961,91.879196,63.87418,91.38021,49.36383,80.49793,50.123646,76.18226,354.15668,13.382913,62.995594,102.68725,86.279945,81.071,86.229,1.05908,23.220497,378.0926,117.51846,52.1998,347.93335,214.49673,156.11661,36.523617,74.38058,351.13812,149.238,106.43763,170.66231,246.60474,81.69904,161.88718,109.84397,289.37112,74.951324,226.87729,301.79437,165.93456,168.91045,274.2247,76.48245,12.83722,223.73103,211.00526,102.561,53.717022,91.50636,11.118757,11.015234,259.66406,281.32016,25.498655,42.77455,14.697941,290.1057,60.558407,287.94675,134.95966,380.61783,210.98273,72.26967,100.95179,165.09721,47.741173,259.45184,110.61527,191.00371,247.86723,215.6685,342.24924,2.1306863,96.92998,245.29335,224.2479,165.73582,102.58162,51.64516,56.093185,124.99188,91.52705,30.732681,48.130432,231.61856,135.80385,271.2243,38.453453,167.181,102.25573,166.1676,18.280077,48.262863,12.4505625,37.60547,115.21793,219.36801,369.02502,228.09277,89.345924,65.25198
SPOT_069,728.75464,225.98424,312.41354,262.81464,153.08766,311.63522,64.71379,72.04013,145.27585,60.016266,439.47513,106.44736,126.77302,100.27844,28.481426,517.48376,458.91708,151.03767,100.079475,55.59563,334.8024,324.82852,131.59995,115.04506,132.51549,499.4877,209.1422,186.24594,366.95554,228.02466,143.17857,25.494864,64.835625,365.23618,198.87659,33.998425,632.09503,221.79573,45.04711,168.82605,303.9466,141.21652,163.5464,82.29827,32.934067,227.94455,209.04245,174.4704,42.06119,193.71219,190.87276,296.74216,124.782,129.62898,455.68497,101.901764,44.30877,20.365656,242.25679,15.895622,77.53149,102.973976,190.59694,53.364162,124.05413,26.202179,14.734395,20.343727,135.56177,102.25108,248.01833,361.4321,286.5956,238.18633,255.57436,214.3277,24.189741,505.57043,105.98428,253.27786,176.83899,91.63704,78.00398,102.10351,168.34837,95.96471,42.185883,101.881744,239.64291,39.553875,53.26696,226.91594,116.29456,86.99773,125.22955,138.25266,357.04364,84.119606,119.54028,160.32027,226.26955,49.558056,283.9189,90.98092,196.16455,117.34801,31.10621,381.47424,119.222336,383.1242,468.09647,222.42708,512.7349,13.554795,178.26953,18.990135,250.55922,149.49905,306.38654,208.83794,72.529755,12.010761,156.36185,41.51811,11.129701,15.2833185,241.60564,59.430252,167.77556,156.52998,117.91805,252.56491,36.21351,238.95004,52.66772,13.42897,6.463873,185.32162,154.28424,35.1327,48.829144,170.667,16.660912,243.49934,288.93564,143.1481,220.49666,178.32843,206.8558,93.23521,241.41776,52.26693,138.81454,254.40712,45.75882,116.989975,57.683094,193.23782,31.190157,1.4400086,5.037119,15.930625,150.21268,130.85873,134.48093,291.61697,61.529457,161.03835,143.33582,47.249435,145.98094,133.97664,115.00615,39.135715,313.976,4.7565937,46.240196,71.96712,280.95798,119.04119,18.987366,91.78763,331.53806,70.33532,420.84155,86.59267,30.03469,131.8417,71.50794,141.49734,170.38979,54.23973,265.81567,129.89198,12.000556,472.394,266.73218,28.35315,221.0378,245.16534,13.421531,67.62923,171.55585,219.2046,77.41398,117.66432,40.146843,12.407589,45.320236,86.006134,7.8574924,23.905134,64.154976,13.9677105,39.96784,178.04558,62.904823,189.93347,7.172176,106.6198,138.74097,121.09086,166.09474,0.41532218,114.93299,31.555496,131.07916,196.63263,153.76816,162.48836,37.43057,137.90477,533.73785,238.95984,28.250067,25.519781,57.693188,251.22734,190.9317,265.40286,71.328766,112.07956,59.25682,235.47946,167.49194,56.0535,245.09221,34.879738,75.46165,249.85588,344.14096,1.6824917,135.49635,145.89554,45.7237,107.86731,46.669674,281.52252,125.90812,86.49534,87.966354,50.67118,74.17001,132.94945,165.30536,100.39299,19.437025,25.232407,161.58989,167.27608,484.24963,48.99999,40.366585,120.46546,12.018746,129.453,194.15894,46.809814,162.03702,265.38892,452.45584,214.35947,0.24359445,149.11346,31.515327,15.084424,79.31926,270.11896,85.69772,101.287766,232.63725,74.44813,67.80904,124.427246,135.58185,79.34251,262.9002,209.14355,37.5223,402.59613
SPOT_070,1446.4124,3.5876813,56.26207,357.29416,196.4636,69.58486,171.11302,166.6912,56.249077,365.49823,40.42631,31.054388,169.4912,91.06818,185.58328,708.416,46.584156,65.02541,300.8987,192.75882,310.52844,458.2809,53.419052,143.74226,196.06041,4.4299192,47.465828,18.771538,98.04533,232.29198,26.634398,158.22304,165.14319,227.55376,231.20898,178.3907,1000.6382,28.484346,89.300514,15.123918,15.198622,117.49254,99.6522,65.94711,210.60066,122.033394,9.413485,55.50812,199.86375,208.86714,348.46454,112.90634,109.89511,29.274206,499.53394,322.64114,123.13512,138.18063,5.105971,206.85301,328.7197,163.37839,94.15512,131.321,14.468291,246.65697,322.0874,71.819305,68.08662,14.742973,176.68967,436.06003,245.29672,34.04085,284.7377,218.1792,14.735041,58.67345,272.1827,170.30765,301.2643,40.52026,274.44183,0.94078755,60.76912,6.1755037,95.73185,48.609882,248.24005,416.5495,223.01389,130.58492,194.10207,271.79633,226.38185,106.56573,114.80473,240.30934,285.86337,385.55685,123.23336,47.16634,77.28189,193.15933,346.52036,142.00104,218.7847,220.26047,32.56881,93.785164,48.73617,208.86722,193.59,21.879015,171.89352,333.9451,109.199974,441.08203,182.74577,30.68047,199.8895,228.5374,86.39222,154.82858,177.2418,238.59406,28.626528,151.51213,79.70237,113.48974,175.9084,18.366875,103.468765,88.24634,1.4818256,10.2696905,14.679143,233.49808,28.824282,105.05261,242.52177,66.727005,110.111404,40.995705,152.57481,171.04297,16.581831,325.87613,275.85596,244.63197,92.66754,240.90837,42.214127,215.53159,128.35318,124.29584,113.97354,94.48678,78.37362,37.264313,340.7348,32.656296,321.10455,161.2746,105.02885,213.0512,110.18915,216.57553,212.45721,224.6419,89.96252,258.075,91.73936,86.11374,84.89567,39.619766,222.53728,59.077618,224.68947,82.0875,217.67032,58.4538,21.431175,99.72279,213.94786,299.23428,227.37404,259.6665,64.56712,90.03044,28.142132,6.943184,257.58356,209.85962,96.924484,257.61362,303.84393,43.283295,158.44737,14.322069,344.6828,194.8394,217.50336,119.57057,126.4135,94.73146,75.908134,278.6113,160.48412,316.79135,192.81929,292.0872,37.28183,33.48859,344.9618,164.4888,259.4963,51.949738,175.84773,23.05937,106.63578,126.685326,85.03419,87.98156,167.94504,187.78998,200.84126,4.4326777,212.01053,76.453995,162.52498,185.24333,90.77617,12.893629,44.43964,89.87231,141.63481,106.28142,205.17418,14.688347,92.30739,122.873764,55.264954,67.88804,102.450554,80.69171,123.064285,35.8238,254.26498,54.542934,121.77878,104.55825,345.96664,3.171836,281.04172,50.623722,11.278106,80.814156,46.337494,182.08266,197.09651,117.647865,100.39957,204.29535,131.90637,118.70253,296.71426,135.98311,235.05501,175.34132,149.96346,60.80333,25.363958,75.71148,39.43929,12.270078,128.44191,76.19821,29.129267,9.996973,78.02346,120.131004,273.41913,193.93002,199.3159,10.956523,76.333786,47.429905,47.466957,100.4288,199.44295,4.4599943,44.30119,71.328224,40.11552,92.86312,103.085304,169.52449,442.2608,54.227642
SPOT_071,33.201805,122.01122,287.29605,98.01506,179.78674,223.58762,286.75912,186.85927,0.99201375,175.91127,260.70407,52.627563,168.80159,124.49311,361.09894,76.48129,167.6645,816.413,18.154966,79.14931,98.57811,30.321138,102.38497,23.372608,127.13934,30.862427,60.35103,228.39706,423.20847,169.03139,324.73883,55.742718,139.67427,382.40015,181.4915,243.80812,36.414,435.952,82.84301,305.21027,45.79861,859.86774,1791.2938,82.683014,388.2706,237.20596,55.630844,14.741402,365.57166,233.09532,10.739141,326.57547,76.81731,56.051163,92.26496,106.02415,71.53273,104.475945,8.233044,188.61594,333.29825,98.40381,24.230778,225.70772,18.108301,35.382427,69.39488,48.602158,145.89755,356.28006,394.34137,17.467314,60.640625,284.1941,26.993164,122.254585,204.32881,55.951046,208.10062,129.2752,23.049212,283.35776,361.0383,227.34505,33.85792,91.35232,71.26166,249.17612,93.384,131.80817,193.93498,218.75867,406.68674,107.8694,183.45071,26.925892,362.88547,368.2121,390.6171,111.18409,21.781664,65.461075,26.341366,179.52312,113.83996,33.590668,40.93583,188.43443,229.85695,80.22182,183.13591,20.68429,294.0453,187.44824,195.25658,163.0252,23.993198,277.4643,286.75687,415.79437,44.94729,578.33167,143.10573,201.2705,7.2439694,15.116685,13.255001,141.19955,77.70704,41.65344,167.45251,20.452848,154.98416,276.45566,335.53168,236.25168,82.402084,60.943356,320.98138,101.30478,112.945946,23.789116,5.2978864,339.75925,281.84772,111.757576,260.89447,32.079422,53.84962,54.272457,232.26631,216.69745,95.70578,3.253225,0.44421288,271.11868,175.94556,60.507572,95.24029,39.188347,18.83809,122.844376,174.2253,290.22437,26.37329,111.34953,295.85416,4.3286085,50.605785,178.12447,255.98552,69.428764,18.226744,29.028511,318.73938,181.57538,171.99338,42.573692,107.57898,262.96262,194.38782,80.36704,248.83536,83.4685,120.810844,189.2037,68.25771,30.210377,154.42107,301.42252,91.88975,243.77188,10.651224,247.37238,32.223763,137.6474,229.97142,38.218704,173.131,192.29907,186.97612,192.40007,52.158085,145.24597,8.2815895,110.03241,42.222603,108.19489,182.20425,116.720406,207.91362,6.756984,59.353767,141.45235,193.40971,183.66875,243.65018,0.054893564,10.932503,138.15837,97.67896,73.5006,259.72922,12.936742,237.99113,45.963783,148.73222,4.5740466,264.45844,139.95157,188.84319,99.257904,40.72073,299.91406,60.544212,317.08484,184.21802,163.30927,90.86065,121.658104,30.636507,92.40795,185.54674,60.97374,125.6878,7.8865547,261.12778,137.8405,118.56435,289.60678,51.328537,191.58704,32.940517,124.789696,67.968895,191.0093,85.54498,181.2806,288.12296,10.435446,174.0069,271.13327,278.6559,63.267056,186.1608,34.610096,163.87518,278.99988,170.76628,304.0023,10.5228815,161.33583,226.97546,46.391354,152.14879,0.48749882,289.92496,69.51808,9.836451,28.170835,98.43071,15.621737,91.76722,430.31665,20.219772,272.0054,64.39592,17.915098,26.738556,219.91254,55.05485,358.57172,155.27995,19.771757,214.91681,257.5124,42.578384,28.029116,177.18524,239.30884
SPOT_072,72.85455,149.0207,30.928509,82.62418,78.36446,99.054665,160.39415,62.67579,200.83493,1334.8971,1042.6616,763.0244,52.167946,102.76048,58.618744,126.4575,87.22389,187.5831,85.14143,97.58085,650.043,215.74327,168.00162,63.53356,337.5895,50.371033,194.65318,178.30878,192.27669,97.11856,287.2768,582.357,196.41664,258.82144,64.260796,245.43646,232.8526,65.07216,131.91153,107.101585,203.70215,268.26297,40.292404,256.66385,239.90431,64.6038,422.6433,109.67132,187.6944,8.000626,140.57555,157.53766,32.69074,38.07036,318.34543,184.64284,57.31264,130.91028,2.8932996,12.971559,177.64427,4.1698947,237.43817,28.003521,271.31644,225.2741,105.981995,40.376785,13.424441,110.29215,90.6142,54.165188,33.590378,153.22021,165.90443,39.8039,109.418465,214.84648,312.09897,229.92732,343.76358,144.34874,85.97419,237.55115,23.686934,76.79372,33.250664,96.99097,124.799385,403.9527,176.78076,175.64664,450.6546,397.29355,135.14978,354.3628,316.1688,87.816025,171.3472,140.44005,99.5481,54.0749,37.07293,313.95026,326.68668,107.50777,190.459,63.871227,254.28278,125.321106,420.5063,64.41379,179.96033,38.167976,97.189545,4.9076114,47.898727,268.78552,180.59859,127.419205,68.52432,4.6268787,42.286148,56.34901,206.38423,197.76526,102.64549,135.905,177.45332,254.32516,45.86746,308.89368,17.841694,87.029045,140.4712,184.58458,330.08847,89.91015,93.510506,299.16492,143.01807,91.15386,292.35443,56.027737,177.7785,122.80302,90.89608,201.39238,232.2288,238.98561,35.242508,70.696785,326.78674,125.273026,297.61923,114.695045,21.021215,78.17246,310.39532,35.95972,35.177387,32.277332,256.50586,260.42233,145.43913,182.3203,60.364273,95.328735,98.49143,24.778238,306.37943,27.21553,141.53352,4.5442133,315.91504,90.50845,212.5809,90.17843,23.177473,123.88337,181.23904,188.2291,171.15216,58.18721,123.20874,226.80142,109.31885,106.69388,169.5148,95.08694,162.6693,240.96204,55.017014,213.73311,212.57346,330.85938,82.578026,69.16007,141.75961,3.044559,88.25912,20.87977,187.01523,184.57318,141.4648,205.18764,147.21875,103.349556,310.26337,153.9003,133.48668,67.33881,33.66362,105.592476,80.18626,8.967299,76.4358,74.19972,21.30981,324.9638,105.55363,166.21481,85.96799,8.674592,233.89761,253.9989,71.30425,168.05415,191.06958,45.43718,414.68118,97.036934,286.90424,130.68074,112.30455,147.96045,69.82089,66.49107,122.75661,196.51743,94.35647,351.74704,190.31483,28.456926,26.510374,155.05531,7.773152,9.127306,42.803524,45.903915,15.639325,202.6498,15.103962,5.4382906,6.0453725,233.59929,199.4496,319.65244,211.74873,117.75965,134.05289,185.457,252.62982,196.68634,50.011707,421.9955,224.3273,44.657467,435.44324,14.695692,65.213425,68.885124,153.13031,28.649748,169.60703,337.04077,273.01407,118.42427,16.147903,118.82953,3.741693,295.0735,156.35773,36.664608,166.31538,98.20992,71.329956,176.50139,93.06497,154.53926,29.04967,45.74265,98.66932,120.11572,288.9307,164.14919,169.35364,91.322136,281.20395,28.361153
SPOT_073,43.51804,49.197533,285.76456,103.60538,40.053974,19.115887,204.57626,241.93903,17.085018,221.92368,31.978981,31.068584,212.17033,87.77118,132.39552,179.53577,37.528675,327.51526,160.74078,15.989785,154.02759,119.149124,140.92975,69.2731,242.90517,172.1641,80.9836,149.30418,183.8516,182.143,63.778023,397.73315,199.19255,127.247215,117.10997,177.10684,179.21564,35.02937,68.97427,72.02449,83.66315,775.96747,364.4085,41.14477,590.8214,321.65802,140.2078,4.632083,8.564296,177.61925,33.390636,197.38687,0.14784062,5.2530766,37.35509,222.54878,112.48569,225.93567,169.13081,188.85864,31.540493,63.441486,0.22050689,162.9461,180.98915,150.12497,31.28643,86.106,104.28435,55.8261,252.04413,172.72931,154.82167,54.32625,294.1694,53.855125,65.07238,73.42181,57.449608,118.791725,48.77788,5.238732,91.784615,225.2068,341.38492,209.9839,100.46232,137.11855,334.1548,136.85747,105.33345,70.609055,112.72396,179.04912,51.287548,198.07054,328.2287,225.07713,31.75327,63.662327,244.37383,22.822065,207.67834,12.357263,169.03601,106.58054,145.78503,152.79729,66.4678,213.40727,144.15137,281.62463,166.41994,168.17917,86.07361,0.5716542,53.026672,378.17664,263.28912,15.539944,130.37535,179.38464,289.10175,101.74591,247.71982,63.3789,191.588,342.43738,241.1086,21.970745,310.8305,287.92264,72.230835,24.655155,265.3763,26.536041,39.522842,23.71055,101.45418,88.63945,38.571716,145.86023,49.92713,20.563906,252.09402,269.64905,119.06174,177.7027,31.635658,232.82109,225.40958,45.817318,240.36217,32.83357,126.729225,317.25488,90.03886,229.1388,67.46109,84.92612,108.82442,155.49158,154.19028,159.34259,235.75629,182.4347,61.95403,382.58167,104.790054,22.542248,176.11073,100.13023,258.19656,204.72124,84.29565,39.23247,64.32978,116.015884,293.80417,53.27487,43.77257,111.97168,165.2837,22.987299,54.96727,399.1764,140.04161,205.0761,123.2325,43.90253,50.94389,1.6301274,156.63177,279.5845,233.67491,291.25922,123.01511,5.3060603,290.65128,122.574036,156.81761,108.27208,94.11683,137.17892,27.967138,288.33395,86.59758,273.07858,167.78899,219.09009,212.4573,67.37636,49.619446,95.57274,139.12267,65.20351,272.45776,45.440742,8.789602,168.01582,282.36276,109.24446,124.53152,87.72118,0.23941404,112.927086,27.500826,288.34213,36.681763,90.82089,114.16552,227.6365,166.37344,234.12811,114.945244,116.68923,85.78514,163.32173,27.615814,215.93178,161.41954,131.15865,341.10123,202.94601,19.819365,204.39325,262.02148,126.23906,45.10305,148.54869,363.28683,245.5993,80.72828,161.69344,62.375965,25.236923,361.80496,228.61551,40.262344,21.49518,203.83617,224.54941,207.82625,44.47557,180.6258,178.00612,245.70981,350.5062,5.039918,190.95917,221.73633,229.96887,25.265322,1.1506176,222.466,64.16204,246.22838,106.074326,9.826788,68.11245,231.85992,54.02801,74.65102,57.190807,30.063236,142.57082,87.22378,334.87408,178.39671,168.48586,199.24507,7.7609777,54.40869,95.55055,96.964676,70.384735,254.97726,0.48205575,174.23332,172.401
SPOT_074,144.5093,42.81443,87.116425,84.924484,439.4579,76.30943,132.10342,206.29655,83.83561,107.54331,157.55066,34.724766,74.01723,237.98123,94.61519,1068.2115,461.72772,69.56031,9.158337,165.5659,744.02734,31.852665,423.06107,228.74622,200.98157,123.78381,64.714165,436.2745,137.2519,104.2813,126.31092,58.18625,64.26081,129.17441,2.496973,100.48997,72.23253,267.69202,38.5304,197.3332,115.46088,25.81179,288.71957,148.03333,102.41358,254.37201,320.01608,216.79343,89.01487,141.69774,36.349182,260.54318,360.38568,82.68032,24.128777,16.9969,110.65331,229.31042,269.12515,204.88719,87.594475,209.09654,216.0577,22.203863,189.63406,23.955198,125.97418,155.09947,378.41498,25.121368,224.4942,30.283596,92.17888,37.17145,26.941566,34.853085,130.99667,223.68538,332.532,40.786404,150.52158,85.81906,175.4704,145.48419,181.22266,107.86097,133.18626,45.922153,47.574257,426.31082,56.385227,146.00592,262.82706,49.65349,21.435452,397.92593,128.49374,53.52346,95.82402,174.35228,280.50415,121.838905,164.50015,172.16937,281.85413,56.6195,120.37574,253.10565,74.496185,162.89604,165.73508,92.35141,207.44,130.35983,68.525536,13.032926,181.14809,124.34081,9.250555,46.916794,319.20374,232.55959,80.47739,279.87125,35.299675,364.55118,109.13787,257.76352,110.59479,30.444292,157.28091,67.87095,246.04906,1.0298306,42.73415,180.73969,349.2458,11.432387,147.01335,293.31708,10.789721,46.887936,140.94736,25.806648,214.86938,300.7293,78.412476,45.739567,29.634935,85.32755,257.19418,28.38496,81.022224,91.313995,133.23274,108.84634,299.3168,221.56418,593.201,208.21716,13.257365,127.47276,181.29146,170.84117,122.388466,202.88385,243.82794,187.26842,58.21089,9.016227,100.05416,11.946571,235.20229,88.99937,180.84409,116.39058,209.8656,123.7458,65.05049,121.39286,31.679506,3.6002378,339.42038,330.65698,186.90797,194.61392,318.7174,129.5135,123.798454,106.49653,59.940536,310.05988,143.3746,83.10577,115.63208,301.48495,81.90157,195.62724,80.11499,380.80106,230.25163,132.28145,156.49149,313.88104,272.24203,139.1897,91.699005,126.499886,170.4487,32.363705,86.71339,13.662185,17.107561,170.42113,326.1853,263.41083,74.20572,67.79819,207.78412,249.8562,24.729948,95.47098,317.67728,11.731818,191.95802,69.20426,234.83629,66.927025,191.60213,21.787468,291.7728,183.89714,319.73383,278.27188,32.10091,45.321346,76.00455,11.905119,316.80786,11.730302,186.24025,141.65182,232.71727,30.551487,382.1977,90.78315,121.431694,30.703604,84.33359,142.86682,86.99101,257.76175,24.591364,239.05351,272.11438,397.22488,40.200188,78.22413,138.8479,57.777473,262.67932,117.40737,82.54562,253.03432,364.11588,48.336468,74.302895,53.617344,91.80688,82.60293,440.54913,17.633831,25.178162,87.959076,94.16588,138.78654,1.39949,290.22626,25.816174,335.12747,201.74734,123.168594,166.71347,119.00484,20.072561,181.62184,364.11774,56.958424,142.97073,197.09451,2.526072,125.92489,323.61096,103.76037,657.9156,87.55052,249.13602,143.96364,26.051832,63.728733
SPOT_075,150.54668,194.01717,114.5877,393.12686,105.17899,231.6238,56.92978,52.254585,343.0032,190.10953,13.846636,528.049,72.99588,15.944063,98.370895,892.539,64.53859,6.2390575,54.663876,211.06871,357.8845,49.48238,261.83957,127.19192,53.43948,1182.0334,85.390396,91.11554,144.47246,102.256836,281.68488,247.02551,198.55067,441.30826,88.07983,383.98767,985.4432,184.58885,89.95073,150.79431,174.24408,89.59413,235.59189,9.165192,40.145447,84.93203,49.959717,59.332592,163.80476,71.09483,48.098167,125.99657,141.72752,139.85841,82.200165,12.969152,247.37608,34.701134,95.091896,53.575657,14.128132,8.797902,52.79512,53.274162,241.19998,67.16992,307.3034,493.7034,58.92636,236.37057,252.86237,170.13858,35.6449,51.603268,229.41185,358.22662,153.32507,45.702175,17.817568,19.339157,118.23719,250.98103,171.05028,57.9685,71.91955,191.56966,83.604355,282.67053,20.019766,221.36067,20.48766,12.875973,220.57579,394.90652,280.86603,157.88423,106.071014,91.25077,53.141354,164.34885,67.640785,79.20912,352.95212,6.9729495,74.67748,15.067775,64.44879,241.51001,139.65558,186.28888,0.10289982,61.178215,98.37381,3.5089242,414.36218,152.28215,325.42792,191.70317,169.2598,79.35838,265.29828,0.37751713,221.27724,37.5511,185.38776,120.392334,54.727394,167.27843,140.02303,13.41612,38.706448,256.31647,71.34871,68.74809,129.64708,140.48955,98.01741,110.54659,150.65208,238.27718,143.84451,63.49493,33.769646,183.041,162.16484,110.543724,306.013,518.7624,157.50804,247.66351,226.39293,129.34772,67.401886,83.68435,240.01779,170.78973,176.6069,90.69982,49.156,240.3264,18.12658,414.69208,151.70448,46.543484,242.14185,290.9566,323.30963,95.45511,99.93092,223.14067,6.813124,294.629,512.34735,192.21771,110.99249,115.96611,12.133455,16.838182,182.59589,95.40203,167.3868,220.49533,106.865906,13.41223,103.074936,58.23048,125.08467,90.135796,240.11398,101.42163,47.852936,59.15871,112.650955,82.19547,5.1711645,430.46146,231.29437,105.55511,174.1202,25.665533,136.42615,30.556156,247.33018,181.35196,241.64279,210.77937,217.85204,113.519775,7.747188,109.18477,339.95145,181.94647,127.46018,146.49142,37.927887,147.05733,170.14682,27.835194,130.02005,79.38974,87.65725,121.31,155.7726,245.18964,91.78726,341.75183,134.45929,38.21606,77.54653,265.6222,252.17654,214.98105,139.4214,21.231031,34.0997,48.62882,114.85134,233.13531,2.2703102,228.45988,69.11283,23.101025,161.60495,108.83155,96.799774,4.2177825,157.21648,246.37581,90.96384,83.53126,58.397865,360.28363,35.36446,135.84488,129.4045,212.4043,332.171,147.77678,195.03831,299.55292,184.70921,183.49681,139.05315,355.38715,298.75235,226.13148,82.74567,43.24623,160.87416,208.5579,271.79898,47.3375,105.33037,24.700533,52.10189,167.9223,179.33383,47.67048,125.28761,278.0635,350.6204,12.574763,204.95502,480.63022,279.41092,130.65906,43.39754,79.3988,27.619627,35.361607,285.78473,69.15961,195.64629,326.4235,94.81756,346.00302,155.45338,238.247,116.16924,177.11066
SPOT_076,1.3377244,13.6285925,291.1795,146.3059,396.93372,42.907932,31.607304,326.32022,463.59534,65.82266,677.70917,180.33112,134.37373,405.67618,168.56969,170.285,28.542006,109.882484,388.44342,190.37321,252.11641,39.55553,145.21933,134.28352,1197.8472,2.0794823,47.201065,203.93605,82.73269,308.97726,2405.7034,404.05905,224.23792,12.920009,58.61183,109.0219,124.11123,294.51263,479.03732,133.13322,327.7576,100.65536,289.88724,146.46419,289.1425,40.5876,109.7234,20.778463,59.499573,119.356926,174.5582,188.65506,91.906685,44.24802,142.9968,353.33856,37.902737,9.44605,38.35447,15.772238,77.73399,103.42852,203.31421,85.25696,27.123455,125.55298,146.75703,37.198746,135.98701,10.199078,113.23487,99.28323,87.66161,16.655651,184.64752,222.80338,132.71808,105.741234,190.45111,97.90916,351.65823,50.70526,382.75952,21.635702,46.586464,13.330176,16.591335,139.25716,206.7927,90.24059,189.88214,440.09665,78.06832,63.47799,138.82127,202.63094,146.69775,157.84822,162.39566,171.45265,68.9753,136.50996,158.89832,337.99048,157.4937,123.79801,379.99045,77.30352,409.65405,149.36755,250.74582,38.526093,155.51537,436.58694,116.001205,211.08981,71.79626,11.1098175,31.126785,41.63802,211.67638,123.75429,74.98693,20.428982,100.226654,156.44327,136.75876,66.71051,97.06131,91.13012,81.56842,11.351706,175.50793,108.6734,211.03409,26.124226,245.4237,49.94073,50.514744,443.46313,95.514336,32.88416,212.74136,38.795757,132.40955,214.20699,23.709076,0.148174,283.23776,223.11679,26.225533,181.0315,133.15005,392.36063,77.26936,163.49599,78.78993,129.22595,74.90787,361.78726,128.78612,22.119488,49.018433,48.36035,2.5343637,117.61873,9.371437,245.09457,103.592896,89.742546,36.994858,193.54344,5.468162,200.04768,253.29799,104.81632,134.62805,23.54143,222.9941,269.57303,70.55166,61.73367,155.7379,157.11821,67.82671,127.99051,108.992325,28.514923,160.23503,128.32532,78.48919,169.02179,87.618286,97.99944,284.71576,226.59671,64.02058,149.51802,17.126966,222.89096,395.79068,61.803963,42.046154,175.8569,151.57239,453.3896,0.4924001,71.0279,71.40702,34.85849,15.331697,155.3783,132.21526,297.9076,152.58095,251.46991,3.6005795,5.158019,210.7679,221.2551,96.83193,386.58658,247.49706,45.098034,83.41792,238.00887,221.48569,74.56805,199.33652,18.720976,367.73007,62.56577,173.06,68.7613,220.6425,309.59723,252.65154,29.550892,161.51277,76.63857,53.21981,69.04208,187.13382,186.57227,181.96371,111.18341,91.40211,195.60814,20.921888,190.72592,184.26254,202.2989,98.58711,14.510945,100.91248,18.50967,194.39696,214.60634,74.18818,135.31384,6.951084,123.24256,318.2546,189.92476,294.7959,44.41108,38.22517,50.870228,9.292576,77.36615,94.84714,18.145594,210.82828,45.670414,442.57355,74.49465,253.68423,17.289915,215.03297,0.5081759,104.09013,270.50888,277.44437,175.58513,23.607487,81.12009,136.77417,42.466473,129.15549,178.60855,113.93947,169.848,267.3721,6.305742,501.712,35.82887,5.8367014,41.899208,60.54094,85.84379
SPOT_077,483.18967,210.00838,222.63277,1060.2539,476.61716,164.44797,73.925156,213.69968,88.66852,198.45485,132.76921,356.43533,30.741146,109.950836,9.223832,121.97655,24.580278,4.2846675,167.718,50.799194,557.8307,129.0288,21.398176,406.71957,138.41847,1034.7898,120.52578,232.70566,72.88537,93.44352,395.6651,20.961357,356.87274,171.66512,41.745316,12.583198,401.6614,400.56805,1.1766326,73.7449,219.93028,130.88048,292.86035,227.27264,80.91451,278.50348,10.035559,186.2687,218.5279,247.96391,272.2732,142.42088,169.71675,247.84807,88.382904,209.30707,80.137955,119.01257,120.156494,48.841053,45.816174,117.041954,301.4643,205.95694,194.93222,142.94087,93.551994,223.98524,113.994225,20.567741,227.40553,145.33545,99.06848,303.16046,16.020098,100.42061,45.425865,74.79869,49.670242,82.62611,77.78486,21.886477,273.49414,149.83226,118.087845,221.43457,224.2305,175.39188,48.281387,539.7721,223.75865,170.8703,134.31133,11.855351,139.80818,192.58363,179.0808,107.63018,18.337744,165.78467,134.66843,22.847256,69.87281,465.90463,3.045564,134.30177,252.4253,529.6955,64.67023,310.00113,21.037853,36.97728,354.8431,299.98608,155.7675,105.604935,121.99798,47.701145,43.438175,280.48135,191.12317,19.405499,18.151443,108.02817,142.85097,57.10654,314.8493,142.10977,189.73897,370.56253,327.94116,154.45567,129.98865,204.21689,333.79758,275.94028,172.11024,158.88219,168.2643,295.0438,194.44545,254.65416,127.62614,60.50212,228.86168,21.947474,20.000288,56.728497,69.29478,181.26555,159.07019,78.816986,241.56635,4.106465,90.660736,136.4544,149.49094,171.63445,139.86183,124.21343,347.15408,91.47473,83.39683,65.92244,237.74281,348.87427,86.25375,130.16882,317.79382,140.33589,64.11824,238.10094,171.67746,227.68097,230.72115,10.898608,69.6173,60.13249,301.67566,23.310669,404.08008,43.55248,214.81099,15.469106,275.2795,81.52949,330.88855,19.724806,53.460236,194.46404,327.53458,163.3906,79.28636,121.71389,30.241226,263.31802,7.4692955,65.75226,216.65837,238.7919,180.97398,246.91705,245.84982,55.49659,140.12848,194.26997,9.189795,341.85336,153.51985,311.69836,50.47889,142.06004,166.88574,239.41808,41.206932,263.46368,55.204685,61.31215,89.00397,249.08917,233.66937,32.946205,137.43408,172.77759,208.34009,158.80635,256.51202,246.62479,353.51987,200.1336,373.25955,66.63853,18.43716,94.92385,2.195202,134.30449,161.29526,38.4952,192.03477,197.07544,70.842964,17.128683,168.69713,76.484055,104.626076,76.23962,146.16447,118.46299,111.32179,37.74638,319.03857,247.82199,233.19136,132.80162,282.05618,564.6035,257.66153,166.62004,236.24933,213.52002,64.834236,305.65372,110.77906,384.28592,207.40201,57.906055,22.787449,134.70702,341.73477,222.24516,240.42624,63.267796,119.147316,70.36046,51.928173,136.64505,99.91529,241.37453,93.39852,5.055231,137.0554,86.13097,145.80925,270.32877,199.04532,50.60587,147.34906,197.77034,121.3862,2.6354437,285.97775,227.35362,104.06945,16.599808,135.33421,1.1013595,57.51014,87.20716,271.11008,234.62503
SPOT_078,194.54996,116.4497,77.40241,295.03122,515.17194,162.20743,92.09575,4.212812,39.53193,118.43763,131.70932,95.33342,153.36957,227.14542,6.021742,1152.7599,17.897123,219.03062,63.62276,96.51677,791.1466,271.74634,137.62762,25.022373,59.162086,102.64486,326.6412,15.701381,42.70228,123.95921,214.18555,168.64185,96.85526,280.56598,87.86479,147.49582,180.28706,148.70316,339.68988,211.85338,204.82382,59.46542,168.36296,7.419734,382.86084,23.41565,115.29256,75.57743,58.3097,204.85747,80.649506,445.51166,20.052744,17.931591,108.69949,15.420301,41.59064,50.617897,12.093781,109.767815,158.69972,67.53127,205.47678,244.22395,13.853617,169.48494,14.611251,376.4998,179.81421,99.13368,173.2833,277.30197,207.51593,70.56718,95.16989,105.68059,28.81996,136.13603,91.23973,246.95137,12.480068,125.0182,215.17319,200.72238,64.94911,147.48244,313.49893,92.44823,131.33635,104.94913,6.7106194,422.64023,83.159645,20.997116,208.1552,135.01686,271.02774,30.362555,68.43193,16.88993,3.7275631,192.37083,25.005083,62.71305,193.08757,68.278564,50.039486,310.29926,48.40338,100.4016,30.04584,293.60745,15.63476,20.954561,25.176664,35.372147,215.91682,152.25189,5.053713,306.23853,157.13742,78.872604,248.46269,74.702484,74.40278,107.49607,244.64478,197.01828,79.04796,211.9757,240.98386,113.00738,65.990204,138.851,170.70374,145.66966,320.36816,38.583397,131.785,299.34564,73.76559,30.860233,115.40024,269.04065,246.21692,111.98537,125.80252,179.85094,67.87705,92.56781,82.55383,348.32742,314.4113,10.469502,39.344437,99.12616,125.57931,1.2527789,40.59501,70.53777,233.76953,291.26013,51.932964,72.3773,35.466637,19.551924,94.05042,38.233337,153.6351,274.31024,143.95323,66.77653,130.28198,133.30467,4.435482,18.402157,82.702866,51.02568,129.56644,72.310616,369.9347,157.47144,70.913376,8.090813,120.353355,125.42273,36.974285,7.167704,78.201035,137.69286,17.43222,231.22598,106.89407,199.23364,17.732199,160.6796,264.5359,31.865303,37.31865,54.332264,146.26903,171.53429,151.76707,37.55291,332.38855,174.96936,131.61833,151.2616,54.913593,219.03474,87.5401,189.43668,143.23592,134.03969,151.24532,103.069496,154.20454,323.28796,239.4341,227.43236,85.98667,62.61886,297.7463,94.32631,360.95624,56.508312,46.30609,34.381374,132.28383,98.9148,70.39467,37.7915,120.93306,17.208746,95.17989,22.65828,39.006355,103.45013,71.62426,222.09058,49.69422,214.09045,53.847176,57.265617,7.591699,133.04135,33.468376,81.70178,198.95369,95.496895,160.10477,199.06837,102.02705,224.8624,4.8878837,36.359997,89.27986,25.695286,138.45714,82.53948,30.848883,43.390606,209.4968,46.27811,222.19301,283.21826,65.29132,136.92271,120.37041,239.6196,97.00419,239.50238,78.22993,116.79256,60.95253,195.46854,134.23747,42.176517,303.79346,43.40429,273.04297,32.392,267.93802,109.333664,113.52461,385.25558,299.82224,131.56837,61.753666,216.11334,204.02275,193.78355,167.03523,27.242231,205.05353,80.4998,227.71541,176.0337,15.343727,108.3205
SPOT_079,327.75958,130.00574,25.808311,282.5342,120.37171,125.96089,171.90318,95.05451,863.9452,170.89066,53.6492,125.65698,151.3463,12.750103,370.02597,26.101137,211.57932,256.45425,87.01708,109.98259,144.45021,28.556541,72.84674,11.668302,717.2992,62.533886,126.976265,17.76871,66.39859,29.231983,377.79276,511.66888,35.869,10.042133,191.51207,74.69206,356.55368,65.49674,292.75754,74.82095,301.30164,177.9068,65.2202,277.9111,193.12022,2.232897,104.39578,267.1309,140.00307,196.90326,155.57527,217.64214,64.744576,152.75897,172.17006,104.35678,144.57462,139.07214,12.470602,57.752262,230.70059,12.130966,102.1659,43.80112,205.7341,32.02313,79.01114,224.87344,238.91112,211.86368,37.15183,21.779179,48.568256,55.359524,136.5342,190.51253,79.60059,81.02696,29.54798,67.611824,38.579052,70.85428,1.3299966,146.4913,147.36331,318.58044,175.20435,192.40532,27.820587,16.571213,189.6546,11.79967,184.10626,157.64064,72.44706,80.11751,99.332565,104.22808,285.85513,1.1996101,35.42073,275.79285,2.8770778,45.0769,92.07462,14.624474,98.87769,166.63725,399.82205,11.567724,317.38516,164.1948,94.46647,229.35555,256.26923,428.7501,244.67203,297.09378,30.996391,94.469246,102.02155,240.58694,206.29224,91.84496,152.43655,51.838978,198.34521,92.72015,325.48032,32.145947,39.926006,57.909847,25.647993,152.65569,42.66742,141.8724,170.00998,77.12184,90.30894,181.85938,99.063644,151.80902,256.2536,349.27747,102.21537,4.2517085,158.26941,148.05354,85.48558,284.64767,365.72824,30.685707,83.390465,140.4385,57.442924,317.05246,5.203187,236.15869,116.34618,10.436931,218.28871,162.1556,21.679714,64.40779,56.406353,105.55714,71.53812,179.03726,168.61815,4.9983716,118.72331,335.3212,54.538353,181.35565,290.31317,362.33206,109.02351,8.928812,29.64529,199.29596,147.83162,343.87842,178.0208,181.48819,126.39969,215.67255,2.7551835,196.00388,109.888626,247.19836,52.535038,10.039381,180.49042,81.81149,46.82822,26.915466,16.02074,70.6611,99.83594,333.068,101.76969,128.74019,153.04419,84.80035,233.90749,5.166733,240.81235,297.42914,219.28642,67.14067,218.5316,406.6697,71.2289,72.855156,125.584404,189.58414,98.88764,223.77457,250.7367,115.50619,217.93639,88.95174,32.243008,116.72031,5.4908667,96.80923,154.6895,194.41035,141.1372,10.873104,56.612473,27.301172,79.36539,45.84938,86.69834,146.75046,254.51445,201.96596,65.77519,288.54712,248.81148,187.58517,40.35231,81.33061,408.88342,296.68497,175.61003,20.063894,141.30846,19.611668,337.00412,17.182884,60.400055,394.55737,349.92868,56.01737,120.95779,209.79529,124.31115,196.11081,45.64228,1.6868805,160.84586,38.917248,92.16531,102.95921,152.97766,101.63713,151.0174,47.22346,110.88799,126.68341,117.096565,99.53894,48.771122,209.12097,14.001182,198.40977,322.82367,43.43418,116.091896,114.76223,185.90659,35.18274,245.26807,168.7694,106.45786,92.45682,127.89253,53.89415,333.20773,94.380714,200.55927,72.33924,56.05083,209.65195,120.383545,37.81145,37.01784,96.88127
SPOT_080,386.71115,128.4839,256.5731,1275.2589,484.87665,120.419,205.65411,96.0336,121.75706,161.38824,43.33179,59.394585,45.394585,154.52849,56.716373,1002.5457,60.143982,27.462465,37.207607,51.239616,268.0529,122.41181,239.87619,112.717,168.61835,855.7969,30.258263,130.13055,198.81981,89.04087,318.95273,94.61886,50.237522,388.722,15.312616,28.436287,852.11414,48.716076,1.343491,214.43294,165.5209,150.81367,52.15267,35.744637,130.72751,36.119366,347.56348,87.64858,146.38667,70.171745,262.41672,24.116125,0.31228846,91.74011,90.96011,165.4556,10.853733,6.507455,48.96484,52.059948,465.7394,211.65477,176.41649,213.00764,88.70111,117.05677,299.64026,394.5569,122.98801,210.9028,66.620094,287.36362,272.12485,200.17834,95.69487,75.131874,39.963627,88.271866,255.67136,272.4201,74.588356,307.7582,388.34708,43.07222,118.072014,11.3396015,12.763459,144.81767,117.896355,302.07336,399.038,13.950213,174.6627,268.28387,203.39566,68.34111,72.893196,262.8518,1.5806785,316.4799,42.870518,249.54825,217.22327,104.50063,34.952564,105.76181,64.34871,142.29532,74.41252,201.00291,62.03501,37.259438,38.176746,3.2149262,287.29916,44.178772,0.29028103,42.928352,151.77316,127.4244,49.291492,208.01547,162.35426,33.149258,242.80695,45.031796,106.942245,316.92947,272.43747,102.425064,143.2818,173.10385,29.651442,15.226315,267.94833,32.32456,105.754555,156.69913,115.72764,23.07045,6.099092,139.97528,139.68051,210.28186,99.19746,107.38901,80.32201,104.60691,140.51352,103.35331,3.7261803,248.22418,219.70265,54.32199,53.305122,22.208204,156.17883,6.56987,100.49083,218.83946,32.688026,103.90605,86.209236,174.81932,181.38115,36.081703,44.403008,81.41169,113.7615,99.265305,268.6952,185.72377,201.59015,48.813156,23.756561,29.239902,297.22214,546.8907,294.01874,177.1031,28.1246,188.61382,172.30734,253.75407,51.293686,160.12376,166.97691,21.239565,42.09178,85.7203,181.14041,288.6065,215.16345,111.9514,67.02969,264.10904,26.587048,149.9648,283.99557,140.71329,184.99931,116.40363,238.65913,71.12522,128.38484,67.6105,106.83702,46.826744,42.38,47.23697,150.6735,146.33904,126.6487,316.74646,14.530489,58.235233,107.84378,256.50217,2.246527,61.737183,342.85162,193.37903,16.522173,92.54645,32.849876,100.88177,194.28705,285.97507,15.211044,221.28357,155.75803,167.8101,34.037918,102.26608,125.64567,111.76588,38.15477,218.62021,350.60828,338.72433,220.04626,94.98537,271.92474,26.567562,108.078606,256.6888,259.2019,67.80508,261.17575,71.18263,100.02968,125.5466,123.470505,49.40692,7.524261,73.70425,2.7968686,317.36737,108.81593,196.65015,165.36499,197.26851,115.02369,269.9273,97.16234,92.38934,278.24466,23.359632,97.027664,27.289452,19.644945,59.50536,443.98584,212.86249,157.12596,2.7761347,153.80397,8.711829,250.72787,107.18827,8.448178,279.20108,91.14886,173.47699,261.30978,194.47519,391.67175,356.05154,78.50216,135.29453,63.02307,108.70757,99.86736,122.52536,244.40831,111.98537,99.42789,51.29451,79.54999,80.249306
SPOT_081,476.37366,0.7131926,93.42589,211.52718,265.78293,136.90419,284.73862,61.62855,21.404818,237.35808,34.89393,95.80279,137.2519,281.14935,93.64228,224.29968,80.33312,119.11327,174.64473,171.19267,426.49704,130.15726,117.06907,200.4856,97.28223,528.9714,437.27274,28.818434,46.406647,20.712746,516.0792,68.19322,26.485527,77.32643,79.43742,167.30623,259.9214,56.73091,112.341644,281.57947,90.2495,50.874096,80.045906,52.510887,41.825138,77.50431,175.82834,34.720203,115.37174,276.89093,29.727743,276.53717,262.54376,21.490606,143.56387,414.00552,88.727936,113.76011,210.00458,205.29294,156.13458,66.70736,332.8088,159.11493,208.4865,152.23952,288.95853,109.287186,301.08066,10.447254,36.913963,55.83298,96.23458,1.4460486,353.2373,96.321785,17.569466,162.47156,282.49155,277.20398,221.63411,127.072334,121.733986,453.05923,137.64226,66.00362,67.43922,202.46513,152.63956,31.697187,6.310515,9.17419,122.389175,154.34575,76.67696,165.70638,240.57993,95.78314,123.88109,14.507248,153.68155,270.74033,292.11768,125.32026,280.19818,27.32327,137.43227,220.45041,1.0338472,12.798694,168.05818,116.36964,135.98294,393.62927,31.59505,377.44458,178.38312,157.37166,102.35561,147.67886,186.78232,91.57333,113.85126,118.101685,449.42938,1.8355829,323.36258,91.6451,376.75946,32.478935,98.598564,201.19643,173.10887,91.19199,68.54845,125.64028,64.65601,27.345394,1.8092831,2.25881,120.9656,223.65578,60.634506,70.55062,132.61157,153.36967,210.9972,30.871649,209.94116,163.6433,218.9329,106.3405,141.17186,191.33467,49.657314,32.716045,103.651245,65.12652,88.80767,176.83089,154.15443,32.841,36.25858,29.479837,9.850757,16.704819,54.975098,255.31143,136.93405,3.308766,80.4698,21.387753,75.171875,269.9892,247.14856,118.75946,202.81026,267.6093,32.60716,191.61324,77.49533,64.50317,23.425032,73.99004,129.62941,41.225933,41.56682,28.911928,103.048355,47.154934,306.13947,222.26305,310.6653,325.5625,374.32587,121.17056,99.246185,217.39978,190.19489,134.18306,10.228332,29.98557,112.612114,136.1307,465.70483,239.73846,95.70708,196.33286,15.822749,32.80652,191.81076,210.36977,51.38765,275.22272,78.544365,19.35076,348.60236,278.28046,246.7095,306.68964,238.89786,301.877,45.063473,211.26578,242.69966,36.49817,81.319565,7.1728745,29.199448,329.20374,26.250528,145.02446,25.72598,197.61774,98.97978,118.04352,16.377504,54.972485,349.45526,289.7104,163.70265,119.474365,110.93796,29.958912,69.42107,75.16591,9.201922,35.74853,126.33451,34.84707,198.91603,102.19467,164.7573,9.280858,132.2067,23.178837,6.013966,62.951344,218.44756,42.497513,86.13555,66.327286,282.75958,115.26068,13.987523,22.077662,176.02348,109.11674,320.9175,13.031928,214.20082,286.43558,19.31291,7.8457794,93.51547,47.582897,92.95307,15.372315,182.0463,130.13649,145.841,36.957176,346.6669,87.10415,44.512928,136.96974,17.472927,20.588358,141.7819,52.61709,29.844004,10.065719,317.28726,24.348696,67.92232,3.7591467,186.34978,369.4312,122.107895,222.196
SPOT_082,198.95439,107.27339,86.99229,675.3308,50.81722,65.430046,315.4363,10.560708,183.00139,265.52405,269.2972,629.10815,138.48962,163.92618,74.52233,1054.9895,10.596574,50.07034,96.71202,254.1725,414.47974,56.8988,214.92845,68.65948,223.40132,284.1122,77.282936,66.03028,110.419785,69.39703,234.33728,171.72781,209.11362,45.356186,98.70761,280.38907,61.781113,242.81107,268.01773,3.731675,137.47852,62.15572,28.673208,109.19422,306.8847,153.51987,146.90457,220.55539,59.22797,206.50536,29.473696,43.274017,148.7106,76.573555,245.04443,200.19193,20.379112,123.6674,156.13191,290.23032,67.785995,22.95024,185.88159,225.67793,41.142975,139.65688,221.82826,263.22943,87.54358,181.03305,147.68073,97.04018,121.65848,92.84113,146.1885,321.30536,111.14754,9.279399,36.344448,39.85507,110.65266,36.147102,70.91136,155.34128,196.07785,213.38649,109.16868,12.577748,538.3083,76.372406,70.43947,44.329395,341.52792,88.845924,260.7446,21.31642,162.83835,84.47907,218.88931,134.45827,108.07795,234.86143,185.60349,157.67827,84.30443,70.791145,252.36012,70.315254,199.8553,23.393139,279.54666,202.45097,225.56726,87.824295,222.12001,317.84967,112.50758,333.24457,28.050209,441.29257,287.45212,33.48462,236.14679,134.83582,26.773327,26.34276,208.06377,48.178036,43.81933,198.92043,111.63161,34.170322,170.85843,40.558533,141.0803,113.33665,210.63368,26.435377,121.91626,181.989,29.036291,273.51242,39.564487,82.52506,43.921093,92.123276,105.34921,177.7508,71.05493,154.02222,174.61548,162.20473,22.011204,9.774703,170.22014,196.0863,125.27459,63.5271,188.7563,192.3966,152.22435,135.34578,13.199387,156.3583,180.50449,130.67134,5.7733793,2.3388622,59.001785,96.27171,213.25598,9.354911,2.366062,144.49997,121.53824,180.91936,81.882996,86.801285,74.25271,57.177372,33.42052,7.0849123,2.3299165,11.1207285,23.384102,10.843566,198.69556,27.397972,47.69075,17.51197,171.67505,111.61559,156.67372,29.99288,56.0406,0.7827276,0.53665197,110.0739,31.919106,221.49811,43.380566,149.5063,84.11051,108.68204,290.5503,242.25847,1.9254973,171.16599,235.26639,39.079033,190.94916,13.0082245,275.6547,1.4537766,111.40346,165.28156,4.6215467,230.02435,269.94867,3.7763925,435.63916,93.26975,41.58546,190.26297,178.91768,214.38118,183.00618,53.647953,179.04477,0.23535617,251.00613,25.797792,153.5271,199.47563,109.06778,56.47625,25.586643,235.46188,135.67995,279.59024,9.632637,167.41544,41.762356,236.57072,359.79077,33.879166,296.0607,172.11122,238.567,1.2176268,96.67915,184.8896,197.44707,145.2709,92.37799,11.983221,91.47431,25.641317,173.19919,171.48361,191.85733,49.25628,300.39603,23.943733,108.774765,236.4695,74.963295,1.7147479,42.104683,50.148666,211.01187,9.721296,297.40384,41.87546,79.44725,24.167822,100.67796,271.38257,65.941795,167.54762,227.06294,439.0802,304.49707,215.44882,73.51877,4.101414,15.400771,12.516,433.36646,194.76927,128.43561,295.88867,110.87664,70.84451,186.23833,87.569824,34.517815,168.94994,160.75233,89.34537
SPOT_083,96.41477,372.49905,254.98508,54.61063,27.545715,293.4923,231.58965,71.745056,145.33737,373.7909,141.90567,64.80564,40.216225,45.64673,48.477104,128.23714,112.48382,417.49167,81.0754,27.662718,62.090874,328.84384,136.44493,224.70981,12.152522,27.546228,3.5688877,210.42195,9.587261,76.94197,10.062726,110.3321,250.82916,24.75753,140.73306,261.9592,244.29317,69.35209,186.55783,44.77881,201.1014,102.354225,49.620255,78.114975,45.942833,52.979946,28.589825,45.31038,317.3715,85.955025,103.19489,49.935135,190.12653,132.5136,266.76498,253.52084,311.2156,233.78668,212.55586,249.34273,8.312259,65.387436,259.81433,25.762753,312.71906,66.49509,371.60898,119.48464,37.763668,125.662254,93.87778,144.122,306.74332,205.60944,63.74182,55.08599,168.52216,117.108894,55.187016,119.50386,105.47715,43.742184,307.91855,119.76044,242.79669,211.48798,318.75882,31.330088,141.94543,373.82336,60.246265,146.43765,34.161613,176.70433,94.70679,109.02031,51.74715,174.2002,112.26478,2.805223,30.757235,2.2059774,77.60791,0.45479897,88.351494,22.709183,75.558174,150.60039,108.70085,132.17769,101.72365,231.69258,130.68698,193.84616,78.749695,70.30482,122.82923,267.4331,174.94537,245.49536,9.353372,170.33603,139.6519,60.18333,24.203278,18.132168,54.46266,2.3408575,7.789174,93.312355,283.45126,201.33919,129.32635,55.0475,119.52175,253.03105,309.5365,126.57724,159.84952,100.27264,72.087395,108.550766,114.99601,63.315144,221.73917,48.41155,330.1201,322.17917,87.576,24.670586,54.702324,57.03342,7.1796155,79.36993,37.480835,56.87503,215.14622,82.81067,143.91339,5.663201,54.05164,50.942795,190.72755,42.95335,184.04207,195.53204,217.01459,75.61548,133.46724,291.23276,146.69731,66.87166,76.97454,42.4419,124.68235,85.44442,58.37434,13.589642,183.84538,164.01836,99.01679,87.48569,203.01413,81.07455,26.729155,68.216286,53.54006,375.1328,162.23395,174.8793,185.7057,90.78195,103.6422,9.895657,89.158394,25.40428,48.06186,322.18857,157.02124,100.06443,51.2524,46.08968,18.007387,192.66333,507.64798,107.63088,313.62646,215.24695,432.8324,107.670265,171.28168,14.4953375,136.5685,317.9816,186.8937,147.57195,95.63684,90.9272,56.960415,15.231609,245.3573,17.966461,172.90105,95.84768,236.68866,157.08455,1.1786205,276.359,122.65199,189.71739,355.43744,30.787931,94.86306,139.09299,234.82849,229.80495,260.87564,5.9109035,186.80525,8.79109,158.94992,202.3518,294.09665,183.70836,187.09758,7.1967483,172.10315,204.08746,40.86283,106.276855,126.14924,143.61963,138.92455,28.478664,168.68529,11.464191,348.83517,100.63702,60.732193,318.91586,462.80466,421.08612,238.88313,13.816622,95.84377,170.12785,72.80094,48.323143,4.6359634,84.77989,52.94626,139.18703,33.28319,82.9,61.652233,413.62427,50.950718,217.64005,113.34937,16.276339,18.921797,126.05925,166.77428,66.46472,48.171787,33.26055,167.07352,107.14291,126.62182,20.448364,192.65442,94.94082,10.85989,123.92902,285.0281,101.48463,72.481064,14.979884,234.23856,39.155903
SPOT_084,178.83853,186.76653,21.234165,370.15964,258.69598,159.35896,16.170143,145.51,107.95576,53.512493,42.24919,75.06399,48.49391,261.64917,252.49757,556.83966,117.26065,287.1058,107.188194,60.218285,764.7004,160.19102,261.69922,371.1483,188.25908,59.131042,238.10728,45.651325,102.05783,335.88318,203.87204,3.466936,131.28154,51.09431,27.540968,30.286638,156.31061,292.02448,24.058752,291.47797,101.54105,63.21063,20.389456,175.31221,20.338518,167.78362,173.78859,76.04723,163.3282,11.201591,190.29323,54.714634,129.98428,253.79776,98.61754,183.20273,408.1605,59.553516,151.58841,306.05197,263.48734,217.10062,295.98846,363.112,86.1464,111.171745,58.861378,88.217,120.2137,110.69672,39.10488,146.23828,315.72775,96.837166,24.02721,92.951546,181.90802,199.72409,27.620974,207.1266,59.319336,116.871956,75.743805,13.776469,216.99515,327.1263,112.85708,166.96648,151.5342,226.7033,180.42978,54.271683,155.81638,310.76215,36.031616,160.15483,92.45473,47.52404,7.257818,222.68353,148.51674,310.74036,231.70018,140.6721,252.9295,56.826996,16.79579,87.60516,32.70052,249.65468,177.74109,89.687645,5.3409286,124.295044,238.37,219.58755,65.08629,91.018135,110.70677,8.669464,19.469746,331.959,155.7062,39.208645,20.818983,134.74138,163.04918,269.8718,319.18292,189.75581,266.4886,115.33434,58.583252,224.38734,80.43482,41.878815,40.601162,83.74288,91.02464,395.27518,35.080704,29.528492,222.64078,9.34153,335.31964,177.2073,97.86019,5.407446,233.3589,174.44148,26.899408,89.00182,188.02795,88.17134,14.805016,282.1591,373.52646,102.602066,285.88773,336.40405,203.21445,17.587961,47.780346,33.913048,204.80978,73.97571,23.526058,136.33356,109.37317,220.94257,73.12372,43.13302,77.811005,9.92782,14.132108,41.538334,169.75748,106.744225,171.82617,152.59216,91.55068,117.64741,120.86598,122.15172,110.08511,169.83578,86.590034,4.733316,249.19843,78.13329,392.80823,36.500465,414.08102,259.90677,135.13351,456.18048,0.042387284,113.619125,150.82022,143.86855,187.03627,96.06866,29.537504,77.998,204.5501,282.54953,8.643208,195.71732,188.04802,174.22923,218.90291,90.61457,187.36234,80.79315,184.13423,289.1625,146.48161,12.806741,227.66466,284.75778,134.88144,45.435547,402.42325,192.68692,307.31506,259.98938,163.11885,106.954605,28.6356,137.30988,28.455235,36.74639,96.33872,77.52175,29.93707,43.55197,156.27226,142.62646,543.7037,122.32497,166.98886,36.00615,48.29278,101.57578,90.03301,153.57002,10.169341,448.4247,281.4734,29.333101,211.38354,158.37227,284.66556,240.10588,113.97365,47.84979,107.184845,105.37943,32.560284,43.60323,267.7409,123.464005,58.423813,377.46213,88.49901,174.41318,46.172474,96.392265,123.772446,189.45161,15.562636,64.83992,266.243,133.40805,115.33955,76.66886,228.08305,250.8848,184.10008,2.010351,6.408354,9.395551,55.939896,58.690857,69.166466,204.10966,86.571495,438.91187,352.92447,239.266,112.047,361.43787,52.220764,149.86879,94.67497,180.52971,21.924238,53.969482,36.15117,2.2376435
SPOT_085,23.967815,312.5383,111.60934,166.05157,34.34219,290.80597,326.49884,374.9058,622.23206,444.06097,168.03366,247.68137,121.83518,319.39536,270.13254,145.96799,174.37222,69.13637,24.751575,196.91806,304.7531,5.6811085,172.07674,167.00645,151.78226,55.54624,246.15463,267.35312,130.43112,32.559055,281.27234,834.2441,156.08755,17.448053,54.61284,59.59366,264.54822,28.147587,44.725178,82.539154,166.38542,228.38362,42.215866,354.1259,147.46455,211.30708,285.25314,8.183975,122.372635,92.307526,35.09825,154.63872,118.5845,81.64437,168.01927,58.102238,12.444041,120.35494,31.04764,53.878857,135.96135,139.08324,480.39893,35.3163,245.7105,303.1188,33.04481,66.31737,18.446127,290.19284,279.35513,8.792724,76.484436,340.48447,42.58313,351.16724,85.75045,344.19608,91.15641,101.39254,92.11751,103.84509,304.68842,26.06895,61.091423,44.41726,291.6201,153.96321,260.5824,56.452087,7.077484,76.30992,192.62852,44.481285,246.36186,65.8495,433.13007,159.02881,229.01491,154.6511,162.27324,59.38067,97.862564,197.79674,89.21298,142.81734,209.34421,316.81488,199.04045,73.5329,173.06805,180.70596,64.625,13.942046,206.10028,62.31176,24.12926,38.070766,155.1292,130.15257,200.89775,98.811905,212.84578,109.31626,278.55557,95.46816,94.04637,76.12715,25.537811,169.21214,242.3183,18.284327,159.0131,82.34436,133.7004,170.83548,67.58507,119.7716,164.2036,145.15411,20.489008,225.4104,153.8117,310.96097,26.778662,334.0762,95.57763,578.76733,59.77064,42.3994,387.96527,77.03054,30.360197,73.335815,24.620195,12.258102,32.38725,376.1487,66.755165,30.47647,72.702194,141.01761,31.817465,50.383904,346.67422,43.795483,55.72373,10.933318,212.84242,257.99078,154.21378,257.5271,206.45628,106.61711,205.61084,331.8097,166.97432,48.31337,127.24241,136.17734,103.00261,72.051926,109.247696,456.21585,7.076509,29.118849,128.44017,44.04066,35.644104,2.9207175,68.7108,317.43677,107.10949,7.7550735,116.61272,53.045704,102.32452,94.57974,262.7142,17.603062,77.358536,334.88574,84.510445,80.94314,244.74223,219.83167,233.21309,338.04755,51.80589,104.933914,172.77473,154.09941,109.6739,236.92593,5.3898206,260.54395,415.8827,205.229,106.35036,235.82599,74.72694,84.586136,221.64604,174.00423,163.1693,1.2657236,34.39113,26.757832,7.0584865,189.13017,52.764503,230.49336,29.302504,32.811607,14.94019,201.27687,161.05014,261.15253,75.82,5.162525,218.383,212.77116,93.9682,77.45572,168.38191,82.91486,50.99493,32.17286,155.30716,102.91577,48.657825,23.70128,110.645424,90.51924,37.392433,265.14117,324.1919,142.03035,219.70802,50.289207,9.891341,66.33572,352.20032,32.341324,136.01402,51.26692,41.677097,3.435975,262.53772,195.85896,351.35754,39.895576,157.84868,79.29305,213.80008,138.06795,105.46494,549.9572,443.4796,102.708206,103.78637,300.8901,217.48526,204.58905,105.73964,238.28317,307.0292,166.15746,165.60017,66.178,107.8383,221.78845,20.089954,167.17734,250.00931,73.9716,208.46693,69.006386,38.16232,204.86713
SPOT_086,1.2990863,136.8137,142.47499,98.13171,111.317604,117.023224,143.1728,146.1598,30.959097,76.710945,210.10448,64.79076,134.2678,24.631771,188.55591,290.2162,21.611502,127.933914,250.34503,232.20015,67.124054,346.5232,105.23914,260.54187,23.53746,212.60709,85.17802,230.57784,154.07433,159.43466,342.6847,272.30328,37.983067,123.53011,39.916393,150.38647,480.79117,532.2045,34.127975,106.02235,348.10468,268.94696,297.80853,270.34894,135.5787,200.71387,271.79532,80.96087,117.8864,80.310776,271.2577,215.66898,91.839264,115.85514,248.47778,31.562355,31.789713,142.69315,121.44087,181.84067,260.4035,209.38316,196.6031,99.026085,29.506674,40.677742,35.58734,121.40986,70.46271,141.05684,83.63159,227.60196,48.563835,101.49658,199.66724,52.17118,32.982407,44.941505,190.08446,235.31564,60.53055,93.07915,17.155626,138.10059,87.65786,9.807857,387.35687,98.313,261.80225,243.77272,146.45097,258.5823,343.29944,25.011103,128.77454,45.35345,68.06807,24.52017,196.9646,426.2482,90.63681,78.149025,116.431145,409.65536,166.41232,260.5692,196.48215,109.236244,92.53644,191.57953,16.926373,128.96252,178.62386,54.367077,102.92864,153.04196,1.4292942,3.869443,263.2743,12.795504,57.878036,240.04202,135.34085,410.05954,100.2363,273.49414,152.13565,255.77985,223.78125,3.2568266,26.985188,209.62985,237.8597,177.79808,152.0534,243.36761,8.667999,174.17004,332.57513,48.234386,31.554327,12.033515,133.73782,137.80508,79.63322,29.510967,58.962452,268.1885,16.671389,185.42122,201.40637,2.9747546,333.82968,234.98315,145.37895,55.671173,327.9731,77.83976,95.50722,193.76677,69.31897,131.87451,191.77951,119.500755,155.61285,71.80869,149.0521,59.531403,344.2821,238.14166,233.66704,201.68262,20.752607,36.748722,13.0947485,199.82303,204.00264,303.47086,266.9884,19.256899,227.5621,220.07254,212.07864,280.2649,186.32199,222.31003,339.67908,14.621026,182.33543,18.541418,101.99981,127.65443,27.15362,56.10676,135.39774,44.172432,98.816124,172.15509,288.5263,54.576195,25.441776,212.8536,21.547033,26.63921,93.39021,13.888445,158.57089,362.16544,149.24281,99.489555,180.86963,44.02965,231.53416,10.236951,0.31454283,114.341125,283.74435,272.16876,106.71256,92.990135,125.287636,177.41176,233.77174,42.585136,237.25102,61.73912,117.16769,248.75087,134.4712,164.8792,70.09534,269.69608,125.2236,22.69183,198.19337,465.8095,210.4064,144.67188,483.35495,76.80507,34.35654,20.769434,217.51848,470.0245,119.73394,17.43781,63.130886,131.9157,220.0308,291.7679,138.0093,453.47992,103.455536,150.2173,264.48196,22.109818,247.66925,56.89133,46.01856,116.32468,182.63893,37.37324,191.61603,114.32359,349.8849,16.276487,93.51179,16.297422,196.78012,246.70102,126.19611,59.406235,128.29042,39.331367,385.8059,145.04146,251.098,322.036,257.55457,122.951294,176.16061,372.4773,67.46108,161.90999,219.91881,103.69705,137.31544,228.90422,40.997032,283.87344,117.106674,47.06864,74.75319,123.3474,200.46521,200.38681,21.763065,41.527107,179.78343,243.36656
SPOT_087,67.78885,15.732307,191.27296,166.037,33.26992,214.29703,169.82751,193.92064,28.455435,223.145,2.4023635,359.69162,131.42828,145.71823,82.18441,66.82672,28.71815,1905.9003,425.6511,234.2926,326.33078,333.94754,246.67233,282.09515,117.05381,289.5122,195.63882,80.361855,427.18137,85.57662,36.302044,232.99577,187.28732,39.707733,64.13158,160.34808,52.60547,24.63228,8.439455,117.36254,240.00833,1068.7648,544.58435,760.3331,60.21337,29.52458,88.31874,330.2439,200.63582,143.59947,81.82195,158.34521,59.90528,14.660502,250.71565,445.27664,227.31305,26.51494,26.194656,2.5556526,195.26842,165.09555,43.27301,170.16301,28.668955,44.27096,25.498423,171.59409,28.344463,158.57147,28.92521,241.09131,46.977093,57.93667,147.09717,252.6405,309.40588,190.00621,158.33899,134.4438,162.38995,181.5995,89.6063,340.19617,34.808174,19.5378,92.65726,313.80396,57.28096,49.661713,47.17047,256.15857,43.022198,103.72525,121.59174,334.76672,127.15318,44.383305,33.30196,425.61276,268.8428,31.8238,275.66287,67.536285,62.00612,220.05795,55.74398,2.1592925,115.7054,107.63075,141.02826,160.7383,12.203556,220.65549,288.38364,346.90802,81.64622,249.5871,60.586567,86.77845,211.44261,141.68639,98.01238,20.518847,121.727066,43.20897,158.13585,15.632733,17.51124,157.10101,205.95688,188.01839,73.90065,22.371923,254.55972,204.04274,108.77191,100.550476,320.05402,11.420411,226.86813,137.03893,224.73517,42.166702,47.28302,91.9317,136.49533,37.79164,374.6587,99.50616,158.85667,65.08753,279.56363,319.1061,103.58882,104.001595,99.4094,51.63714,109.03957,310.38187,17.10994,51.86977,120.78031,195.8025,78.49444,114.69812,94.77057,277.68274,163.20222,72.39045,178.07149,231.8635,115.22762,146.15518,225.1497,258.13306,198.52394,24.264019,107.85992,23.774786,194.51183,140.17317,78.93111,114.81949,32.431023,54.38035,39.784542,0.011024213,135.6073,65.03078,158.5287,95.19739,44.50447,110.05443,18.757244,146.11327,11.053539,130.29834,82.16487,69.705734,108.36945,59.71921,397.04086,101.9601,4.4862275,147.58214,86.52248,166.14267,161.14235,225.63614,79.34571,220.09198,109.827835,50.693493,300.09808,395.10217,62.039215,1.6903095,62.983414,148.44426,393.94467,321.45316,204.8358,202.19446,149.81578,8.512316,132.57869,3.746536,76.021126,261.6541,27.531132,148.66783,182.49141,98.94752,59.079662,126.003654,287.58588,306.13623,85.65127,229.90639,91.67988,37.113605,45.964264,41.268032,27.314844,115.53197,29.529598,5.6941233,35.16487,11.822485,131.32628,16.809654,36.238674,68.87742,189.43954,27.725208,217.3403,79.89502,147.14891,146.6532,60.32107,128.63771,66.383255,63.59516,93.32952,88.74945,281.92776,92.17347,66.63054,76.75969,49.5595,137.205,173.86188,178.70027,141.88274,95.78232,157.49841,84.61769,53.286423,96.14041,271.85934,195.93309,178.1595,323.33694,195.28915,357.8637,61.75992,146.10301,52.84727,120.306175,41.91164,0.3299401,180.63087,473.13382,165.36736,101.08384,9.08054,135.36615,47.163593,24.25267
SPOT_088,54.41192,418.50992,276.29034,89.19092,14.123502,96.86386,148.83025,75.38881,135.24843,321.21194,44.31748,362.50742,33.686546,44.2176,249.14522,54.21365,24.016073,216.06557,118.83921,88.79587,80.60242,88.29879,79.02609,276.36774,37.95216,176.45021,224.2204,31.118214,113.65189,72.66476,297.9274,297.08804,137.81346,86.02709,94.97952,200.08122,135.70193,34.45283,57.180496,19.770647,30.651684,360.1238,88.34836,161.17935,271.19098,196.18883,76.82245,130.61221,5.019387,196.75381,69.81381,8.639016,116.80928,224.06209,47.078487,339.85083,33.10282,149.19753,347.6714,25.075514,247.23479,16.362694,110.09572,49.397766,357.29584,220.09741,54.08403,157.98984,55.378426,134.07162,57.26951,40.50581,116.96405,56.894073,307.3836,162.24335,344.0995,215.90955,246.48361,55.517826,210.80338,181.58963,120.2479,137.8465,53.25211,26.708265,450.46957,78.38533,211.32968,88.836174,34.410336,113.0941,475.72388,186.87141,190.05698,396.39874,144.39452,138.77173,159.82135,173.6825,370.68378,14.000333,390.8024,17.791832,153.73265,50.2948,168.85968,353.66885,25.836918,505.37714,38.28059,170.8497,109.99129,291.4765,187.50784,264.86124,9.810796,225.97516,82.871544,305.46356,60.513447,34.394478,427.90036,57.338753,25.116745,11.345837,241.57637,15.448651,18.51888,174.34953,213.61421,86.682724,11.687937,82.35976,189.15758,52.069004,96.996025,21.833588,101.33689,107.07138,34.29671,214.03506,186.52399,63.631443,21.472256,282.7894,134.07486,363.34183,271.50156,45.24287,2.9404373,57.685825,269.49075,31.351727,303.499,17.537184,117.431625,155.85648,150.26709,42.409122,85.267944,91.22885,228.59163,217.4864,165.42282,2.9630919,68.06242,206.8651,109.186356,166.00041,93.205185,347.00955,176.39586,250.45818,129.42085,137.29195,205.9587,42.02692,313.429,109.4116,200.0441,182.8164,193.45343,228.06036,94.53617,28.187742,195.92943,297.9001,66.20182,40.747536,358.221,159.37567,329.4274,130.74396,98.85908,35.165806,30.492014,187.15465,201.68109,3.3875422,6.066686,169.27193,178.44223,41.1386,76.22324,98.20227,117.42721,85.88217,18.211807,23.787159,94.23858,141.92479,11.321985,201.6341,118.53467,321.92352,252.88141,212.80234,44.419167,29.55165,205.0723,1.1540191,6.70817,156.37126,66.599014,105.5722,104.01872,165.96385,472.7321,16.723524,123.06462,127.185555,9.142926,195.43794,86.94964,153.56178,283.76245,89.01083,49.838474,19.682463,162.59186,33.473022,381.9797,204.45615,87.769325,168.65746,26.43986,86.197495,148.11505,232.81683,175.34833,114.70062,101.21385,133.88841,144.88855,323.9958,195.84698,79.98953,192.33138,135.87454,309.0173,118.26787,22.206259,80.445305,221.87926,133.68935,234.19951,172.05864,18.158232,446.882,127.60393,154.59485,276.07675,190.43587,69.257706,200.46448,314.09933,12.978568,77.52152,205.73274,4.0131216,209.8206,7.254468,140.64279,541.6814,158.70782,94.99241,208.01613,103.54437,139.9406,86.116714,221.99756,163.65941,229.76686,421.47546,222.70728,154.06088,316.24722,101.62654,142.24739
SPOT_089,188.18504,20.282282,22.329975,230.6412,20.044529,131.07182,105.43654,380.4558,47.50412,241.27904,215.66998,208.75894,15.151559,19.20283,221.33522,314.64743,87.30327,336.48648,45.72815,241.27545,690.89136,1.0055918,81.6761,16.098635,191.77481,40.489944,136.53406,80.15907,56.940155,180.32457,47.64922,15.100672,164.72815,27.162012,53.52148,41.30989,165.37079,260.4438,205.13318,218.34537,144.71066,1162.3531,851.28986,526.4409,259.12842,347.31174,215.76677,84.36653,126.163475,151.19333,251.25511,397.97266,168.6625,196.5385,317.43347,281.0578,54.808464,9.859998,346.3268,164.27864,83.47639,170.09212,180.39467,96.00461,39.013214,246.55977,102.466415,87.965126,223.49161,185.69217,99.85424,133.20436,68.16216,32.212154,11.408196,26.670673,30.69059,226.15974,193.49112,212.73492,177.37233,214.4058,27.21198,91.52048,88.920296,152.994,68.75213,135.14584,89.24801,175.58992,234.89503,205.86093,356.36484,16.331812,31.896194,57.719345,10.871627,97.59222,308.01672,36.88297,247.9386,173.27219,131.92017,35.840923,125.57061,39.739788,199.15314,43.034527,351.88535,40.570663,390.3948,261.48975,158.93037,181.38771,98.109146,187.5722,253.07149,277.53046,122.066025,401.53818,64.96531,202.4516,159.29417,127.86164,80.66837,207.46739,80.32563,206.98935,96.636986,441.64,200.69812,8.540735,43.973892,58.909527,176.8962,253.00514,361.40073,4.8799715,115.581924,1.1252112,8.342766,11.178612,201.68025,272.6081,69.52057,33.811634,168.89056,132.36494,145.5322,203.86644,137.7049,124.35148,404.8788,367.91257,124.18448,101.735504,194.69792,105.11169,102.569275,121.21585,154.1657,106.69851,28.229792,154.11421,4.655972,234.91469,14.826681,15.578577,59.21735,82.65393,59.551285,63.04699,188.83267,143.8328,120.80685,84.55728,28.84191,24.184725,124.33859,68.195175,52.19582,186.34155,147.54759,264.02573,25.302519,155.18498,89.158134,22.966324,187.91913,167.1823,9.847525,227.79063,362.22272,337.8997,124.64995,18.504591,160.44475,78.85213,109.68317,113.774284,120.31081,131.12941,167.37259,35.136944,138.57372,0.5732729,266.66718,5.964743,0.12755589,120.7008,219.46143,242.86594,201.24211,56.387062,568.6095,47.064342,21.920929,111.303345,175.8472,30.56132,209.58255,214.91481,137.89592,209.24765,1.9697607,227.2411,238.05682,145.96935,0.3825976,84.12833,59.230797,69.29985,78.67197,220.30563,459.3312,70.67029,86.38791,71.71395,24.965176,117.58517,86.18781,84.78964,236.97823,36.299927,69.26408,439.77646,20.918407,45.889893,31.579262,23.381031,80.75964,152.09999,107.37781,316.50372,233.65254,328.63043,226.11241,352.7926,221.65492,313.2103,322.53513,172.04655,262.47464,49.343258,78.483765,86.53617,334.1041,215.83356,18.3938,60.948223,176.43767,87.5862,71.96589,67.37563,19.439865,369.0956,235.09776,372.68253,31.815752,161.63138,271.08228,340.26892,30.383173,39.36251,14.383998,301.4188,52.40266,308.68954,30.363958,187.20622,89.40341,120.09578,11.961382,228.39278,186.59236,132.77867,20.85602,139.69032,21.516323,109.2864
SPOT_090,141.07683,209.52618,140.91797,3.8291128,25.98072,1.511643,87.66167,143.9103,155.25085,63.641853,47.35014,87.80005,151.40356,27.087538,125.80075,69.22256,138.45685,289.89957,63.973602,192.70488,30.279018,49.10701,195.61842,160.61934,79.21058,23.470839,162.8575,169.1045,15.849023,9.638218,48.183064,246.04213,192.16191,124.80961,194.16048,49.470013,40.0116,255.3273,42.99559,225.61969,102.72576,88.35911,86.661736,282.26642,38.119884,461.2982,281.553,53.63308,265.4633,155.80132,2.2215512,440.8861,68.35064,209.66553,269.85236,144.3932,192.45761,84.50644,215.37482,65.59683,107.30264,74.5569,199.47368,231.97356,296.1998,239.31377,293.7584,124.27579,529.4931,105.67025,286.27463,10.707289,8.703657,10.059415,7.3306947,67.08786,262.0613,13.437733,183.40643,326.46115,42.83844,23.32979,90.0769,268.78348,87.533394,124.67724,148.10747,59.37282,174.70876,232.35492,94.52605,171.86096,110.90902,186.4703,152.71913,61.398636,395.85422,24.643799,550.0276,50.822346,84.45083,143.14485,81.213356,197.81459,100.45789,180.01628,25.2672,139.59602,33.256557,140.66835,13.398342,49.015038,27.400187,369.16925,64.887344,348.19797,182.8487,181.43207,356.20923,126.16193,78.4459,94.35658,0.8502774,3.208568,168.94582,431.97278,368.91132,174.3601,31.771023,28.59264,161.49556,20.681498,27.619371,474.1773,150.00104,134.03395,117.84028,171.29752,284.04514,22.784273,523.2193,206.76137,316.82898,260.11212,87.70488,55.320534,351.03073,133.3201,53.13035,129.49448,63.0438,233.86038,97.52815,61.369057,133.11563,255.50562,151.23683,132.79007,10.006586,62.09317,56.401363,119.67372,192.74944,109.64572,60.80474,111.423416,200.09293,119.74358,39.812946,23.016068,135.78638,77.49168,134.4136,67.48992,19.23347,171.23378,136.23755,166.74075,3.8304684,9.709279,37.277126,70.07755,147.9738,291.04855,252.68486,88.51022,23.060177,24.160929,197.20877,347.97498,28.772535,28.26048,202.22226,259.84592,319.3155,143.25209,376.35388,194.1894,76.157326,45.295296,199.6891,192.80809,147.59659,348.0828,139.38367,145.86143,2.8252103,180.46375,246.75314,5.246343,69.16274,162.69304,303.0072,29.9071,14.451292,73.23355,215.86482,35.926907,136.96823,63.712463,39.673687,167.30434,62.156918,172.97623,178.05804,26.788813,163.34242,295.0957,319.8984,4.618773,88.13658,53.220444,181.67886,117.99612,177.39003,182.6625,56.241875,178.29097,25.815159,284.02795,188.49086,124.472855,62.756115,21.232315,191.77524,216.39761,74.563675,94.1171,63.972454,139.11987,266.44812,0.99654466,156.47923,333.86154,11.590639,218.8412,115.48205,450.90625,250.69215,64.04924,145.29453,59.088066,187.61584,204.70403,271.85925,325.55936,106.57146,192.12384,64.08728,254.48962,167.06374,279.19797,256.8231,410.5799,102.84519,284.5467,55.001484,143.98264,251.10596,250.1917,105.1858,154.32985,14.618161,234.08633,43.06755,147.7434,194.88776,102.62023,313.60663,252.16466,33.00624,5.2442803,196.99106,156.88377,137.13364,80.960686,200.33194,263.60138,104.14666,70.59318
SPOT_091,136.94926,230.68898,139.40546,155.4227,374.03302,55.25734,173.62376,210.27757,107.255516,374.0144,302.91177,165.95834,107.80429,32.5339,263.32706,91.252,51.25438,260.9547,248.35234,96.09078,248.46269,147.10052,101.529366,101.65742,158.24712,175.74332,203.06462,188.24461,111.47711,7.9635196,843.7027,208.61647,130.40799,214.21973,57.157696,123.13038,75.19363,132.55704,363.99146,0.7377187,28.398834,129.81943,218.76498,197.37851,109.41231,329.40292,56.278572,186.77519,449.42365,211.52396,52.849285,365.54092,108.159195,56.332462,178.34898,2.8725533,145.16591,378.54892,229.22803,60.315895,4.2702527,10.550056,160.07306,85.898026,125.39427,250.17764,26.068293,55.28565,263.17294,31.391214,120.4297,153.45023,101.39361,147.8883,62.728146,59.660366,220.943,36.583538,130.82085,88.78891,60.264053,234.60497,64.99382,20.727865,245.39513,137.80045,60.19972,190.95108,237.95526,150.84126,141.62375,33.630524,5.553351,267.50946,406.90805,35.316883,194.46846,353.05566,215.05171,3.1027563,130.56248,161.39044,38.492252,58.452904,57.65057,17.728992,75.32614,153.22566,178.05327,112.337105,69.03479,77.292915,57.37342,160.81885,135.89674,96.780655,32.03547,77.63703,73.211525,36.32348,221.72974,7.0683208,160.57837,157.74681,68.55332,191.53497,343.0628,56.917355,124.47265,407.3058,226.46642,16.401787,181.21194,367.05637,107.61835,173.8497,5.224753,180.57745,93.38585,45.78849,114.82475,120.81456,128.0547,0.89663476,328.61432,308.6613,38.281116,487.6698,117.45642,37.791916,80.60794,363.47137,184.70563,462.04944,376.062,51.73362,18.960863,157.54115,379.07562,68.91878,385.52252,30.677847,81.25629,59.0824,219.65398,76.01779,147.29163,221.54338,51.21074,114.613846,15.833081,56.894352,203.78407,158.16025,311.63687,244.3111,178.95024,174.52032,71.61199,53.06175,148.36394,41.537827,497.58273,341.66107,56.737835,81.384224,563.8187,194.19318,9.904239,4.0408053,0.4208216,312.9681,89.388435,174.66301,258.47806,262.0737,10.703867,398.90173,387.78906,151.08336,125.67781,263.83075,7.3065305,232.63324,68.36159,109.09533,130.58556,142.82515,327.75302,60.435722,47.175014,139.91632,38.68529,364.71527,31.684975,178.52881,58.339634,163.52461,129.18513,16.046637,149.76775,63.528576,142.7424,193.38081,156.8142,112.55873,230.69,69.227066,208.079,71.57103,153.34988,150.61603,38.574043,253.45464,308.0341,362.51968,63.855328,167.70755,121.446075,346.31027,117.88472,533.03107,248.02924,234.21315,160.76056,21.824045,184.84602,135.29929,111.687035,223.05093,203.97528,71.73698,54.79975,181.80283,162.11516,129.6504,104.70062,144.25098,257.17038,84.441666,23.46553,103.50692,48.134308,49.458168,319.33984,160.81487,38.06261,139.86707,506.8459,8.478307,154.05867,270.24527,110.559044,42.162373,77.74793,71.4975,167.07341,17.950563,104.10541,407.96814,264.5906,191.34856,268.25598,155.54828,33.78,220.22284,58.031116,1.2091799,42.081173,325.014,138.13258,67.20039,205.0899,99.08876,7.345238,288.17865,262.67593,200.47351,117.37846,73.22511
SPOT_092,279.45883,144.90198,164.36908,191.07355,178.97641,214.82921,95.64478,304.03677,481.65076,566.7563,792.78784,295.49005,255.51749,356.36783,130.82832,258.20013,45.681496,98.37913,307.95276,35.06101,11.83837,304.9123,63.645267,117.72497,440.37442,128.13411,26.028276,237.44855,33.371475,12.257547,871.2182,648.0859,99.27325,70.96603,13.18574,109.72007,200.2198,422.8139,209.14519,121.348885,22.857557,193.42055,131.66954,126.98866,151.9448,102.17195,284.93246,138.0531,52.148705,216.7472,118.85587,398.08218,109.0452,123.81034,197.87062,233.1041,75.278435,284.428,349.62836,429.25403,81.11145,19.243248,139.56822,38.183712,143.92828,275.41702,201.39787,423.2203,233.72997,69.56906,21.226387,135.38393,90.31403,114.530464,88.03503,69.35918,339.1823,124.348015,340.50363,151.34029,11.445011,183.48508,36.27354,10.956451,16.856512,37.637836,369.4433,226.95117,9.081628,254.56557,86.717285,154.0505,101.18532,158.69817,183.53458,28.965012,74.479996,112.5969,130.0601,3.1014113,37.68175,148.55469,205.88126,19.576097,78.15557,205.44604,149.50278,318.97668,173.26587,129.63385,9.041343,277.27722,211.26593,140.86711,260.65497,303.12677,77.45661,401.22787,311.05148,19.157492,129.49297,35.059586,32.428616,72.28205,298.4604,92.61965,199.88625,99.29659,178.39284,133.32312,61.627518,153.52327,36.97214,142.69772,105.52241,21.417555,26.183086,299.22598,153.27867,109.64873,309.00488,31.11072,27.902416,29.45828,281.41443,195.79836,12.243148,200.58405,106.29442,71.988976,320.59656,53.428032,23.182116,20.74406,242.19092,102.92367,117.51771,5.412711,79.98713,349.66037,237.19861,155.6968,156.3702,114.878654,107.9107,295.8185,137.69481,43.464565,72.86424,96.15219,138.47252,29.934868,92.41852,164.06525,29.520628,85.74143,221.36922,91.64602,48.50215,78.44351,228.32263,168.78181,130.43813,91.46665,159.67848,246.20947,96.81968,74.665375,20.672901,298.78146,497.6008,83.357346,96.39974,130.6275,4.2827125,209.4937,181.44815,63.787758,57.24358,273.72534,131.83444,38.3145,132.7982,203.38565,119.057915,288.22253,53.935413,151.83907,98.98072,70.33316,224.8874,105.66347,216.09416,103.092,91.24347,284.6727,60.992477,71.43843,187.35364,132.76097,233.67456,146.21782,73.10921,56.97378,112.84931,85.10713,252.546,299.24976,323.09616,196.22173,83.928825,257.8114,33.754448,388.21582,78.41189,272.546,9.906447,482.0656,115.28741,227.92584,8.819274,221.94919,300.20895,249.40155,36.875576,85.88065,244.18419,115.00641,214.85324,38.348213,108.130936,337.36212,7.8540244,60.40486,117.84475,89.77987,206.94269,75.03831,100.708405,195.07741,202.21547,270.94217,50.20265,51.528824,522.47705,82.529724,10.469109,31.109032,219.25113,101.49868,14.246105,14.096463,16.9998,39.818256,313.066,150.66414,152.35999,24.845795,231.46288,320.30075,306.089,5.444069,49.124374,271.3554,144.46645,20.92728,34.948727,165.15953,74.319595,150.88031,22.913618,92.50847,78.49248,39.67123,8.783528,162.86798,86.446495,219.3085,64.6895,85.955376
SPOT_093,451.4008,1.3569535,117.86638,693.79285,74.84763,125.86738,219.66725,154.99942,98.00588,224.045,102.769264,228.87726,23.665936,5.252519,88.56954,130.591,175.72089,120.727036,105.16143,213.06218,1143.073,189.2254,93.06514,209.57611,170.59142,252.56876,34.968746,302.54025,223.46695,78.93837,181.12224,123.28279,117.14742,11.657963,73.20726,52.00112,591.414,0.8752059,217.84537,38.712467,176.45021,1.8652036,19.07501,14.765411,230.51799,144.95436,257.56937,276.18607,493.45508,387.1844,51.714993,34.122192,10.802922,69.33698,0.04737623,24.011135,235.6053,101.8073,172.58469,133.3213,94.33926,98.14927,142.58492,28.363068,39.901226,44.804363,437.06125,94.80588,128.37119,4.034024,231.33356,173.63362,53.74803,219.88359,397.08224,189.57106,158.30847,138.47655,24.448832,162.39258,223.07475,93.99646,72.9523,206.0369,6.1887474,399.6633,48.3024,102.01944,244.51726,110.53517,93.54235,15.160997,33.782963,146.96887,21.950455,21.33826,212.47832,115.65897,306.0117,33.162853,317.80667,122.49909,121.37386,161.5368,318.43115,247.80925,151.8462,85.45738,225.83809,323.30652,227.64348,180.66794,25.881617,390.7969,3.428129,213.43384,258.95465,22.879253,104.71873,295.19028,102.56253,273.41876,107.541916,138.81165,45.350212,24.889082,142.29515,58.157173,79.29635,124.15792,265.0901,98.55544,115.85501,70.48773,33.476105,44.7438,60.703003,115.52462,5.4452467,142.6761,136.90268,6.0126967,259.35056,384.35303,53.621494,149.30528,77.59119,139.6113,23.97344,68.112274,315.34573,171.05682,242.51346,4.3285985,148.02496,16.497013,264.52646,13.0611725,251.54808,359.7519,300.296,86.130806,97.96623,268.13663,297.3123,64.54822,42.49257,133.60954,124.67525,216.24727,217.86275,206.89526,133.65578,99.36315,114.20967,125.81017,306.89072,284.7062,10.225331,89.51912,36.404144,77.47968,290.31076,278.15463,405.70844,221.90117,138.41495,118.750435,42.841114,0.30191708,236.58229,72.5009,94.66448,30.177887,142.67972,54.418095,7.924092,133.75516,20.442913,194.31589,7.225021,16.004044,432.8133,41.461117,211.65843,89.75507,114.68876,76.741165,98.823975,106.39205,41.34885,276.17166,130.51349,264.84583,40.535896,151.79874,63.278725,197.89006,141.22041,288.4984,250.12953,168.4561,150.59761,4.360655,48.74675,106.20781,63.50544,24.295372,262.42398,173.25,97.364174,135.89938,225.50597,1.2625531,140.16084,88.33857,90.80335,51.848904,193.5593,146.5076,137.98924,33.36176,27.42076,0.47210714,8.200936,37.6436,93.07887,79.7688,282.91733,23.681194,271.0475,114.4039,138.17998,109.94019,21.016613,380.05923,175.10217,127.74128,207.01534,267.57794,220.33968,159.84795,266.2748,269.02402,30.818018,65.41235,153.98312,430.90942,326.87238,20.256672,164.897,10.842703,88.58251,417.8553,69.278824,152.59702,51.971825,294.63138,11.05648,147.37363,162.97546,273.72498,111.36648,200.3426,381.62576,265.3287,138.127,149.97084,104.49084,165.16411,195.43362,94.923584,36.471886,244.82014,198.9609,290.77505,141.99179,233.93527,131.59671,10.244549
SPOT_094,982.2464,207.546,344.29468,1123.6824,548.5265,345.6111,52.309998,8.435306,163.49031,52.100605,67.179276,87.38165,282.02362,41.92952,16.545029,354.6554,180.32668,162.09555,111.307846,158.69945,129.53801,77.84632,153.65665,168.62761,5.5792384,185.42207,64.52463,55.38629,209.76482,179.30397,203.01941,130.62317,73.86522,204.1903,218.89197,138.44969,1215.6532,118.446724,94.822,194.91783,27.413795,243.78122,398.11145,185.06912,17.01917,125.87578,2.7128193,330.4797,117.83257,171.28648,121.82238,322.86087,201.98695,79.35926,146.22173,340.5804,131.07306,169.13237,403.1545,137.74261,256.33325,354.60098,238.73729,181.26883,128.8704,178.12881,54.94289,32.429768,36.375645,62.567776,40.740196,20.542692,90.64046,63.32753,56.49175,341.61945,68.62517,33.149796,42.988377,173.59842,196.48532,18.643774,451.4087,48.875744,193.09088,130.70564,31.830769,95.203,154.6924,174.86748,188.14656,52.733753,55.50329,153.32391,28.023348,168.29062,93.92254,236.69023,61.12899,45.498898,200.33195,25.207752,171.90244,99.84439,98.69454,59.747974,183.76305,64.11067,311.3686,38.66169,81.625755,289.19263,159.31842,221.50592,141.60909,301.11526,37.74585,95.67547,90.99349,279.68344,117.459526,39.578217,61.338356,13.566104,450.77704,5.546001,153.84792,207.80951,225.4761,154.6658,119.445656,122.34444,228.0047,108.93592,113.53408,76.576614,89.870926,98.32774,48.266766,123.51305,166.05833,441.73627,127.24059,29.806292,109.81408,264.8075,366.5841,9.313803,296.78146,24.940336,65.040375,4.386212,392.25693,135.34276,168.04355,5.058703,59.838646,190.141,136.64459,147.20558,271.97025,13.704041,14.788055,0.18394239,137.63603,112.52026,203.1204,79.39541,172.2143,351.12546,164.59494,28.313833,113.74771,127.73704,106.04888,13.087361,141.23303,0.07545671,11.148664,40.474865,89.88423,160.96335,133.63237,368.1504,109.90157,89.71458,162.83723,171.53014,146.69763,145.7526,136.78452,62.848507,190.75523,140.37936,222.0609,49.132317,35.611187,18.32516,71.24469,75.46679,27.860617,180.3849,181.44397,64.53891,71.544624,180.97137,166.35864,60.20522,40.7992,238.95511,372.89447,436.8721,140.47176,220.69554,16.52641,288.67853,60.521954,17.957191,449.8685,158.14908,3.6937206,35.759926,218.67007,131.17888,99.62046,248.97794,24.07135,222.83163,69.38453,60.38761,363.62726,147.9443,369.75632,107.849144,227.60571,109.95136,50.00769,92.80563,18.124743,68.67224,147.31024,204.52863,159.45688,95.81726,41.27065,186.70958,15.721462,87.22748,25.488182,200.77817,3.1085145,23.540781,136.78618,192.34584,367.27393,31.727486,63.693,32.289265,5.043762,158.17903,82.58501,50.15535,14.22656,219.56664,27.3415,11.473797,294.6676,53.66082,36.00202,165.35117,150.74725,247.63327,317.49664,5.2013316,97.096695,292.8815,143.21356,14.7544565,256.83188,237.7786,60.526253,44.771374,103.82265,5.1714053,250.3567,168.8867,244.4873,88.72637,213.18341,34.635254,329.74268,256.99863,330.735,230.16626,139.77296,210.42426,297.68658,1.9512612,126.9181,171.72612
SPOT_095,85.40571,48.942665,64.021904,19.527401,145.90923,77.465675,67.734795,334.19452,53.965137,123.49481,64.36056,344.9865,2.036985,18.047153,26.748373,542.4828,113.6013,812.4576,94.18184,122.15502,319.0451,29.577768,157.54378,352.97327,27.143799,50.60254,189.28012,251.39757,158.98636,81.53228,121.57619,23.76576,171.77975,97.32507,120.86815,60.189434,11.042778,103.78315,197.14273,89.471634,13.307823,929.3062,366.34717,66.399574,860.15515,56.266624,224.26242,37.7388,101.98248,99.39214,60.822956,487.90198,664.4924,25.625393,16.054472,277.4538,263.62247,16.550812,60.510838,126.38055,42.738777,213.46959,450.804,18.040024,96.11543,227.26291,149.05048,283.60382,111.05438,253.82484,24.135962,168.11537,60.827995,304.18558,345.21954,42.6915,97.44936,190.9276,97.99675,78.70378,94.3325,303.72412,250.21718,428.82614,58.04261,44.223026,227.39891,134.90244,104.95949,13.894566,82.804955,60.553776,173.64497,148.11679,141.09917,0.5346562,280.10434,224.53716,24.394375,22.981508,34.241676,8.107837,453.41104,22.812918,68.23434,18.20372,183.5919,8.93311,123.25111,71.28827,52.274807,19.957644,287.80597,43.754093,177.4838,57.51188,380.5645,24.731768,236.17123,241.45303,26.951893,177.37772,196.40495,230.3642,336.28568,90.88757,271.00174,179.69978,147.80202,28.448483,130.7405,167.24098,265.24857,123.90011,160.07367,194.43002,210.85223,56.909084,110.02073,112.583435,104.97812,152.4274,370.13422,326.5831,108.90633,77.47261,59.361523,278.9994,20.30533,17.917484,103.6821,55.682854,428.63263,197.50912,165.92874,311.61545,169.80853,32.912758,197.70882,93.6387,121.72468,6.0821447,214.27237,230.84114,198.82379,50.31705,17.317099,10.138302,103.65015,167.51692,246.49841,90.01946,69.89014,51.07449,228.42822,138.67511,95.98317,39.959927,78.15392,153.71013,215.48833,125.01123,7.7259583,207.89716,30.513556,34.998863,71.51372,209.07591,442.91138,69.07132,423.43875,42.94128,137.19269,243.19911,220.15038,305.69397,11.455559,61.34189,50.157852,66.23489,175.24783,203.73732,49.021324,213.23944,126.09843,156.97238,253.06702,128.01947,22.768103,307.2998,261.36786,41.52796,73.90176,65.22552,171.49438,312.11542,181.15425,156.29477,124.29776,54.875877,325.80814,280.63733,14.344434,88.02723,172.90677,63.641857,310.91312,223.1063,87.38311,186.38853,62.94224,233.97928,30.750845,27.021233,60.23649,81.08361,290.29327,60.703465,346.40182,5.594313,323.84805,9.09088,1.1014208,72.60209,155.21143,188.56592,289.80768,10.477089,361.96933,21.438103,149.64265,14.346203,69.05987,211.76247,156.43875,105.18346,240.21162,16.789425,101.963455,288.28665,254.66751,227.87277,10.517356,82.43154,172.65384,70.53894,134.5563,64.2053,180.3364,41.096317,288.4603,62.65438,88.005135,16.731327,224.65367,55.113323,77.39536,110.10051,73.8292,492.10028,30.997395,302.11093,218.38809,109.28291,41.703987,83.68576,70.802376,291.42294,36.293926,264.60605,621.60376,69.220726,177.46443,17.948288,145.63397,158.56361,137.74934,121.47757,139.72247,103.25588
SPOT_096,217.43799,192.91225,68.24194,189.45042,186.68544,180.52359,178.07607,319.72855,237.37477,350.65906,1421.9026,941.78564,238.80513,116.46071,173.70508,12.258653,142.27563,202.07909,32.485363,163.8691,269.0271,59.836445,315.85855,169.89241,272.47998,92.44,126.14204,22.598711,123.701065,95.51102,1125.5953,869.57245,136.64772,0.1914994,103.59967,219.15411,206.32254,132.9561,27.009794,108.63174,54.043068,41.995953,15.11824,85.819984,116.06451,249.6538,50.77345,220.93272,236.90158,13.37632,30.75192,102.00161,286.34088,6.6304455,272.00613,1.0128969,82.84606,103.89987,101.896866,73.682556,76.98554,107.63767,67.80209,240.55576,145.14636,152.98972,352.52377,52.669304,20.138418,152.92474,74.99181,119.51646,127.68301,94.10102,104.41135,414.39847,28.3283,158.94623,34.350353,62.009605,299.21878,40.835957,28.002665,15.8310175,21.996172,219.75975,192.35306,248.04852,99.7282,20.802752,9.315583,306.98883,6.0485034,114.05467,331.53113,96.37312,282.66284,75.65077,162.17854,68.56359,30.463121,232.4708,9.734013,60.927803,100.387344,198.55164,150.25725,223.7859,127.01803,23.621061,175.33684,205.49307,104.311676,364.47812,207.79631,155.26198,98.839165,61.564896,245.49028,72.42213,168.64075,21.301023,170.79459,84.33283,126.688705,178.06932,39.81822,135.01347,68.689514,130.21193,354.9801,20.96618,34.23416,171.66803,69.42405,87.183304,86.74397,0.29730907,169.8633,11.678351,31.44052,276.47232,12.337207,362.16,92.906075,11.4328,138.06554,179.84879,67.263145,264.32883,115.33389,278.46954,52.171192,214.55946,147.41974,166.20065,337.84186,180.12422,132.73555,79.176414,98.605446,347.99265,95.502205,69.79534,290.91193,103.801735,177.46185,163.10031,95.43234,187.1493,144.22708,220.54378,107.95938,65.56344,57.68821,278.50034,121.28798,139.18791,157.57533,16.736734,235.4434,25.920166,101.39781,219.90086,142.2695,152.39293,174.51697,38.913025,7.977363,326.6571,251.47668,231.5312,191.72284,226.47296,242.17447,118.589005,56.03456,30.737928,334.06848,225.7536,107.063675,99.62814,603.82324,193.88354,112.67726,146.86601,36.047493,83.349174,172.35207,47.982315,160.53464,130.71783,67.55184,56.31239,64.85427,164.6832,130.51744,64.819405,138.57227,231.39992,70.58778,91.54493,362.28156,216.58838,42.047447,36.99678,43.837605,68.8961,265.65366,157.41873,213.07985,186.52107,104.03132,88.110466,162.85606,201.74306,5.927106,201.64809,198.5246,66.251686,170.41508,34.892845,296.82007,38.12118,139.8214,195.61115,183.26367,23.12264,121.68853,478.43338,44.040966,92.119354,250.87671,11.282823,196.52644,407.92108,43.587433,127.64639,138.51047,173.36383,179.43733,112.036934,52.862617,32.95825,282.26135,64.25248,262.4684,105.88454,165.08496,221.59042,38.510757,102.66129,285.85788,105.04631,204.42357,125.366936,82.39213,97.66366,18.040543,79.5888,36.662193,82.60901,91.02867,94.72411,3.1604106,84.925896,44.25926,17.62233,260.1681,114.59867,11.682993,243.17838,111.58626,429.23608,203.26651,69.0865,150.0691,21.0366,146.6853,43.783764
SPOT_097,413.8831,189.92302,14.694667,686.03326,438.89578,172.48799,281.53445,0.5476477,343.30762,328.97955,239.57782,135.45462,115.61785,110.15074,150.748,114.98936,314.0053,215.02612,184.27695,122.34723,589.7407,100.6021,13.105103,16.396921,60.573162,176.5844,12.617812,43.461437,134.29042,274.88898,232.35947,207.95227,137.09312,14.300118,230.60814,95.066185,680.69275,192.3832,127.95027,269.0975,276.0921,32.638264,156.0944,153.26494,340.5259,301.53644,1.1568261,88.443344,118.18724,60.370388,40.721317,286.91147,5.8394213,169.57823,358.42444,202.2769,273.96075,181.69359,70.31362,17.265722,17.92588,45.491596,147.72052,37.07573,397.45062,234.41519,156.78056,48.183735,17.276249,25.61282,180.49997,80.26164,152.2929,150.10176,351.99744,273.9606,98.6698,221.70955,72.25355,50.756042,92.36795,286.28357,31.67533,368.60876,73.17078,52.28337,431.88788,149.38054,81.8521,15.158986,114.34195,27.154984,24.103416,147.09665,303.33502,19.15548,25.205008,94.88152,103.71414,241.29976,173.7584,190.01408,119.990036,79.57458,56.234444,111.46971,124.777954,156.80225,252.11818,122.41812,224.60773,260.88116,422.97836,61.821835,105.51216,201.02573,133.46483,189.74695,258.12827,54.481487,164.69014,46.110096,216.47668,387.47864,116.916954,139.93382,231.30519,295.2388,164.05814,148.14204,145.93289,49.502426,13.993318,229.93297,64.9471,164.61058,131.3017,200.34265,181.77766,73.057304,58.802128,45.599537,112.86849,185.39006,124.127525,58.68528,118.048676,74.489716,36.34114,55.678226,63.253452,215.21951,1.5431206,181.5065,92.98537,203.33405,290.63336,103.79693,18.678286,17.515408,84.6299,90.678986,162.38109,173.46066,290.6591,27.310184,515.174,124.76077,45.034004,63.332867,142.75514,191.48405,198.99976,121.69341,105.537544,134.09294,250.53937,104.70184,23.201984,165.1902,141.99867,366.02124,309.13998,182.77568,232.0461,143.80339,103.32402,164.6659,89.29324,65.40373,51.902508,118.32397,251.86885,161.73485,19.790737,184.42227,292.87292,221.12257,85.41986,132.39658,50.29336,338.88504,191.22021,74.986534,436.76498,219.22427,283.91476,61.150578,59.848377,186.02737,171.32797,13.172707,124.69183,5.5235434,50.241314,15.79106,40.432446,180.01378,227.92131,268.72604,76.655624,259.30338,304.69403,220.39383,72.51729,266.25876,99.11009,202.11267,2.320521,67.29733,98.11543,143.10938,286.7361,1.311295,72.32297,105.63286,169.07152,287.27554,37.794403,195.49016,18.21809,110.04841,139.82608,197.45702,133.50491,200.82718,127.20773,223.41809,314.35037,200.21277,139.81252,54.58783,211.11543,98.589035,302.49,302.43597,62.753853,141.39876,152.49695,60.428513,180.31563,146.19536,122.78064,56.687126,126.65039,109.89626,304.97858,150.36516,25.93672,224.95992,18.604836,192.07318,52.943245,285.58755,143.96642,64.13041,195.7339,62.60493,204.09253,7.0703363,20.370142,380.52957,87.24168,220.94263,86.34329,102.94288,236.82436,185.95532,203.52147,312.19193,16.459183,25.898718,139.76161,13.1943655,197.94601,52.492004,24.397438,125.858315,170.14807,568.6358
SPOT_098,222.14102,26.38927,72.07152,351.3073,115.2203,138.90356,143.05916,59.910507,4.400948,245.03326,233.61139,233.94214,325.8947,268.69006,153.41382,355.787,23.047964,46.47072,57.045055,133.4473,178.87477,200.95912,52.9274,153.68825,130.32031,53.992165,99.50053,359.31055,238.82889,208.0708,300.74628,322.74948,205.47884,34.140877,293.25476,242.9966,161.59447,185.06923,43.084606,133.3947,188.07817,431.03143,1208.7026,10.359759,415.58487,69.951866,98.64515,122.69714,126.73954,117.74491,130.19716,73.40263,140.38599,93.60042,115.23324,302.00195,58.999355,109.2532,199.88182,203.0285,64.315384,300.60397,365.3194,163.92007,47.00472,63.633778,137.6654,161.92278,110.436516,205.62877,29.685858,127.100586,32.041893,199.41125,52.20694,405.78436,33.60916,32.512638,56.01357,199.25624,351.4434,42.926994,166.0784,217.44547,13.01382,126.327965,54.170387,123.754036,26.184889,167.38136,122.963264,99.498604,111.149345,308.96716,77.29404,312.44202,372.07257,153.92126,199.61656,327.25912,38.916252,18.002565,238.02576,90.82802,288.7137,63.22547,5.1026773,236.18217,125.3323,26.617167,38.92605,138.25171,100.98731,37.133755,100.34479,224.52533,13.72326,70.175186,162.16725,69.20848,417.8526,136.36597,197.90762,50.384888,410.36218,34.360695,163.6962,21.113348,89.78254,92.2915,279.8318,0.30443782,122.46811,238.38986,83.74091,44.480953,513.25336,40.206814,343.00323,387.51315,131.48979,447.3058,50.575405,61.347527,77.53935,143.69334,457.94785,186.70758,110.37278,189.02121,136.97763,21.920242,153.86975,192.66318,41.93796,32.98304,111.547104,83.550514,232.41249,228.97482,379.63065,137.97144,71.23136,147.6355,72.6679,180.4368,21.640038,81.86797,109.660225,164.75172,451.9338,200.91666,4.852146,226.7114,308.32248,250.62675,220.47385,138.54276,213.86143,146.39174,40.991222,365.9167,61.127747,78.17886,91.076035,175.03127,17.056993,70.76455,15.906075,118.81363,147.92839,252.50693,273.2436,40.215107,616.9635,71.37595,67.64888,335.98218,149.83131,157.73203,133.60818,218.29965,26.797958,76.90228,202.03018,89.16259,313.3761,110.992256,57.953175,168.10022,365.3199,20.318176,135.60774,202.12985,166.95497,116.61515,68.38635,207.27347,12.635602,114.45946,56.770992,143.33055,184.61273,88.380714,25.822294,17.12561,290.20862,160.25554,142.32254,284.0196,118.150635,213.95135,210.76755,15.122439,191.74707,173.6833,302.5414,129.46872,176.96524,141.07347,25.071905,124.487404,72.37624,34.52876,319.7315,240.54416,99.659065,164.3334,190.19218,333.6819,55.581547,70.38285,16.437767,78.746216,139.16792,76.615295,89.790184,139.57458,320.09006,0.3616074,54.937626,74.90668,30.759527,28.93527,129.58315,319.47205,176.96469,204.18689,28.881695,134.84334,285.66168,14.336049,55.88216,134.61586,388.16534,73.02412,67.9355,125.38692,283.0822,8.357267,358.91238,28.394533,19.399979,3.7145772,71.18573,56.608322,139.54915,59.727608,448.33533,83.81115,383.96268,67.72705,264.80942,121.93434,313.8898,95.28725,310.446,142.86034,127.233185,93.24012
SPOT_099,51.37324,5.304772,11.47243,45.69572,40.610424,233.3421,146.10931,157.99416,292.81735,238.00311,634.255,884.9084,68.9484,257.59756,128.21596,207.63063,267.328,1.0427201,10.651355,356.51364,26.075272,14.4323845,233.83603,15.708301,214.87843,39.021805,4.658717,84.861755,44.36219,15.579987,425.4916,399.67798,191.68555,127.59633,259.67822,172.07397,218.40825,230.88852,83.937256,53.246147,13.651021,118.716934,52.05028,16.735348,13.008866,95.80723,118.0291,16.860786,22.31834,40.661644,296.37924,311.3996,174.54234,121.26233,48.56119,47.294918,120.149185,38.518723,100.670845,113.185646,3.7596893,80.56389,124.26491,117.1861,38.657967,309.08145,238.82881,180.33429,461.9458,26.363413,83.66406,154.86536,45.47417,2.1469889,177.46559,109.19871,264.7813,17.35888,2.7640328,78.48699,316.29868,317.6336,134.31104,97.02906,52.006477,2.9583645,159.22592,61.4038,323.82526,431.3789,43.75288,98.289246,182.37083,28.43708,297.13235,98.67872,87.61901,45.409885,248.70955,36.72908,153.79321,193.9714,74.73827,15.127814,227.41515,395.49365,59.876,65.96642,373.85522,83.526436,277.3201,419.5194,47.21631,53.30612,44.091644,45.514484,158.29143,322.3541,5.9929214,231.55748,302.38187,150.21533,123.53667,40.78157,193.17229,330.95337,131.97665,117.28841,43.797726,89.263115,200.3562,9.536677,236.75734,135.28513,227.02512,333.15045,121.95501,268.95526,146.92676,71.67832,83.443115,116.25984,404.66354,6.6612024,72.40328,125.646194,3.6145852,11.226506,114.400314,290.35452,131.5085,161.33014,18.594501,92.02243,161.22684,119.92653,36.79247,183.95703,4.098001,52.569725,418.15247,78.370964,284.34915,203.63168,6.8005085,79.86946,313.24078,156.76984,119.29562,54.38347,67.64766,365.44952,81.632675,197.36668,319.63647,66.8815,241.83624,302.4156,90.62984,140.38747,257.36215,72.24865,231.31396,6.455097,70.97655,111.889656,29.628029,78.06891,125.39148,40.24555,136.95726,369.46036,368.89893,355.7838,46.776917,173.68198,208.9967,281.6094,131.03313,40.548836,9.647298,64.3381,237.37698,13.828985,291.3386,113.94249,284.112,41.100983,121.05894,117.80579,72.54593,49.457752,25.333649,92.8949,145.30598,405.99307,22.229267,132.44275,285.76022,68.25294,48.67504,183.11668,96.47869,19.34725,90.8394,468.33017,92.209564,360.1841,268.67722,115.0643,6.760884,78.26843,29.128098,175.75807,79.47636,64.7134,59.961967,45.61266,10.741468,154.93364,46.267746,250.47942,332.56757,118.22598,87.9068,121.42198,63.94158,83.66237,164.86833,314.90338,113.08429,82.37721,202.55217,331.06955,440.1538,159.50519,257.393,12.453231,147.36002,47.72052,185.24258,279.48688,126.285995,2.1921296,103.867935,1.9755642,102.93639,200.3622,121.07612,120.108955,119.20901,76.96734,170.04579,253.09247,337.75522,421.52353,309.23053,241.38838,195.52379,51.770576,297.71487,68.68561,170.65897,42.001358,50.371433,61.83688,70.92851,46.43924,187.97253,288.5336,39.336887,328.48004,157.80724,221.76152,227.01749,103.91181,260.02872,90.24612,340.62424,41.199158
SPOT_100,356.50296,189.89742,105.66511,26.940405,184.34921,124.94447,212.27846,66.90821,89.35944,188.78912,184.19792,775.23444,207.49214,72.529175,556.78064,115.31598,247.08224,123.63087,107.80488,97.86475,180.09871,133.77551,55.613068,75.91673,592.50574,41.76249,188.04549,430.01535,17.727318,283.93362,23.20966,539.6481,313.04523,168.87001,94.62686,17.195923,175.4156,176.14075,12.617019,21.952265,111.631165,12.908073,147.15704,11.343642,154.11266,19.43656,179.44879,211.4961,275.82678,8.864988,138.20393,5.7141495,57.672634,385.86353,124.1729,210.54034,4.022631,118.68882,99.352264,304.9124,57.46815,162.84392,27.169445,111.60245,75.128105,45.802105,199.28807,28.17098,411.32675,172.89569,205.11732,31.778946,71.47397,8.00943,123.63722,143.463,244.72565,230.59395,89.42715,107.26282,107.84203,145.54375,48.072186,119.43929,76.31265,323.0445,151.58948,223.12503,48.450478,119.55479,99.69766,226.21509,186.11565,95.14741,3.432852,5.860097,387.18948,219.10672,30.111603,31.121357,92.218506,83.4555,318.72464,93.347404,32.1457,112.20718,192.0358,25.718935,224.20587,160.09209,170.23286,77.17899,66.37816,47.09386,358.7368,70.82912,38.190517,156.45967,305.99637,13.058391,192.03664,58.128838,72.26325,256.7695,252.27293,77.18686,30.619167,273.35394,113.43504,50.53605,153.4197,44.72159,344.09668,273.19708,43.898373,140.29814,131.14877,263.5361,281.154,164.30907,89.20615,136.05469,37.581615,204.16548,196.4952,286.3897,138.15251,216.96208,389.1254,330.895,2.1614826,52.17358,265.0343,237.74863,36.045017,204.98872,219.7545,240.27739,116.690544,37.433163,110.10638,161.11737,59.920063,192.44608,200.293,310.9067,243.13863,171.15497,66.46048,62.9627,22.260523,110.89002,66.85135,86.20691,12.114955,77.79491,34.22452,487.16452,123.39659,44.989845,120.26023,101.37895,146.83939,128.85884,1.0554307,184.7334,142.8198,29.220154,276.09564,149.36095,30.53963,4.000223,83.88865,134.0368,62.72933,42.629047,220.58182,192.22725,108.88294,45.97252,478.21933,6.8209662,43.416668,111.32922,135.76234,128.6748,78.62845,186.82036,184.01372,81.65773,13.462608,111.96036,130.89046,93.99615,233.7066,167.60869,383.75708,365.27353,17.055567,206.31068,72.07705,182.39157,31.6761,231.37917,635.9072,48.36842,50.23125,239.45695,6.5925055,180.52382,81.70948,60.710213,189.72643,443.64142,2.337089,71.99304,244.91002,95.08433,92.9853,165.87305,268.6673,25.086655,77.69456,170.33278,121.51473,41.976364,188.53346,186.86641,12.1775,291.3078,275.82846,78.77402,229.64511,334.73654,168.67265,0.064930566,28.640154,131.288,403.16885,34.36112,135.58319,20.976917,22.01959,47.39242,281.13663,98.312935,84.39204,299.84354,35.13311,73.776596,87.029076,74.95749,31.951532,234.40793,56.157314,37.049786,22.096409,102.05098,117.97246,28.333944,41.507984,310.3701,143.77148,98.10076,31.946545,364.6842,145.3671,116.51282,49.49719,6.0047097,118.09349,49.1662,208.65657,56.142357,46.289333,61.891964,44.230732,230.74025,144.67937,237.49257
SPOT_101,20.579597,2.5152628,387.27737,59.362415,176.8471,78.898575,89.457436,13.279116,39.64698,170.80272,153.64767,61.371605,93.98698,196.90103,51.388958,191.69894,173.61115,337.21472,194.97919,151.47905,2.2044494,271.52518,198.61285,135.53415,79.78923,44.800797,130.64206,25.840351,78.24597,89.12838,357.54224,137.37665,181.1934,334.5137,51.77026,235.69916,325.62558,131.66695,177.94003,234.64145,275.04697,126.48935,103.77179,26.719557,52.804733,64.851585,279.14377,469.52377,18.716387,81.61582,10.123875,231.12962,149.24094,191.94852,110.28636,181.67342,485.06802,114.35612,107.22352,121.59937,144.94164,162.88564,143.65938,76.60032,55.051857,19.964718,168.52687,166.76889,74.15371,35.361195,99.60331,142.38414,269.8889,139.66278,113.44252,134.85579,56.183475,21.935373,51.580544,379.54626,18.873484,81.27092,47.517174,86.33422,234.36047,197.97636,138.31876,54.197357,162.06657,32.383533,89.58543,39.967663,227.4408,39.072525,42.660576,197.05011,27.133482,60.041245,280.21695,198.17297,160.70816,5.1729193,239.26158,218.61487,98.479065,173.74063,52.260773,268.8043,72.75814,151.04639,93.9982,174.91284,137.79073,196.75797,4.1640334,158.94443,105.50453,46.36187,58.73278,4.2957034,231.56839,40.50088,261.2983,196.65506,239.27783,224.7639,479.1347,83.673355,48.647766,12.297675,40.97509,115.281,93.099014,28.382965,130.45592,71.44823,63.55648,179.48756,469.7909,135.56819,228.61525,446.02264,123.75059,123.18491,88.284584,19.952732,108.25964,162.74364,72.46495,182.2284,71.798,239.57118,138.82317,109.958626,137.41629,194.32823,151.80693,192.4098,166.63753,10.347435,367.19708,176.3698,15.341482,151.3315,10.065975,183.28174,368.32776,25.06788,375.5412,29.043932,42.51202,244.93137,128.12894,94.695786,73.11893,68.525375,103.06091,5.8271017,237.00565,149.24344,80.58138,55.337822,568.45325,109.48368,203.77231,138.26263,150.3709,85.24323,65.74846,261.13403,64.41562,19.501846,98.182236,12.754649,137.36957,169.18787,524.1888,78.10071,334.32965,43.01002,54.12751,244.04913,37.30404,87.3954,168.94287,57.276443,89.63956,70.85258,290.33487,153.63934,102.04757,495.17072,131.8338,135.84921,26.202505,272.70474,169.50348,315.82306,259.04205,21.819248,31.22382,158.87375,111.82218,143.3935,259.48004,380.62988,32.44255,20.395603,19.331345,57.017963,232.28764,277.61346,208.67934,18.718054,87.89638,109.69931,465.4176,63.687614,140.45824,24.82238,15.540558,24.009033,153.58069,89.919945,29.939947,125.40178,248.1945,41.24661,188.06139,6.416423,362.0684,172.40515,159.45134,240.47289,64.80267,126.13043,103.492195,63.579018,125.05935,373.2677,30.068378,214.60048,11.995201,43.480225,228.09036,35.41759,73.63221,246.81493,98.53431,602.6773,40.066376,81.35189,98.60991,230.63129,78.16247,5.0738907,429.39972,289.80518,74.87359,13.301199,75.95583,72.95294,81.251274,72.23785,192.23875,233.14883,361.00674,150.63159,103.21587,65.01279,140.23636,111.24271,85.54133,162.15163,229.66702,34.670593,83.36754,43.696392,3.1783402,146.88165
SPOT_102,169.778,120.001465,149.90749,319.84537,5.717038,261.94324,503.07306,51.899452,24.307737,328.22937,38.399925,205.1023,181.29205,72.43527,202.16661,217.13412,10.6617155,2204.8677,136.3938,181.89589,315.71594,125.55245,55.949802,197.58498,149.10075,35.01918,93.60837,443.31732,151.09978,56.728683,13.326661,189.74725,422.46646,288.69653,14.978347,392.54764,113.83201,77.55235,163.16145,71.75582,150.81422,862.5279,700.1115,1125.2838,1219.059,254.72029,399.35645,103.9263,91.275,164.37724,104.49566,357.88696,57.867485,370.5347,194.5739,69.9118,364.71048,34.175465,354.178,22.619907,179.70677,321.3904,316.0164,96.404396,78.09707,63.178944,77.3544,25.24319,220.88933,56.898903,256.08713,136.05164,181.94897,67.716896,123.42273,387.06992,10.737721,3.8628466,47.577774,79.814545,181.90634,15.131666,63.90875,73.93866,11.585489,166.71075,5.2986045,73.67434,166.85788,278.81555,262.87473,125.82983,166.62009,75.15688,50.109985,294.93225,59.06648,474.00903,11.465497,370.2651,160.90727,64.98674,284.01266,202.00137,114.24223,417.16693,89.710686,179.08447,121.721535,315.40918,261.1368,94.547134,423.83722,37.05211,182.38757,88.90848,189.79362,289.71686,338.97678,123.06027,254.2802,39.846764,203.54475,91.63231,70.390236,37.2782,26.083069,146.1983,291.80453,9.22853,173.50519,162.28642,27.71321,270.99127,16.157679,15.496987,9.938224,122.822,178.8038,178.06721,66.27297,136.41702,144.91481,68.13771,196.79555,55.325485,12.7336,601.0842,147.13373,273.7976,112.87324,17.105999,192.95757,54.785263,256.2286,187.87735,127.83984,97.22454,251.8995,105.481514,238.04256,8.5326395,42.50487,11.48482,35.516476,79.074005,133.25781,159.23004,34.07408,300.4695,31.893957,51.604893,210.10834,90.22401,6.1129117,147.03207,223.0024,425.7258,132.60037,179.70575,22.288519,166.0811,119.53899,31.033861,160.05423,171.54143,122.23549,60.4423,18.769957,82.957306,245.65236,171.68181,15.131633,270.47015,96.650925,40.310802,370.7647,247.27126,126.11001,37.89217,141.8436,135.6784,108.515335,6.185227,310.00183,125.97682,39.978966,101.985855,71.8263,10.303848,374.7517,69.61458,316.77985,26.70755,19.21316,179.74875,64.40858,141.5671,4.2583523,204.33943,33.05019,150.795,167.09303,91.84331,148.4467,20.309757,65.77053,217.31976,93.82799,18.929214,240.90634,455.16885,110.72938,69.0418,89.02986,122.60285,65.501205,111.74709,96.62157,298.54657,112.29602,35.634983,29.8901,214.17375,240.48354,209.0488,126.34166,114.23344,168.60257,54.061302,133.64008,14.150272,265.8048,7.3861666,227.50934,19.724981,140.89465,18.247915,226.47002,155.85283,11.116607,7.765924,331.51675,217.84082,59.31312,71.99221,98.973656,82.20556,203.16473,177.1511,9.454518,112.77239,60.34204,106.18007,287.10654,124.82235,122.55952,108.89311,433.02234,79.02198,128.48586,127.21367,35.141064,147.30917,395.2525,175.60791,0.72095424,432.19983,145.94043,2.1421745,410.65878,118.61725,110.74415,69.54257,8.894427,73.924736,259.15244,289.69455,245.85669,157.92166
SPOT_103,10.425817,53.13895,93.62745,124.16115,0.9340584,120.185776,27.719194,125.29561,629.1973,1078.0294,308.01135,222.39203,6.682485,326.71146,470.30716,83.55931,149.9972,203.36697,60.337482,204.45737,71.789536,34.984413,33.963306,77.89982,114.0015,219.51022,234.42072,218.54585,337.21216,26.118412,297.93848,1146.3649,370.8035,197.55263,8.223179,108.39314,187.37079,243.4106,221.79324,122.24112,160.01947,202.10507,108.69095,111.584885,246.86385,51.741947,172.9368,140.53802,72.115486,391.22693,163.98306,129.5785,56.288227,85.45382,192.84767,151.8341,207.74037,82.83164,287.0611,134.99904,253.26312,110.75994,176.32768,284.59985,41.168037,104.25106,296.2834,13.426846,109.04554,139.48785,215.10329,510.0445,255.77243,118.1328,311.72867,95.99439,85.33944,129.22507,92.54289,7.6363263,353.79883,87.627625,0.80813366,235.71341,110.97855,146.18486,370.88885,210.06544,162.06245,23.449135,73.14176,37.83232,19.220358,223.47292,160.11737,179.35776,107.52795,18.593206,268.57553,154.54321,237.50694,164.8733,191.28812,182.61143,1.8347247,100.57634,288.07233,12.393899,65.12621,163.64124,266.48227,454.88983,208.4364,150.53438,155.63203,8.309227,209.5181,109.31083,73.830635,193.92126,189.23334,311.91098,72.54448,168.37213,6.249983,32.71005,169.48021,274.12195,456.06793,8.735855,328.20892,209.68861,57.809753,32.573635,27.344841,331.95615,149.37006,145.3091,63.29139,144.77658,211.55743,88.946884,242.188,154.34508,129.47734,208.88506,63.762535,176.7615,158.80914,103.83376,16.990904,202.42488,215.21434,14.908124,355.37875,285.0102,357.17374,185.42113,405.95255,58.448696,218.01929,146.57732,196.30228,315.86923,23.352432,22.261759,14.830071,23.540163,401.8107,145.71982,277.74014,215.43678,299.98996,253.22804,274.8673,171.32019,203.23492,98.30175,62.173256,13.254645,9.803193,229.34125,138.87323,205.72258,49.60274,313.81915,57.521122,271.4123,258.667,160.22615,126.43872,165.8458,134.57343,287.8906,262.41458,288.77005,99.987976,31.97877,72.44641,3.12964,157.68419,64.673775,229.52156,289.63278,277.32056,149.4955,63.031128,346.61572,11.040148,36.741886,77.59521,123.427086,239.9752,2.3373747,37.975048,6.808541,311.79352,94.0768,3.5584545,97.40874,332.35135,145.07071,83.007935,228.86548,54.68804,279.70706,201.46912,80.258,346.31195,80.44836,394.73444,54.572803,101.14738,138.1566,64.03382,102.83309,228.84993,5.215364,290.52408,38.34078,22.592348,84.34937,48.16656,7.939698,114.07776,103.49621,65.68251,233.79407,381.423,280.07742,23.167652,196.998,71.340866,24.91303,30.377895,273.1991,199.52927,58.880764,144.74425,281.64243,198.24211,24.519346,286.25415,58.436623,120.34986,138.53104,4.058148,14.919806,249.78792,333.68692,211.53862,15.4000225,206.58893,116.781876,13.481924,376.63025,132.84332,108.70361,151.12091,51.74979,100.644875,170.18951,44.034195,85.0492,18.977602,143.55362,41.21616,56.123604,3.7008278,213.0604,314.52536,163.68648,409.63858,49.533916,73.26649,143.07333,141.30487,378.502,63.86399,131.54109
SPOT_104,18.25016,59.29214,25.580912,307.61917,4.7305517,80.02835,252.01067,273.45123,192.42442,134.41765,359.69684,149.3593,70.57004,46.350353,266.51334,143.36415,140.74272,226.21054,185.6453,205.53543,123.45754,1.2306956,132.81392,104.65021,328.12607,32.119526,239.3763,43.48044,81.48563,105.13623,388.4103,115.940994,164.4964,34.291615,260.91324,264.9373,81.35708,62.547943,158.10713,282.76434,117.48555,21.308447,0.59648067,105.950134,314.29895,54.655525,244.21266,33.67665,153.38412,159.30782,119.84838,91.80561,246.20854,106.1114,218.56264,124.74199,124.79208,84.18473,20.243391,35.762016,110.66665,248.70241,7.05947,11.70587,244.98853,140.75858,192.32932,206.4725,242.0284,54.15524,169.36363,244.55084,349.97946,81.29658,416.03464,179.0521,307.53836,232.43214,130.79819,24.995844,244.01402,6.860366,246.89268,13.303331,85.30785,41.448193,112.62444,43.3944,81.18838,19.625881,78.35737,84.62136,20.060608,13.195761,71.59409,185.97882,257.33,44.884186,22.35269,8.0135,117.49377,61.0527,8.98631,260.77573,576.6022,223.68138,165.63878,330.447,167.27098,190.52412,101.117424,280.63574,122.87749,181.29544,102.99717,79.40409,63.57742,159.36786,56.431206,104.42114,7.0733776,241.49739,24.944756,65.17669,156.59267,44.812214,257.86832,243.4088,258.50854,20.262106,135.34949,95.69123,36.634033,50.160324,54.807354,154.50975,184.14178,46.311462,189.42696,52.435883,29.136747,129.24953,215.10896,24.280056,38.991894,15.026715,79.90502,12.993014,14.497862,191.8737,255.31277,225.27957,139.85341,434.85294,157.76918,335.5576,78.18689,114.674614,82.17597,171.65681,236.07915,38.379307,4.86309,122.19664,101.19993,151.75247,84.543205,143.72125,60.637444,157.1862,76.158554,171.37672,56.1156,186.52477,109.9598,16.286192,82.348305,158.96924,204.80354,21.52651,95.02705,194.83185,336.95908,39.968464,248.07936,128.16656,5.3084154,280.50494,40.15337,130.7984,338.40137,145.1779,233.8107,73.46602,301.33588,109.977005,70.17578,169.97804,163.26897,284.57037,108.39228,67.80315,166.02924,5.885575,23.801891,315.8914,117.70213,259.04095,43.957546,128.77174,21.69804,339.67685,23.154467,187.50537,213.4231,134.467,306.3297,3.6344228,98.01332,56.180252,445.04486,88.77428,104.11492,36.808567,135.89516,259.44077,197.58055,136.43762,54.889122,306.36377,79.42252,127.89187,91.95155,82.10715,158.18561,311.72467,99.561745,215.68675,286.18753,66.680084,120.0453,99.246445,59.157482,238.13649,69.19077,222.54901,84.38496,64.55063,94.69798,67.23343,79.21738,142.28717,53.041805,141.30617,152.3955,229.47005,128.72331,62.56886,188.0288,135.00024,295.4173,86.904335,108.071884,370.28604,104.77453,27.84516,10.343799,32.270683,42.626137,247.654,292.80978,3.9301336,33.029373,374.06592,122.99134,117.98736,142.61375,57.78381,36.271034,142.3082,217.47037,104.313805,255.00148,267.74658,44.997368,1.1848646,88.98302,54.979416,216.62563,139.95644,369.05292,125.47707,8.309169,233.96352,98.14402,77.013306,14.577141,170.1214,67.60543,149.43768
SPOT_105,99.11429,182.52448,66.0831,87.791046,5.4582973,57.109486,223.54335,141.58272,122.58173,206.104,307.3286,284.87875,81.450516,116.14407,294.97702,34.139072,4.921739,157.50493,22.7909,207.02773,135.0513,137.5003,78.04383,165.1048,27.631283,246.39122,210.30574,236.7587,108.321754,35.945835,181.04915,94.76727,166.80908,29.281153,38.513832,84.13031,38.96736,216.64732,309.9313,384.9714,18.753498,31.352558,140.75809,161.58578,96.02734,501.50656,102.066,50.654354,30.615047,35.8221,116.08463,133.47379,53.63616,296.1857,352.36734,17.649988,20.652277,158.2921,46.00176,214.8529,349.13644,160.23529,76.05355,259.46082,9.735374,218.44618,158.38571,152.76707,73.07795,201.76117,215.8037,31.00606,32.952618,143.56042,307.78354,321.9009,418.04767,330.45126,323.35306,2.9907727,202.66469,122.88665,139.1496,239.8834,95.91217,157.72426,147.04303,50.789474,256.4662,430.64728,61.4247,47.09448,322.5689,95.330055,188.00977,126.776726,267.17877,203.54973,80.01031,12.394133,17.710527,185.09085,53.0151,116.21018,124.66195,345.1239,111.94446,198.16704,40.421154,159.79619,60.338303,16.325848,315.43716,52.47361,63.102493,336.5963,124.213165,127.77145,26.500502,56.70704,80.24268,21.191309,7.3534207,211.69423,273.63812,117.12872,228.88007,153.74655,89.03054,261.92572,235.52544,123.20319,147.76227,54.249825,123.46206,200.71863,90.50386,105.67097,62.471527,36.07482,302.62466,128.22247,14.41681,194.08055,129.95059,195.72145,44.061314,76.55558,123.66888,135.65695,91.429756,20.358015,10.39545,223.4561,27.585629,33.292194,18.311121,72.00914,125.027214,197.6442,39.005295,92.838165,48.31107,172.69624,16.23213,351.88608,151.0972,21.07858,318.54794,45.412174,228.3056,135.56363,6.4513764,166.27417,145.95265,82.53462,42.437653,224.20755,151.64528,154.34242,134.36949,302.5615,8.502267,45.051193,186.39702,41.892582,96.33785,94.5648,221.57967,58.58568,139.88922,139.4803,77.50576,154.93388,190.20224,24.592789,24.57921,265.17447,22.199535,110.47788,140.48424,7.506181,25.214123,25.295494,3.9273834,22.719324,86.586624,210.44125,407.79858,200.47275,307.94547,55.57731,424.0132,7.6572523,32.403446,55.846745,120.10723,65.19754,121.68851,20.58355,201.31856,21.409456,75.487,24.577372,127.7845,38.597702,1.5790997,14.115186,49.371067,31.35018,141.60486,14.773189,32.19441,184.43622,207.13347,246.97449,111.087814,147.19394,242.24963,104.305115,161.27188,170.9364,42.541492,33.537586,102.68245,177.91908,208.26122,365.28265,238.27422,99.04814,111.91887,155.59306,188.60382,20.68849,42.930878,42.504265,151.14915,89.29389,22.814075,130.81387,48.8615,110.54267,180.0,281.2833,53.54355,165.64658,38.214817,168.55762,76.629196,15.402554,321.65237,112.61822,15.483753,180.09792,109.46476,21.590698,64.050285,274.1151,390.5771,61.046894,187.61282,127.21494,105.78347,69.52409,123.24288,193.48439,278.99356,168.817,119.07273,52.88664,149.30775,525.1253,79.36224,28.821972,339.5188,73.125534,106.36051,333.67188,213.61885,371.59006
SPOT_106,33.54364,175.61269,202.82436,70.90862,183.10344,380.3199,41.495293,554.5078,2042.9296,393.13043,455.12292,18.63463,3.717092,24.073639,31.447737,59.92609,172.62805,130.46262,6.638051,3.841731,194.74693,194.6807,130.46413,154.74901,112.51764,361.71713,28.903868,71.22347,109.6084,56.36018,1360.1934,85.65058,12.767078,1.3753954,458.16888,7.1653504,149.4138,117.963165,140.53607,257.1266,81.104935,130.28716,334.57852,176.413,4.9560857,251.13013,164.39929,52.864243,174.99367,64.220375,263.97208,3.7957745,271.0681,142.45349,145.05841,158.39459,26.20755,24.488863,156.95341,224.11229,107.90776,237.01846,139.89397,191.28554,120.52644,219.44319,283.32596,197.925,258.92212,62.246735,35.19464,56.23557,108.67651,472.4328,105.57563,237.13222,133.42093,287.4255,362.21915,69.47834,51.59831,172.18422,193.62018,53.624626,262.47464,98.67645,397.42725,109.82626,41.29055,41.762962,18.276188,367.88895,111.43316,35.935074,17.277317,114.51647,136.23047,43.214123,173.23746,278.69717,243.98322,107.155304,152.99278,134.36238,237.06395,31.264807,41.359818,77.178925,324.72073,319.24323,133.95995,67.77445,66.751114,58.720814,133.34921,104.96929,388.53012,22.946688,4.8429327,32.63378,99.53619,5.770487,2.3776462,3.2093747,24.229542,109.561104,75.25918,51.30856,110.46232,19.938173,69.58347,281.66946,18.416265,112.10814,125.99692,364.5971,102.05985,384.74078,42.635315,264.35645,162.9513,379.0879,270.04626,85.56386,2.8329089,141.8904,94.17109,135.09224,162.07722,314.30063,254.5826,210.81053,140.71304,121.076256,227.31166,72.89062,62.876892,168.74292,189.55489,57.359356,145.38048,109.13621,393.5301,348.87604,169.52832,89.06509,161.83456,1.9599835,2.976046,229.67398,459.0965,94.693665,281.4074,30.848392,32.054684,175.17828,96.225174,317.3475,139.52313,81.4055,412.55267,215.44875,146.28505,19.892551,275.58127,322.25565,32.967365,142.1908,80.601654,26.290052,54.837196,217.53273,258.51816,393.62418,243.49228,305.6338,152.05666,142.20586,83.777954,119.77536,131.76257,290.08182,121.74228,246.24863,34.074192,238.20198,356.5885,42.74592,397.63422,46.572876,226.3733,151.30435,410.47488,297.0184,263.32468,65.520226,322.51294,150.4202,315.3279,53.545815,130.25359,6.1512265,100.90063,16.635704,133.89636,59.597637,39.598465,42.56919,58.706215,132.46667,94.533005,125.85335,140.835,204.803,46.97808,135.52594,143.99144,84.81654,396.16632,39.22153,212.75937,182.62994,2.1099868,110.911156,185.99405,3.661688,189.33463,58.941,153.31546,324.5327,210.91415,28.060312,127.48974,168.63016,133.49828,36.996464,73.05956,405.92624,90.56156,129.70726,338.19336,339.2531,108.182434,40.909935,224.8954,44.56247,143.75052,31.494171,122.10591,90.06352,226.38666,174.60371,161.0254,59.77358,90.54235,185.04573,72.97145,303.09296,22.793509,170.18486,426.05508,198.58658,162.68445,127.29806,203.12212,203.20166,25.332432,167.54286,109.23225,79.27224,133.19421,146.26523,437.24878,15.651592,12.180869,143.52208,64.86916,251.44336,4.24437,239.4464
SPOT_107,402.86377,455.49445,213.8825,212.95134,79.9974,23.168736,285.59738,112.90341,1407.846,440.3933,28.728144,670.122,2.4603224,213.9184,297.12982,170.45735,73.98379,72.74083,17.397705,178.49046,159.40498,36.788643,11.948733,23.318407,79.72839,391.38168,204.38727,71.55411,218.93893,257.007,530.9819,81.473366,184.24359,39.625084,240.36765,63.37827,304.41116,140.00452,237.17201,407.71967,198.03458,53.633907,72.08018,13.454752,7.4971657,214.36247,200.86732,41.781967,119.93993,241.3861,34.550488,129.37523,79.7133,108.20899,356.4592,213.28946,176.20363,72.67645,27.15164,9.182082,173.15256,1.0483304,22.923735,183.32208,108.11743,132.40268,206.48798,148.26596,8.859555,224.28969,16.335548,23.255695,457.65344,253.11153,519.43506,61.90255,193.32245,340.31842,238.01163,29.472815,191.47554,192.3611,97.48694,89.081184,267.61047,375.78885,397.51343,203.09563,81.294,15.814443,87.93559,91.88221,153.75859,97.77117,81.97215,261.69464,133.45471,222.1045,56.23512,112.14187,348.90863,12.995704,68.22847,54.000973,139.80624,223.81262,113.72477,236.30858,171.64423,127.48215,216.5719,8.522474,102.43874,89.912704,1.9944947,180.53134,28.892313,142.29591,84.128,158.10103,158.24329,81.04799,240.63078,92.545,272.41803,5.6502604,137.96149,344.83405,167.51112,173.13893,221.30742,119.037254,23.410593,149.74359,54.107998,213.51463,431.56525,102.12212,195.28647,77.12461,82.8175,33.207382,304.83005,73.15123,64.59828,141.68633,65.25687,70.51447,13.0734,188.44374,69.06077,172.053,85.95841,3.6533313,240.9147,85.23462,311.8624,79.30204,136.00769,231.35423,3.3845425,175.11618,103.2985,89.3833,122.74446,142.52338,131.80902,201.79477,177.25557,142.37544,120.13077,172.28711,383.87592,193.7455,179.90353,273.5398,19.75637,138.5503,134.61804,47.17624,194.55673,215.97765,330.97787,65.1699,104.6903,354.2345,248.81741,24.265192,209.13074,21.75519,35.179054,142.18298,107.890015,153.25395,225.64137,273.4977,49.245846,461.39218,15.2459345,311.86105,50.835693,33.382698,12.23323,78.55356,36.755543,52.74011,329.58127,70.79593,138.94347,193.15434,120.266884,371.3099,29.881239,1.2530422,116.92297,46.129307,131.62042,121.89815,164.21693,13.28259,100.71845,27.058298,161.26468,125.81009,15.361148,517.0882,177.00331,252.2038,267.17792,94.70001,141.13242,140.09291,46.825993,222.36598,76.66474,11.69071,33.625538,211.40495,201.96579,116.94091,11.929512,64.21616,124.74247,198.34378,161.02258,261.19644,222.34135,129.72,72.721405,22.600355,521.557,79.542984,335.18533,211.57845,69.68717,36.167007,121.0522,35.210255,32.852364,116.18589,91.46601,18.231504,421.69165,259.46954,300.59857,59.00777,94.48361,305.29492,10.1369095,177.33458,475.0571,340.57016,159.64885,89.24392,264.86984,151.49791,38.31177,66.084656,369.8221,236.76425,8.117001,371.4228,59.56034,241.50696,198.47273,52.384663,252.35716,378.4863,176.15475,43.088562,75.87246,89.718834,166.64346,204.43372,526.8708,50.859657,232.21724,233.88007,233.96565,98.04477
SPOT_108,130.28761,112.879105,18.969276,128.95918,196.08997,161.34726,172.03053,2.4808977,1488.1014,374.70288,1098.8221,368.1307,136.68135,21.687822,541.65717,20.285679,355.21622,48.246037,176.8126,183.06387,130.64702,34.472454,159.82074,26.35663,346.26627,141.80472,100.08283,528.474,80.12062,54.616615,139.29811,83.90506,184.87422,49.742214,355.02872,104.80952,87.43249,133.42422,187.357,5.1336274,1.6308098,107.72644,11.060223,115.01188,245.10806,129.07083,31.458391,34.104256,16.59135,0.997243,172.24852,342.13934,143.58612,23.133148,132.80998,147.48085,41.247566,337.24323,101.06896,25.329025,51.995117,79.16005,191.83519,109.49057,365.54333,89.97509,181.95805,55.758453,124.079254,201.55696,208.07065,63.609463,390.7687,12.362009,306.9617,215.58228,109.99892,234.30432,20.452925,104.875755,284.3494,44.43465,54.072712,251.26172,75.45906,211.36,79.63864,104.41651,134.94151,172.18439,49.477577,264.82388,278.15173,166.2247,91.2727,76.643005,70.053246,66.93514,174.63377,304.44293,172.12485,85.510216,239.93571,176.10622,118.34219,360.66312,60.966698,239.61182,156.24573,253.99217,44.299156,200.94507,62.643154,82.40995,30.232601,122.88483,84.07541,488.71765,163.13521,144.20735,65.21631,355.3572,43.645325,58.798946,79.287025,33.60595,192.93124,431.55392,26.442661,60.10446,148.282,90.25057,24.487673,211.98924,147.4124,347.2836,268.2407,238.2723,198.37494,260.79486,5.963062,803.8087,133.83525,60.38886,161.89433,33.32271,341.73996,256.70392,145.6006,11.60087,89.04025,136.39523,4.5710373,10.7467985,279.2188,128.61548,135.33488,198.19203,47.82728,74.25065,84.7598,100.847565,112.99069,112.28275,264.17783,157.23637,131.38582,216.15237,187.30992,188.30592,332.2754,206.46078,180.07146,129.01764,314.80887,92.09589,91.8985,329.5391,171.59586,259.37656,71.18706,73.48772,101.05922,11.664306,140.14085,7.3442845,109.02126,82.32276,37.30747,120.51064,7.6142564,135.42166,155.83298,145.04422,80.45258,138.66833,114.32313,159.69946,180.23076,53.569283,167.2592,22.52099,56.369358,61.781025,146.37607,294.21832,283.7516,120.90795,64.14524,139.61586,65.57561,253.43283,587.57214,236.08284,112.01448,13.613467,111.37105,235.83353,20.488071,154.75691,144.25954,255.01619,44.93935,67.85883,96.31288,82.27778,41.303635,478.69925,148.26698,226.90189,82.57256,9.723373,241.4755,255.89392,81.57652,125.55856,188.32631,174.63007,51.28459,215.25465,196.13167,28.518644,294.40796,202.3409,430.25302,158.18143,8.6404915,102.093895,67.82238,526.2397,83.28973,153.19951,42.372524,168.57909,97.948715,46.10378,113.165695,129.92607,496.3907,122.56939,40.67477,125.50221,16.510145,218.87965,320.81314,77.62568,15.837492,188.27602,129.87265,208.07272,23.423954,22.957855,95.505516,265.73004,82.13703,555.0237,212.82286,128.74707,172.98465,205.5608,58.428818,4.609108,194.05981,275.23706,27.554806,46.911,259.86487,19.452461,373.48605,232.23466,31.474495,54.608006,123.932945,64.28441,26.567852,27.11418,181.93498,173.17493,93.70202,179.84631
SPOT_109,173.05476,159.82047,42.39365,364.73782,1.129513,253.5557,120.02868,63.13097,816.9588,580.115,209.34186,110.8946,106.02556,13.748938,54.546616,141.18832,223.41043,246.10497,220.64752,242.65012,29.84741,203.69713,176.98529,61.503315,1189.7527,42.3543,199.56671,260.7902,251.28496,169.9488,1443.9127,839.5987,17.828672,210.8028,108.36953,317.00708,165.76183,76.655045,8.595518,40.246223,142.75853,319.03183,32.77496,68.24883,178.48145,96.01925,277.584,208.70964,267.1964,15.23455,261.89203,38.95578,48.409775,196.69278,177.67247,168.3546,47.157253,119.31984,269.0542,8.977265,72.61373,221.41307,368.17914,380.70087,67.41207,49.327244,185.2492,21.249418,193.34142,94.79402,126.20336,70.19593,325.92984,282.65262,195.6593,172.96811,223.00598,119.031,161.42514,157.03801,443.56897,23.386932,41.771732,403.9932,87.54138,89.386024,216.1287,17.329763,80.77012,90.60276,10.982884,341.52374,69.139824,339.6196,157.22763,56.57786,307.61856,76.97586,179.61543,79.438034,343.30743,31.85448,194.9888,221.12773,273.49545,363.12668,55.406704,114.600586,207.36403,95.00667,148.52094,121.23795,233.06487,272.33737,235.23491,231.0691,36.05156,41.594353,255.29533,253.91016,648.4347,31.40715,132.92014,249.74971,35.27988,20.689539,90.50957,159.38382,48.934647,24.348001,91.687355,81.17351,103.72202,143.56143,44.45366,161.76013,44.500584,188.92067,4.296792,78.66389,178.06898,135.96815,100.535355,125.12879,116.193634,72.90085,107.00805,189.16261,16.411484,252.95813,120.50463,28.64586,10.794507,231.01263,35.250454,214.85786,86.75369,77.38093,93.5162,276.688,184.87726,46.541634,15.656538,132.38821,297.10352,95.692604,66.87744,52.696804,63.905834,129.3028,270.6011,8.721629,143.38083,237.74518,27.0264,101.17851,44.78196,36.230453,160.32875,212.07939,2.723594,102.6705,350.24612,89.83863,331.58197,86.260956,276.77628,114.12809,82.423035,174.012,112.233665,16.989223,227.25284,208.23337,451.84106,282.9359,252.65144,84.294205,60.024357,48.53511,216.99419,6.68492,290.02567,85.69485,402.06995,115.11567,30.373802,21.506071,177.56435,73.00302,165.66228,91.12237,78.04242,606.205,120.143265,219.2027,58.9669,134.1452,276.49615,196.09792,22.374866,261.5608,162.51195,326.3018,5.2104087,105.67369,120.76865,204.38786,292.43396,56.21832,92.959915,83.84162,282.98276,67.22194,332.08136,215.39996,35.13516,50.793823,138.07626,227.45586,4.143597,211.77928,99.38452,118.00483,41.982925,111.01393,127.588455,159.56264,28.47303,68.691284,259.29095,64.18204,12.854134,14.865924,24.238255,56.213886,245.39813,110.11972,123.74229,231.30719,101.90644,38.897076,106.523544,302.30722,35.680534,200.73021,11.169873,266.69855,19.632706,136.07126,471.51093,14.55907,93.18316,211.987,316.23386,117.16842,168.04213,231.22179,291.92865,228.12483,66.08079,122.69882,104.59227,264.63843,27.1994,134.32187,88.19971,161.42328,345.57666,539.4732,160.96483,49.46498,3.3234005,234.9984,307.78015,114.21523,65.10512,105.43603,162.01804,171.73068
SPOT_110,299.14276,126.57619,67.8447,223.90738,335.901,149.20934,63.751923,87.06713,40.88672,110.91305,36.268543,287.26825,255.795,339.46045,17.949572,145.90237,171.6081,372.10788,248.45752,334.39066,430.83728,378.41138,137.5502,296.27975,277.6948,709.677,182.94423,323.20267,5.303829,261.4862,149.15747,189.69443,25.05747,214.33022,176.73697,138.38559,286.08966,280.46994,298.58365,163.39752,37.184765,32.517593,92.57696,138.84914,211.50345,321.15506,221.7173,66.90099,102.58927,87.30577,209.11688,117.416275,59.033264,42.641846,54.341293,172.88722,190.90796,232.63104,136.67482,66.957436,10.682423,282.39056,230.60991,358.89642,140.4934,156.6382,24.186651,73.241234,25.61205,70.143196,228.13112,16.331776,218.73805,197.94405,44.471577,540.4774,175.66988,56.677334,432.86484,87.17053,81.982956,337.66394,171.26616,55.66684,87.18587,273.22116,282.48587,105.37278,157.72423,79.9981,167.18965,20.320837,142.49994,73.64697,146.26704,4.277626,42.256966,182.85767,32.25334,289.47446,136.37428,140.56442,162.68343,42.992363,0.45073107,238.61447,17.41631,101.76375,263.78848,93.81086,102.14744,196.09546,56.876137,195.87303,323.13287,79.18474,30.465591,90.25165,163.93573,204.01315,208.15845,163.87682,109.26833,154.72005,27.655956,178.49039,55.69296,50.819702,63.4395,84.178444,20.547218,113.739975,118.7428,117.18138,154.25735,125.84459,135.1852,83.67582,211.21973,408.8905,153.67427,355.58237,111.941185,132.07137,231.53743,166.81308,120.010376,30.590733,143.81122,157.50441,142.34438,64.914,51.20684,299.49985,209.75435,95.31496,227.60863,150.83438,117.61035,60.42181,190.76898,122.22215,116.36877,6.307504,3.510552,33.040913,119.09493,43.707664,133.45697,334.71805,18.473333,28.259827,127.88511,11.259442,154.07687,200.13985,276.32474,64.95503,172.98454,287.28738,147.10745,248.09813,243.01732,206.69122,50.71614,281.3082,83.52562,55.78033,24.010674,276.66904,317.2451,91.82775,177.92322,109.36395,225.7156,86.433975,178.23671,73.37749,203.63385,66.144035,264.3361,26.997746,38.99688,12.123234,241.6754,72.53119,56.723972,51.11999,48.29241,266.45926,206.21053,203.77252,361.30466,110.9468,67.240746,28.822046,280.4578,23.612902,112.56985,10.542054,19.68771,41.971554,126.1905,131.68834,203.76418,13.405496,34.70112,328.34848,1.8877372,220.83786,112.83176,324.66327,346.51367,60.875717,155.69315,50.935043,100.12875,160.28462,49.376034,258.96426,218.21347,51.54979,177.71889,201.14555,30.256664,174.11392,344.22287,214.26257,165.96683,145.1803,173.27153,83.02185,117.11621,226.99913,64.54041,18.45834,192.57585,53.37294,38.313408,49.97148,43.89773,172.71178,155.76564,11.175883,152.50717,69.00443,404.3408,57.8237,53.26631,96.45051,107.23253,105.23711,247.11844,69.496735,238.5742,41.442142,272.2497,217.21234,165.92389,142.05344,414.2732,193.79117,152.87706,44.2621,47.64902,371.6057,225.25876,365.75116,136.79901,198.30144,245.61522,286.58383,71.4521,272.2275,178.67072,3.0261326,213.99171,152.35437,398.91357,0.60695857
SPOT_111,254.37862,197.0066,66.23999,754.8617,937.74445,353.41068,8.803224,466.46405,151.07191,77.18555,139.56642,115.33609,157.24867,101.93832,157.5737,1087.24,199.3239,181.52815,94.28734,21.866905,1476.2219,139.03203,19.203985,121.189445,108.56053,132.26245,171.8392,5.2192235,136.17958,14.017329,57.523792,244.28294,102.87939,250.7063,222.6231,205.37001,686.4849,268.0497,276.49432,284.43304,202.78696,134.43842,46.540543,114.45328,209.83374,326.2243,144.52351,76.83636,352.24274,185.35025,17.790749,134.83426,3.1007128,347.54138,269.6478,4.326494,165.08981,41.796364,34.313053,203.19705,23.709026,30.18714,142.90938,96.19624,182.30681,132.84315,225.22125,325.54968,224.50948,71.13092,57.18445,251.45435,24.27484,1.3456268,134.05849,275.7204,136.96892,63.536144,67.93995,107.878876,26.238321,142.39278,176.78027,212.12488,114.00265,250.17902,36.227592,159.1809,50.168793,119.31419,60.354332,415.13638,214.54707,131.57948,57.61222,2.2934635,163.19379,191.10428,102.22392,171.68037,109.40633,18.341211,4.554286,111.66863,89.13772,34.02115,38.645752,134.02628,124.717064,96.2723,289.53976,40.498444,17.04313,106.845924,146.13304,165.52687,319.60583,119.13939,12.057568,95.336266,24.08909,267.123,249.65395,147.42146,39.417614,149.81677,73.57896,325.1222,53.65675,74.09674,298.47543,198.4387,167.88304,300.24512,39.85391,55.082928,89.3091,467.5382,41.24184,188.29991,142.93674,394.6138,113.10767,7.375651,137.1224,67.5872,162.79817,4.4092827,167.50455,169.27202,45.17656,52.647743,160.65198,458.5692,163.10362,181.41634,110.393456,151.53401,20.285732,158.55795,193.70905,150.69814,161.5725,10.602142,281.72986,285.25217,242.6814,179.2986,52.87775,74.30132,34.184345,401.12512,54.149746,295.10782,64.16047,30.607197,99.86422,158.77715,6.064141,78.53588,25.962828,322.53973,66.70112,123.67264,158.53157,167.25237,70.5884,30.526047,18.237722,438.71484,222.13562,183.88431,95.502716,124.47254,47.0667,104.998375,35.817375,17.05506,71.54087,49.222557,94.602844,126.61617,362.8388,244.57384,236.09985,192.1059,73.59375,97.18953,374.09006,53.331215,7.281858,34.433887,286.28778,436.39203,33.264053,97.699036,13.390053,16.967941,338.2291,166.63171,420.17062,57.139984,216.18118,39.581394,90.39664,135.4308,19.963993,100.13537,97.130135,352.54883,20.49604,283.10092,6.8708706,89.15057,186.12202,43.994297,85.17471,34.46113,189.39262,287.51855,161.19044,231.53528,78.41673,386.24976,261.47543,193.8485,127.97449,16.993082,298.93448,226.55133,278.6141,125.19009,22.103252,71.84968,228.4063,90.36821,105.36432,62.96064,110.462585,59.792007,156.137,158.77931,189.92007,43.304173,149.18138,208.58139,188.94366,295.66586,44.414257,254.35371,469.78186,65.96133,32.006,251.4778,92.99049,79.52854,66.26694,35.7626,71.72218,104.814384,107.160706,112.445526,135.56572,183.11304,68.34821,115.18701,192.90576,137.88263,221.87448,0.018499428,11.9651375,124.661514,192.06564,312.8726,29.48289,93.860374,61.46555,23.207588,90.027985,84.815254
SPOT_112,168.86838,141.44731,457.5661,275.9296,153.30432,42.114246,404.43716,101.26633,191.83434,98.863464,44.746994,119.74602,12.7404995,154.28998,422.79767,531.7903,327.64297,167.98715,134.20607,337.0356,246.85545,181.45998,374.87613,206.25807,206.70512,135.1182,2.0846007,148.67575,366.554,83.421135,8.811166,73.606926,30.945225,171.76234,13.586823,182.25372,139.6254,129.36067,247.68709,244.02036,103.27359,160.03943,174.53384,239.05151,229.07968,11.444284,421.53928,82.60201,199.2959,49.613598,0.9847041,15.551755,225.00058,172.132,239.67223,108.41827,91.25722,436.23108,169.77966,94.571365,218.31367,131.47395,114.06549,22.003908,75.68115,378.53244,237.0761,618.4912,79.58215,287.2279,90.153206,13.341109,215.42284,499.4059,37.27183,375.55917,63.230427,172.67958,270.78928,342.0068,82.309525,229.74942,145.12987,306.36212,40.262306,141.98825,7.9018393,217.89949,122.06083,225.46358,57.12736,88.04238,222.26425,127.23546,242.28249,72.825386,323.421,294.41333,170.0683,69.80163,171.53574,194.3313,324.01022,21.099106,9.183889,259.02505,82.57024,260.66116,97.185165,13.349916,34.894695,274.24744,233.44774,163.07182,112.97088,151.64624,184.21675,158.9557,67.87345,88.00946,424.2486,85.98888,22.73783,343.8145,125.746124,325.2586,131.70418,249.83878,152.90831,178.04343,93.20948,98.44704,1.6323533,33.356613,172.33766,211.58774,70.15615,253.37608,33.732815,39.469193,51.227615,149.93925,344.62476,120.76444,173.49988,225.16089,37.50676,92.31904,96.89431,106.74115,2.7350597,326.5328,321.53226,73.32918,32.825123,111.42513,346.65576,186.51408,435.84158,79.8209,147.02287,49.112423,15.308289,204.39542,82.52612,182.6815,22.928514,228.66948,65.65821,196.00511,103.68252,44.71417,202.06606,225.41754,214.5961,92.844795,65.9232,212.8395,161.35567,442.33206,23.52692,296.5599,6.222495,246.97678,292.36978,215.62236,145.33862,277.52316,117.73682,138.52237,210.08463,166.30148,260.5207,156.01418,138.3726,204.83406,71.284904,336.29602,280.21796,192.1762,232.91945,47.77747,348.86084,143.23978,203.08154,124.98763,89.87232,70.05855,282.82587,84.132065,276.9799,378.70398,62.983234,67.616035,64.91148,11.248198,64.47224,159.15195,278.7896,96.23197,59.251442,156.61522,395.1513,232.02454,117.36763,407.9532,199.77643,318.40656,93.833534,41.105804,84.50176,53.747917,84.58868,20.53335,185.99817,303.52927,105.06276,296.37054,456.3693,168.38185,262.35275,83.062744,54.361687,19.980185,19.045736,109.27377,93.70748,26.53964,212.03392,85.4868,172.63756,6.0740986,90.088394,105.46046,138.87154,38.392475,87.49148,87.592545,354.75726,95.455666,53.72786,182.39824,4.551968,288.5694,16.493542,159.5845,85.686264,26.414024,299.44064,184.68304,85.90299,299.7283,57.284084,6.9159923,206.9887,110.6083,173.30602,54.3336,152.17398,110.458885,167.87874,106.34055,124.906,70.92006,4.048423,295.43625,118.28411,139.11362,27.332579,297.2361,110.73228,287.68542,164.7431,178.54839,259.33136,226.13063,112.50665,116.38444,8.04452,13.440429
SPOT_113,554.29974,44.84352,261.6486,870.2674,918.89264,318.8591,78.307106,222.63773,90.17369,11.371115,121.55415,39.79478,320.25092,0.07901796,214.34305,225.63019,383.61777,190.50545,7.8245597,113.18953,103.28308,48.76197,234.61394,145.48708,370.97488,606.8318,117.98869,16.869362,10.873673,69.07065,84.44173,80.16775,205.6294,227.99382,48.152126,110.04182,825.21625,129.90889,211.272,8.234044,154.65947,273.72482,69.48094,311.14508,238.89476,100.35416,177.3569,88.57215,215.0888,211.59431,15.966644,339.64368,83.97413,80.08745,180.86234,182.11546,27.61747,600.34827,50.500942,228.50337,180.4599,49.45311,273.3795,33.541897,281.88937,78.19652,195.00647,69.69035,68.26464,135.4879,102.00753,100.028435,62.91846,349.40005,277.33557,365.2534,47.473892,185.55247,9.247695,210.47939,14.236829,311.93518,113.20507,55.639442,14.76585,76.89339,37.024006,97.42673,186.05031,143.44786,319.37115,41.44368,194.45161,228.25046,96.32405,75.46703,25.698896,120.54329,66.631584,122.10244,390.6459,32.575367,260.71515,90.70086,152.47078,139.07613,266.78296,135.32718,96.00586,194.88051,39.145775,14.22401,142.14694,80.254776,100.45166,88.60874,203.33022,97.74344,291.2881,321.8788,25.649954,143.17323,67.975945,441.08353,258.1836,240.57866,19.357542,57.503212,228.18182,215.09457,305.5133,28.992254,190.98637,68.97863,62.58525,176.19011,292.33813,332.20178,208.31767,92.50069,166.33702,174.79373,52.67518,257.09003,81.47887,83.12602,237.89569,484.41595,78.8334,130.4289,307.51944,50.727615,142.86708,71.425125,17.099874,170.33907,199.73946,75.3057,48.593483,236.52856,165.00502,1.4488646,89.15889,48.992332,388.09534,82.21966,56.446682,94.33572,77.44673,328.64642,413.41693,263.58652,311.86697,111.24276,32.540226,54.987297,468.9289,108.80812,3.1838517,96.34729,117.92669,9.109953,167.50854,122.33718,116.21562,180.892,176.86574,9.978422,104.45441,113.4655,263.2197,311.70474,46.033867,125.20323,130.25223,448.11667,118.24725,151.26639,11.205442,124.01447,16.62598,221.28873,20.5261,256.33603,176.40514,22.975212,106.81193,69.95449,50.160233,41.312553,126.85795,82.932396,1.8498714,363.84213,414.31747,10.64627,498.45178,34.76561,67.88948,97.56681,120.96331,282.51266,152.66933,272.21292,51.182346,274.89334,125.57374,9.520618,252.74297,97.307205,202.1364,163.79993,519.7705,221.13528,78.972305,90.82157,196.73329,182.40347,207.07857,43.777313,21.14209,39.7668,271.531,130.26389,85.436134,252.6278,105.84968,166.31424,212.82785,236.83485,157.03304,69.42346,222.91145,322.0679,185.1963,54.681408,92.75041,14.128154,86.115364,398.13373,69.39511,192.21892,285.91486,102.43113,141.55742,121.56977,10.541169,175.13942,8.672927,210.575,4.2691975,139.10066,309.2004,195.81285,45.082546,94.465996,49.273087,273.9255,167.15927,304.563,258.8948,118.87881,300.75885,62.56809,11.699257,242.43948,69.047615,85.9637,85.1444,114.7191,236.00285,108.19611,50.494217,62.049408,6.6165147,65.71251,164.10182,71.84283,89.59789,63.683372
SPOT_114,344.38898,60.55581,134.44324,111.51556,35.409676,164.7573,229.1326,16.05709,34.811245,186.55196,363.68878,190.46333,314.50516,437.5019,146.59631,126.05889,45.846466,254.48082,52.777237,258.216,88.62285,64.831726,141.6316,79.09748,107.52235,213.08476,156.30064,284.20407,61.44854,50.729847,43.900837,14.285882,53.112732,94.78226,34.819,212.58624,86.01152,274.80215,20.969406,34.78,164.84314,321.34677,44.17407,51.57953,114.95397,74.58264,58.394424,59.805187,0.59460425,145.22844,93.24471,239.78902,274.72757,258.91904,167.6064,118.043945,78.4895,239.9544,50.81429,16.803787,203.67929,264.53815,311.45627,118.33078,216.9645,55.69386,71.60397,106.13483,60.448414,41.748737,23.481617,19.8605,110.76249,176.4149,76.153275,15.633026,254.72252,49.32803,109.904686,85.832756,151.12096,22.31936,361.16507,122.824265,6.959659,84.11141,278.68152,77.952,114.178955,235.09564,87.537415,276.23804,24.654608,194.0081,83.29879,81.17665,33.697803,150.11752,372.3803,18.15572,4.7178526,70.19746,195.65015,237.8468,184.55933,225.26471,29.974321,230.27354,281.1493,41.52659,579.8102,35.990734,99.63107,75.8578,244.06075,18.595263,86.706985,175.60295,191.4885,28.122437,162.54393,83.07789,311.0396,110.78603,139.04532,250.86542,170.9798,10.188475,102.154366,94.95966,99.34377,4.324739,152.36186,137.0236,224.87209,179.35536,210.24007,61.988194,5.5031013,236.09186,93.49563,147.02066,115.50016,454.49466,54.464382,158.62517,363.92172,159.88586,130.4686,149.95697,214.46701,146.92943,26.476126,308.93457,3.5856004,311.38754,39.668907,67.76397,41.122322,28.665415,143.93056,7.4240694,259.6922,239.30188,135.78047,229.66153,137.00543,114.00093,77.74414,167.46774,73.004074,149.92531,217.23666,187.33951,55.11554,142.11588,148.301,135.75923,43.988426,59.052883,86.77704,43.136395,122.40206,3.348847,173.10371,40.231396,134.72838,204.61519,87.67249,93.28723,373.97607,334.00513,188.14642,276.9004,378.75525,5.331166,201.64395,173.0688,70.92039,22.208223,102.64616,288.00137,135.62138,108.56985,216.01007,183.39494,231.2528,47.629494,60.251347,28.163342,338.0158,172.3227,328.40698,173.97371,81.50843,351.6508,198.11208,44.067616,62.397217,47.54752,164.70116,8.312638,58.544647,295.37375,36.16536,223.54411,161.58548,70.471214,453.8744,174.04247,23.44845,104.3062,376.16385,173.22829,147.6523,16.151947,130.97205,111.83731,32.603775,13.829899,4.844858,0.35723236,292.6229,419.76892,41.75646,78.76212,61.198402,157.34784,27.18643,52.069843,234.32559,373.9712,265.86404,317.97522,82.87527,60.447083,72.05142,7.8888273,386.12454,164.55833,337.58194,283.0481,182.64073,17.556112,292.09058,190.8706,206.81012,20.224863,78.03846,222.5237,9.690485,24.45599,143.14868,9.193879,340.58255,78.94957,71.90869,46.29949,153.31784,77.76603,57.301056,200.98547,239.15906,241.22195,113.28604,287.5309,165.2172,181.90814,344.26996,80.88031,65.97066,126.548874,65.74325,173.21683,39.101936,299.63638,199.40643,58.11443,207.2257,178.33551
SPOT_115,255.0216,227.89842,71.09485,229.42867,24.364809,246.82884,9.235462,140.0063,146.72932,49.444454,309.61783,728.6151,71.418396,366.08084,81.954346,138.11963,411.89453,22.467243,189.8806,418.27115,131.96103,139.03009,99.264694,29.632755,502.66516,476.78247,166.7701,99.81623,74.321,308.73453,191.97733,338.4622,8.740821,137.45567,291.24188,445.51175,195.23123,278.46594,90.19138,121.92524,207.40904,425.13223,162.89706,273.17548,70.29204,368.24954,57.28683,289.36456,0.3907525,267.56058,481.8709,113.309685,140.06349,140.17865,124.846146,23.765488,19.865633,349.8999,208.27654,131.1451,65.3276,121.2564,262.60675,486.8468,328.832,197.82538,1.4794022,150.397,104.85244,17.700418,290.36835,279.49005,169.55498,36.435204,93.2345,66.7149,30.046822,72.78657,202.02623,233.21297,267.7245,49.579704,236.52963,98.19088,157.39342,103.62138,106.91163,114.065056,55.432274,11.659199,137.49474,44.091473,58.683746,1.3556361,97.304535,8.401561,116.427925,165.27594,37.841328,229.20813,41.24243,126.15546,46.110725,101.05101,120.05649,259.84702,43.993492,42.439888,194.74275,158.10117,170.65115,249.60204,172.00658,35.61416,241.5704,24.757645,126.624016,167.21678,67.89759,115.22261,84.60249,233.64122,165.61002,281.85742,62.602406,204.50423,99.7107,12.379483,225.8107,143.78847,11.503233,226.79208,338.58667,44.899475,55.789146,57.985645,289.8272,183.04425,29.965395,200.66248,344.74762,119.59835,235.77242,146.83707,470.5866,199.24931,134.75389,515.00507,123.62394,142.38239,348.1744,156.59853,111.79593,130.79175,4.4829574,6.6612835,6.9644704,200.60638,418.39032,51.2125,52.236607,135.44928,135.92456,474.67975,143.71526,232.2833,149.76987,34.44872,254.02603,147.93657,235.77272,186.15504,174.3706,155.67816,298.06403,217.6688,86.07841,319.99252,54.05677,105.32707,5.3938723,94.3044,220.71692,147.60036,86.72731,125.439865,39.566315,170.4704,298.29742,83.91563,328.0831,231.0244,114.05486,27.966055,186.26682,77.245476,273.13925,179.23724,155.88782,136.74388,290.8751,287.8235,49.48135,199.68054,123.93094,60.632835,1.038549,237.26622,12.625671,390.765,221.35292,496.35626,24.369982,171.14221,55.502308,180.83005,86.6308,23.098696,82.842545,345.3242,110.9255,189.8704,145.5845,167.76045,5.395882,108.38586,342.1186,219.72987,156.34096,79.1799,10.723046,40.80189,293.17145,186.8253,111.61108,129.01073,55.829033,10.103301,36.012268,158.50928,267.28143,81.72812,213.7662,565.0405,157.2005,61.629284,23.688656,365.5587,50.517708,44.764465,40.836296,18.07178,135.98528,16.811352,86.733315,38.448486,108.81679,48.41317,99.97611,99.24486,224.10164,334.66394,93.7924,24.27735,34.813046,199.31538,101.619934,140.01068,193.85841,67.40988,84.97611,271.51645,6.5479193,206.1435,28.618864,48.441875,70.7441,79.43799,275.56934,145.5563,136.52672,117.9295,23.756674,202.55879,101.10398,345.26004,16.439121,266.76712,61.319054,12.901349,96.20775,119.269295,96.218735,181.62102,26.269802,428.61447,14.520106,73.33885,155.1015,357.45273
SPOT_116,1.1421558,283.72037,121.57224,176.52097,61.15203,299.07614,29.975252,73.52808,194.08041,22.779694,522.1927,60.137672,78.54767,252.40308,108.580154,47.94427,14.261179,106.25761,129.56245,358.63058,204.5838,2.1380613,234.2965,494.5018,438.52127,52.55614,91.06477,99.887886,105.092255,176.63576,119.87991,18.588331,17.208513,110.66312,9.967379,184.36156,141.25131,92.585556,83.3186,132.76114,80.86158,68.381935,38.753925,26.808378,74.87062,174.41228,36.19542,214.5661,39.85695,73.28697,189.5375,89.6279,103.473465,130.71751,178.36433,28.34117,1.1295419,55.332558,23.350767,2.25827,23.890278,199.23131,155.12653,31.170755,194.64673,145.99007,136.81583,132.10938,256.3045,118.913605,88.134224,73.80011,219.73222,213.31372,219.10297,130.49107,211.58322,325.49414,12.8487215,351.15427,147.39975,79.677124,217.92946,256.71527,125.868004,89.11232,183.38051,93.92714,30.67279,272.4562,174.19838,227.23795,138.83023,23.125572,81.902245,198.97244,59.26848,157.05446,217.43163,224.0011,295.56613,50.56154,72.775764,53.442463,66.61577,44.641,78.5893,221.6816,3.6222146,252.58092,73.33577,280.0533,280.18414,133.047,70.30316,159.02357,71.20999,280.97156,61.279953,47.257957,233.28886,17.792849,239.78697,55.786358,11.350376,424.8975,249.898,222.93387,33.472656,96.08999,235.53896,142.58754,451.65335,194.15947,224.90909,64.69978,75.88615,585.3653,290.67062,82.946014,465.14304,240.84924,22.118141,15.927057,54.4778,80.85978,302.7293,231.27267,137.04591,274.37946,174.13345,46.603004,145.27492,42.760014,44.777935,115.31699,357.34845,17.317627,70.00957,58.377613,146.2353,9.147784,58.00368,61.226566,57.052647,164.81573,216.86192,90.49051,95.68991,62.102833,347.18338,173.3549,94.322914,127.452385,69.71861,272.87225,41.219814,109.64403,173.31429,90.00868,298.53162,268.8011,111.9861,5.4410686,38.797615,162.81064,48.551975,163.53432,328.16504,146.96663,359.10242,95.55732,162.71173,373.00992,235.80742,231.35135,152.92087,147.85008,238.28574,119.78635,164.5376,292.40768,62.19311,45.921772,192.01047,20.25273,36.56274,263.35297,165.86513,76.30452,155.05486,1.9655932,53.499004,126.35086,62.03075,115.56758,23.669682,198.89532,20.08333,69.4215,247.11993,207.4596,11.634398,98.520325,41.094254,94.272026,91.10902,187.49971,223.17018,74.19716,92.16476,75.671,347.76666,216.50621,6.219541,68.26891,88.41115,140.489,88.399826,48.510685,68.60266,123.84319,235.47134,206.8732,53.718353,245.80867,342.08466,268.82587,43.688625,113.49555,117.24598,285.82477,18.29972,42.51609,45.07327,36.328766,374.49817,47.04326,62.689365,206.12057,73.87601,118.499756,199.85582,113.415215,22.812881,30.496197,12.974523,19.293667,228.1771,193.07512,135.52397,365.2578,478.1229,82.81054,2.0290716,121.001305,167.35513,309.08875,56.03915,160.92487,139.30853,135.38338,39.644115,244.36798,273.6121,28.590475,51.569332,1.8027611,153.11401,269.60867,181.04735,122.76744,306.40033,146.11821,80.96727,133.54556,84.47214,91.77092,211.01176,74.61089
SPOT_117,6.5410094,161.77489,39.259235,205.9573,48.357143,313.53305,226.1998,4.060821,58.246597,149.93172,126.35085,77.513145,133.63382,64.059006,11.613289,185.29427,123.38788,301.0924,275.04727,173.61461,1096.5354,245.81282,56.407726,190.05402,149.69998,250.30263,185.1864,125.04027,142.83678,218.67711,111.33873,53.806946,197.69817,138.51323,218.35696,34.007805,99.37243,207.44522,104.47597,135.3933,184.80276,163.59273,1824.5801,651.85455,373.56186,201.95421,230.23807,237.54463,217.34196,109.84025,331.7492,8.123371,246.51547,346.72955,192.8935,149.19426,96.37667,108.17237,125.99161,127.96023,141.83116,4.960567,219.04749,71.34595,157.91374,99.5394,115.79056,346.47394,83.096596,40.87173,261.80148,104.63533,414.3122,180.71452,119.01478,388.1668,174.36646,282.5244,80.28388,196.63141,271.25717,49.707664,86.2401,95.0858,181.31409,103.59837,86.700356,107.028336,15.762367,196.14067,34.360504,61.107307,415.57343,196.43535,146.87605,333.82388,361.8778,151.54318,137.6134,112.14626,256.84628,329.1556,135.90016,43.105778,45.320225,286.7276,22.530113,74.85144,13.882658,215.38788,417.3589,5.864378,254.22534,63.031902,26.775015,22.398066,189.52643,186.57794,85.45879,212.70596,372.33856,37.942436,240.17155,136.50336,271.60034,244.69685,194.48068,133.10632,99.20554,224.70158,43.55896,76.079185,146.14047,27.620739,81.01389,554.6057,111.54794,29.697687,13.952891,81.43134,106.04735,127.38822,219.94334,213.0779,187.67674,107.84684,12.365023,152.27815,7.926179,95.43738,85.60203,57.450638,92.86632,173.68985,70.969376,13.337578,64.92968,224.41245,23.698666,6.93545,151.13457,287.43692,296.00552,45.73314,55.169575,332.9949,8.1278715,292.5695,37.24527,225.2457,122.903206,201.34865,31.63045,116.43868,334.5941,330.70752,161.37074,17.046202,170.8525,18.114235,304.37476,240.29028,360.12863,138.57115,169.72096,3.913934,3.2424011,282.29877,134.18584,244.47705,297.59714,226.39284,167.0576,137.00043,151.58334,183.6821,163.28595,256.71323,87.11566,79.05576,84.805756,161.61182,59.056305,90.529884,67.03933,23.192007,134.71169,21.430492,61.130898,333.00806,12.262762,1.8015025,77.11175,170.89243,310.59174,56.178375,192.97783,222.0393,338.28925,119.8943,393.26364,82.652504,71.884674,310.3164,180.0083,313.89047,11.24646,25.379976,266.2409,202.73976,198.19394,151.08902,6.674779,6.194852,99.59225,54.086475,97.122284,88.524,138.33386,136.87915,360.1699,40.261517,352.00427,135.10063,100.78522,21.493723,67.177734,43.94048,227.40747,243.26936,292.19705,21.487019,89.25835,64.7323,128.9839,199.14178,108.60999,183.94981,13.423534,222.64447,23.785875,3.7579107,198.5273,244.51404,135.11494,81.540085,182.16557,97.810875,234.39235,170.71011,265.0944,31.386936,71.96342,180.72443,131.25874,137.50706,58.398273,384.11914,200.39914,200.42653,80.88351,83.70582,80.20975,101.9362,264.47226,8.163353,35.593258,111.49011,5.3349586,175.62408,61.87044,206.37965,133.95956,132.29141,170.71071,343.31296,0.19820008,236.09071,135.2608,257.90076
SPOT_118,19.967,90.21577,107.58876,32.077225,29.756052,0.91572446,23.971695,220.2622,8.503589,261.53665,89.57298,106.34499,117.83933,189.36147,48.46991,57.25265,75.67673,1393.4982,53.615013,206.1959,459.6793,67.23226,53.127716,100.61691,120.12364,53.865402,133.65404,163.50597,140.40106,6.2428064,311.62543,74.252625,64.12096,44.841644,227.21162,160.97037,9.834831,8.349026,106.15729,120.21608,12.723606,55.79289,110.76056,12.409374,1010.76483,407.01935,169.51746,95.60215,212.12134,10.0212965,196.21925,130.68597,83.939995,177.35593,166.43216,82.22333,110.67244,85.415405,75.56876,335.23544,17.179575,317.45273,328.1934,113.55593,73.58698,16.871864,369.99832,41.324253,445.1432,44.4443,108.79848,115.909775,43.791145,2.2190757,201.3866,195.66016,73.352905,12.773848,302.23935,308.51196,14.743965,157.43414,239.7143,160.15297,271.66293,167.93265,146.64452,283.87228,88.86207,91.99782,237.6308,155.8141,132.72968,251.63177,22.504654,190.95041,238.89212,47.266724,102.837524,73.21652,167.41841,16.249527,172.858,274.4562,98.50173,16.822773,13.829018,532.2657,128.30298,167.86324,174.57863,132.22217,29.623432,34.06796,124.128426,397.55066,127.52434,120.63194,14.115515,252.34709,253.56186,110.71037,127.7935,232.97963,109.61422,109.205086,96.576355,74.57269,63.14792,17.47326,9.538976,163.34998,446.43677,28.2599,98.73221,39.22402,152.15585,233.71793,314.209,5.4848714,369.72995,217.49776,145.52036,92.89574,114.47811,76.755005,90.7909,166.76624,281.81946,227.80585,13.602701,185.83621,199.74997,48.93433,164.88641,406.37823,95.96988,48.641773,53.557297,271.43198,91.530815,61.464176,62.874992,49.306915,77.09085,258.33432,450.0471,191.07019,233.52254,18.49493,374.20532,116.894745,20.354538,66.11159,54.64295,45.902836,85.00313,36.004215,242.11775,30.96105,333.71365,43.36057,24.67001,280.80676,134.2108,160.14198,95.42832,195.585,143.64867,74.2102,47.873005,176.00607,333.98117,79.54724,111.67515,55.45922,24.275408,367.4072,153.80606,122.301476,135.18134,234.44275,191.08954,92.823135,195.936,24.930693,190.0706,27.44263,31.677874,145.52936,133.61993,161.5233,47.44179,74.516785,261.5092,245.19371,16.438498,168.34615,26.250446,134.1846,92.222916,195.24426,136.37483,10.918634,90.21675,144.27927,188.26408,32.888794,213.9882,276.27628,252.25545,43.205013,264.17252,353.30597,159.91673,9.548466,27.927357,129.26837,159.29329,200.59169,11.626804,361.53323,145.94243,60.951576,216.96878,59.858425,66.57646,227.06299,160.66478,400.13193,153.81999,231.785,185.19052,321.9227,218.25853,37.766106,234.8382,91.21843,223.04915,204.37381,61.191803,74.916046,277.56168,78.2551,29.417004,28.135683,285.33624,75.35827,86.454834,337.76364,36.950695,259.79382,141.72272,42.081295,182.22151,174.68614,111.157364,94.7692,110.76529,32.50986,29.48955,162.13823,90.989586,144.2232,79.14693,301.31927,53.01138,480.19653,161.14018,83.353836,1.915758,318.22058,201.44911,469.60437,241.66139,104.23141,100.33793,30.590197,2.4559886,5.8649526
SPOT_119,184.16383,36.52392,163.9203,445.92178,200.05669,232.21405,193.12915,126.83115,39.018787,160.07397,118.05998,173.10379,45.97106,133.8495,306.7784,431.96713,117.03254,361.99768,219.12115,343.67456,85.29963,52.031673,69.755714,114.54314,420.78088,102.92452,241.6453,100.24607,1.2742434,2.3889155,31.010355,25.49776,10.926237,4.5617185,279.90228,85.00918,18.926456,118.66084,118.67382,170.27963,136.24405,302.73257,702.91364,579.6425,516.86707,229.18372,70.35081,247.00209,42.359875,56.51519,131.48743,237.70047,27.35787,228.98091,106.77758,149.8439,4.8890896,121.410835,17.371538,94.703026,159.89653,45.78206,12.316736,29.88979,47.767246,40.67926,95.653076,205.93713,45.431255,355.23737,29.193005,27.095228,102.5604,27.738867,98.671616,11.740497,121.59331,200.86833,47.340485,137.92972,21.54944,88.53786,75.43458,8.811904,80.54898,79.62925,32.34115,21.30054,90.28881,440.26898,178.04361,7.515268,215.22751,3.7642229,121.330956,21.583155,27.95586,88.0904,321.07657,256.59644,151.06985,23.500662,161.05194,15.304426,64.97799,138.60213,155.19998,189.12173,313.35477,54.835777,178.75815,166.25371,219.46817,325.86798,214.42578,119.08627,80.55112,50.694267,242.29703,140.59991,127.94463,11.155064,70.5919,47.087994,158.00882,127.75095,26.748198,74.87442,34.229248,123.51107,165.82245,120.65474,74.51742,255.63838,194.62787,148.3521,64.551636,232.38087,60.75402,47.60447,348.42404,195.76851,187.8976,125.533646,153.07092,186.27498,441.0624,264.8336,7.3897862,339.07034,34.500797,50.86607,160.43373,294.9917,90.18391,0.4332992,5.032379,188.25041,68.738914,9.219507,248.74089,77.407776,191.27783,14.730843,223.84053,121.81004,109.65517,176.1888,149.96878,191.48642,383.7175,291.04105,83.95636,79.514435,65.9552,346.71524,149.21759,190.80597,202.04662,356.45203,261.16818,9.054791,191.59431,311.0958,19.137897,114.33007,135.79208,27.706646,299.56177,22.208178,268.65863,256.85788,179.42758,188.96602,98.145966,58.066326,155.27055,69.79957,246.62206,245.57423,395.50644,100.18771,131.71576,28.612823,291.50143,151.91367,83.76922,69.346085,110.77086,8.595595,153.03043,390.19034,245.76732,159.71571,47.133846,83.30366,91.46068,28.267782,204.00673,59.767155,30.43715,19.15809,184.16376,232.41824,448.84323,45.022484,165.83737,32.789776,183.01067,253.25443,423.64896,36.332756,68.71032,259.1558,8.382093,174.90146,37.78588,25.235205,9.3347225,248.04002,249.06757,210.47888,158.81161,185.4488,148.1076,28.362196,221.72403,221.15796,203.37885,105.573524,153.942,5.7449336,201.06033,341.44086,13.685344,96.16784,218.75223,109.25545,353.7715,244.99348,132.85417,84.351395,221.4184,398.34396,86.41026,334.52658,119.357574,133.6975,543.53754,93.22665,19.145369,72.407974,87.989624,224.37393,230.42691,392.30872,98.18321,76.43642,348.05307,223.94522,265.73663,283.00668,229.86778,42.263515,60.87703,229.6922,142.46336,48.72737,7.8746305,160.45503,50.048454,133.53088,167.54907,82.82164,401.22507,188.84796,82.32223,64.3207,156.47665,14.90812
SPOT_120,101.98723,28.904743,72.85467,63.34363,91.62371,63.96838,108.02289,326.1758,217.22734,203.24089,202.6047,96.41364,17.805841,8.686126,223.25044,233.12039,1.0198052,40.985386,93.014366,191.37624,99.43863,77.678246,110.20569,199.90866,34.827633,112.16161,132.27214,207.31686,266.45572,247.49382,72.85724,79.06671,13.310353,149.10202,260.03336,105.94809,394.66238,3.6130114,42.81546,334.3855,88.14491,54.947292,35.433914,37.51263,399.08398,121.5871,253.28883,43.99919,4.2538404,199.36226,320.93198,107.2014,144.83394,224.7789,1.4749979,85.368385,435.0121,220.01721,52.834827,80.67505,160.25246,287.83643,191.55956,66.356544,102.55412,261.138,38.93755,132.26706,19.213057,162.80472,203.29108,247.52864,20.689222,258.16776,159.15909,76.029106,165.81342,276.1462,60.302425,40.53465,32.240067,1.4468281,68.666855,133.41753,221.24352,88.693665,94.75344,23.272938,256.41263,203.60985,71.07271,220.82138,19.461632,151.81654,85.703285,247.18568,374.91214,57.567017,101.976685,22.485144,137.23996,111.0174,128.7086,14.281876,21.722588,26.669006,39.838127,136.88849,41.257607,29.702847,31.780848,277.7918,88.41863,107.333305,134.70798,62.99007,98.321976,195.16667,69.16827,200.51326,141.11736,173.61748,374.71527,150.20161,227.1851,144.11751,169.8824,62.84567,33.701595,63.966393,11.779576,108.20018,190.79248,94.96196,225.8123,244.68839,38.79546,220.70718,150.13487,92.3422,273.70898,235.44444,157.36478,5.9914355,33.85061,227.96625,126.23495,3.2415164,267.6009,146.61531,43.63558,82.61582,98.86361,60.511562,82.25836,150.4409,259.97253,350.38776,171.26816,73.38179,215.2705,50.47527,45.859203,75.22282,184.24277,262.78,119.66506,280.76245,22.71168,60.75059,199.94205,35.511353,405.78882,74.44589,48.67864,119.988655,106.557076,28.371204,11.3102045,89.063065,326.85226,18.094408,215.46501,5.20173,130.35588,118.05118,240.01942,200.81969,121.99436,112.36295,275.5107,102.232346,366.23505,249.36482,296.62033,279.7877,120.27406,198.30775,8.860592,260.72015,155.88289,199.95961,112.86548,29.5117,80.08415,87.81512,52.361,269.9051,389.47598,81.12531,60.493355,151.43004,138.17723,85.76101,127.99888,360.28568,244.09245,441.50894,132.26944,66.17312,116.27938,491.6986,131.44078,10.532537,127.4277,80.24181,311.91345,92.898254,6.6778145,38.428528,25.63764,124.77802,165.7192,297.29764,50.0263,93.2275,182.13176,82.59896,78.77944,59.94842,330.3213,11.816529,313.69244,63.23134,131.45787,213.60052,32.538258,138.61014,215.97461,156.94023,161.0451,84.15516,65.777695,240.476,223.49925,90.083534,138.95065,44.029026,181.10915,20.163383,42.91179,185.76068,276.7073,21.527853,240.73972,234.46373,124.37871,168.28047,302.8444,332.60852,95.05786,94.28356,5.853031,321.55185,208.31795,350.92987,91.805,330.916,74.521454,223.684,294.1114,26.767601,112.99872,83.55051,12.633479,89.237434,109.94831,347.90326,289.91122,209.17273,34.109016,111.079666,143.01828,100.013145,145.98392,51.528545,261.28613,53.729233,58.05342,109.28309
SPOT_121,70.45818,315.91617,101.1913,119.20491,235.83023,150.468,0.23025247,254.48193,34.310318,203.19559,107.905045,60.74395,220.26743,15.571604,260.25818,221.9549,33.890648,985.3019,326.83353,212.83215,55.350655,185.3721,161.7528,176.99611,60.16701,158.81024,446.1923,82.74164,177.80006,118.71498,401.9833,61.031696,150.6477,106.39395,175.75931,60.280025,68.21596,194.38046,42.75783,58.165825,156.4251,146.31679,1660.2139,488.51212,931.07996,299.89215,324.85153,251.39731,113.55852,201.08873,189.53593,246.53685,120.3013,236.72336,1.0634056,263.73334,67.48503,183.25342,63.324444,17.51451,220.7588,17.439466,134.27463,28.848654,41.22217,56.599182,379.36026,318.15802,254.90562,323.11063,255.47449,4.0279202,22.483728,42.372044,37.923286,187.20818,53.388947,281.9018,24.775496,179.05913,14.586997,34.41662,63.513626,295.29196,213.84338,82.48385,100.33959,100.95295,1.7462325,35.609737,62.575844,121.481476,72.07108,75.51128,456.5314,204.1084,64.304756,57.04326,243.3358,130.64627,77.170334,428.36008,125.12314,114.51038,18.882257,121.82807,65.64719,67.1214,443.64633,387.67422,231.47379,196.57097,322.02408,116.030396,43.2376,85.334076,108.57606,2.2884386,45.557858,231.70435,79.248535,132.31213,56.17207,435.3575,101.69469,27.343737,246.69952,130.39534,157.00084,56.29017,20.536942,509.85718,153.97699,223.2051,12.038788,23.686996,113.77784,23.857716,9.078117,83.37702,92.30578,39.67366,14.415146,174.06462,110.03658,359.98776,55.914284,71.51148,173.53934,124.71175,97.57797,204.32779,135.22513,142.31432,122.98074,78.30062,292.56125,2.5497286,29.758987,246.53114,65.57164,128.74287,4.8958874,272.30832,59.146282,181.60818,169.24127,154.65102,103.022865,50.782772,81.6688,424.70148,167.49274,3.097184,66.25825,423.97617,221.71054,92.1414,13.168408,101.852936,123.81286,74.94705,68.42917,188.77042,81.88159,45.469074,53.397137,248.80304,141.11568,209.35208,105.60309,81.74843,209.54044,5.907512,66.481255,246.26965,125.02699,217.4302,35.632168,17.961807,233.21228,196.12845,132.4342,216.17934,298.5446,82.718094,61.43551,206.96075,68.5821,44.020836,29.801292,484.78482,14.87528,107.473625,363.8091,148.92424,93.37825,290.61407,98.89179,130.52257,186.09323,131.19052,274.957,60.015224,163.87856,139.56117,149.35289,68.63546,172.65125,181.21494,153.23975,121.27536,212.22934,304.71613,117.99264,66.20597,51.558495,8.496634,311.93796,61.12389,8.779341,327.16653,401.03488,236.86333,127.23385,125.229965,44.31464,295.77353,129.60246,14.631129,187.93509,209.03543,118.828575,173.34529,40.007008,18.626024,25.727991,68.54056,78.2264,177.24976,275.209,191.09285,121.45212,13.121902,178.47227,64.42781,240.06685,11.310196,96.218605,42.12714,84.28935,49.309258,100.81533,238.53548,263.29312,70.20377,156.8625,103.60771,107.11215,236.36674,73.429855,376.9875,17.20994,116.256004,30.384686,252.93564,260.8134,44.607925,235.89226,92.20203,37.123936,134.90631,122.53738,471.6622,168.69041,110.159096,355.3151,22.26576,66.10217,201.52498
SPOT_122,863.4502,78.205795,57.17528,289.7954,309.71,225.24837,182.75375,67.21021,110.104576,265.89532,264.0501,17.884407,184.50821,134.9716,181.74866,848.688,165.68988,404.68945,273.48157,197.56987,17.124622,8.096352,97.203255,110.894196,162.37502,9.1564865,48.328175,4.007194,89.52494,305.68265,54.1664,137.85043,27.706911,407.71405,102.90871,163.02997,1035.539,125.25913,80.174904,3.379527,123.46191,204.40486,258.16437,146.85103,116.04979,163.54,90.48868,169.94362,119.50213,247.98363,231.91759,68.486755,51.839016,220.23526,41.158398,303.28473,208.95068,183.25352,84.859,69.497604,211.58263,135.44873,116.42078,138.80296,42.454456,90.14632,198.6403,11.116524,65.69177,38.012653,57.82279,53.21966,28.612923,63.39464,220.30583,60.657898,98.18901,324.65195,102.97374,209.56517,111.71292,129.66402,28.687344,9.52918,192.74841,131.34311,15.953024,193.46855,38.797844,1.9470546,42.92957,202.95946,205.87556,285.87848,37.20272,165.39386,137.80557,205.85304,261.76,26.03653,11.629389,265.67365,126.18273,212.13586,60.998302,82.0338,8.698814,153.00354,66.55197,102.44017,221.07668,215.02179,25.105106,60.284573,41.560184,166.80681,47.917965,23.146416,124.4259,151.74446,48.455963,69.76653,116.394394,295.9068,63.14494,67.72211,52.489346,51.86644,67.48228,71.576096,84.07068,142.60022,255.20462,144.78963,133.63478,146.07455,162.31528,207.18544,38.164825,61.654213,124.11921,7.6266956,182.28394,215.42458,195.40927,205.3385,75.90033,91.15518,85.064766,41.838905,228.2527,124.99851,53.177906,123.428856,197.27538,113.116714,251.80585,46.944183,374.2212,162.082,368.5156,392.4794,256.87775,30.117617,3.3225858,73.952126,312.7716,58.220432,159.7525,512.45734,235.31183,233.76888,2.140454,106.57399,123.88706,140.40216,126.608,222.72476,144.4037,51.325855,114.82772,232.75414,39.422905,72.69014,55.295506,201.9223,246.40633,222.36598,37.87751,77.97693,56.68356,407.93,262.95084,21.149088,141.50075,13.552333,120.87127,35.515507,229.73213,267.45975,136.88332,159.05617,91.46152,450.84027,143.6103,21.012396,185.80925,175.12852,69.40153,36.997814,97.4612,93.55568,42.414974,43.657032,174.74377,126.20777,10.224319,35.465336,127.94182,109.59492,280.27383,175.08385,41.865376,159.35483,229.91168,90.4453,207.90495,261.5015,74.41865,52.75059,6.956126,57.079086,78.729256,26.535011,328.3881,187.53394,36.829662,128.03508,51.187653,74.89483,270.82834,238.50778,203.60677,17.716663,158.37045,142.72166,206.6615,180.83232,9.649708,273.2475,115.30473,116.45914,302.77762,7.4736743,45.25592,13.100414,325.1505,23.746841,410.78168,73.285126,81.83603,69.64151,31.802092,61.599274,359.93213,15.438736,60.9521,44.86498,88.432076,223.3923,172.00172,232.9168,103.31401,132.40678,148.57373,260.08316,26.714859,355.03082,0.55267614,210.93776,145.47144,184.40196,204.09332,100.41779,64.215454,167.36859,249.57356,105.941895,148.96278,14.200754,91.48279,398.69745,190.86432,106.32463,85.560684,363.5007,24.732656,134.47069,15.842049,353.92935
SPOT_123,4.8161407,305.76083,9.745409,139.4428,3.6840105,11.564772,394.53,59.91155,216.5928,3.8624716,35.19598,101.21327,136.03714,351.9947,107.21947,123.57895,333.74457,119.09768,159.71658,160.51758,88.494286,310.67242,258.03122,184.12659,162.69167,94.78376,201.10747,95.60715,22.837454,329.4461,280.48914,62.210056,266.6192,12.179061,176.8187,154.71451,38.59829,25.90956,58.248188,156.46011,552.0242,152.2367,126.091644,251.14133,213.86404,258.2753,37.59986,160.81319,219.66174,132.23155,36.02233,54.710938,137.33066,137.28467,127.98478,164.41057,126.407234,84.70488,70.43797,167.71622,138.28569,353.062,396.76254,360.8747,385.68405,244.28535,141.62497,215.74739,19.067923,263.8423,90.03575,380.58774,20.567904,117.92861,194.59966,4.256038,168.4916,17.842506,64.4751,226.17368,95.20058,20.41857,137.98642,45.7997,85.094505,140.4628,222.05753,86.42723,8.857744,245.39223,208.80673,40.814655,49.962864,41.029343,277.08594,14.618185,164.43988,159.97441,146.74332,180.2108,214.72862,73.89355,5.9344053,84.70489,190.13373,106.61053,75.881325,211.43599,61.043552,329.23776,72.5522,34.071075,180.54108,93.80892,310.1568,233.78802,29.54586,43.049347,242.47635,265.2565,76.61426,43.961693,275.24536,149.14056,74.757286,150.87448,33.851192,66.48568,69.341354,357.73837,74.62513,194.80304,201.00233,279.95102,190.08888,90.08636,81.21119,119.46797,184.85655,38.660694,110.76903,171.85135,76.68251,118.1733,187.30359,91.32198,249.6605,300.874,242.58345,296.85272,182.78328,337.70523,192.11734,211.29572,158.39145,166.59421,100.04853,121.699844,144.29192,149.94058,43.1994,65.74957,17.031582,190.91624,70.533104,388.4044,160.42102,146.63498,68.23164,21.014692,20.293156,356.3027,72.30065,65.33588,28.570837,94.6526,119.31152,145.6432,163.81389,110.83357,244.87532,312.0838,313.2813,213.41122,61.95345,129.20152,590.4539,110.532845,254.93616,78.36651,474.37973,141.0417,123.40493,70.22435,64.72229,90.23988,472.92056,42.645523,87.4577,248.5869,106.604034,32.953957,40.262547,303.66415,119.043365,71.19701,145.32819,236.56174,49.24455,119.777565,108.790764,65.86314,51.870834,5.2965093,216.60416,189.98352,134.69652,35.30636,7.4359913,28.794785,20.564093,338.6242,152.86502,213.87903,83.56752,13.032481,73.79248,40.64763,145.43608,175.52528,130.45448,30.070559,325.27567,15.429904,235.1192,96.29958,28.654318,271.27835,9.673413,12.324254,135.91327,81.677765,49.405502,17.174294,75.288734,300.70392,20.088057,134.01225,168.06902,39.201096,12.687719,198.4393,5.4194083,51.85573,1.5580885,88.61504,204.2053,51.312977,70.80467,22.153746,266.31305,170.25337,223.30043,365.80978,284.28015,48.02609,73.60658,161.28491,3.8371155,192.6685,260.53336,138.27997,177.42912,42.174164,69.48071,0.6852302,17.67749,242.48337,82.67807,154.40346,129.69077,69.87396,69.15618,92.653946,198.31357,52.272385,82.00881,171.32426,87.38554,152.60796,44.21468,320.66754,398.7937,89.44023,84.385925,48.41164,220.39975,156.93546,302.88406,113.1237
SPOT_124,709.9317,112.330215,134.84853,189.20895,390.4072,210.84163,63.616417,55.91475,61.65027,228.97646,141.04045,234.6021,299.63727,119.56878,185.72704,470.36847,22.5082,85.32898,141.96321,356.32388,313.70773,16.323889,87.99111,90.43937,69.48884,14.6254425,8.3242445,134.01538,28.652727,343.64154,250.57687,195.14992,82.17804,100.23343,300.6643,182.59747,942.6622,348.81815,3.1964324,44.136612,43.486248,55.727196,21.221207,222.33952,155.72906,44.962276,65.20201,50.222965,59.03633,94.45157,286.19528,250.85359,259.93265,47.916954,59.796013,22.339039,4.282077,111.96169,51.509415,217.47812,142.17372,28.881298,225.89468,6.633703,10.935839,64.40465,37.659985,290.57013,171.57318,205.6858,158.37422,415.10953,158.54752,42.3436,124.81726,39.820545,109.51355,50.900375,119.70479,220.2885,48.872578,322.93008,46.17611,58.262478,41.244667,56.17088,89.086876,47.840794,42.864784,47.926296,20.735882,103.247536,194.4606,274.5639,231.91458,29.568447,84.26555,166.60765,2.2669563,9.572031,89.09421,53.557014,301.9466,91.75316,167.68935,39.700005,22.11402,146.09248,128.01282,224.76035,22.97387,85.29083,23.454113,68.20696,15.838964,404.41516,235.96045,175.4972,43.988445,34.14438,0.6582245,148.5537,84.07413,59.210907,77.57931,393.91373,85.99359,300.71506,154.87468,87.94804,32.01707,22.655798,1.0185213,112.070694,162.70282,151.67072,57.154667,136.0545,249.15656,174.9185,103.03729,114.791756,141.43953,204.9442,222.1678,0.25272688,130.935,215.86063,104.21309,16.966051,47.635876,252.69435,196.09935,125.186775,145.89398,107.0904,136.7073,133.20882,81.35778,277.72552,69.476204,176.12401,94.65702,197.61316,75.50431,43.22867,65.909,160.04811,162.49716,265.82062,238.5536,427.75366,63.95988,22.824282,223.09737,12.018142,0.71537584,341.45438,243.77348,142.01337,75.20814,291.51804,67.141655,68.78982,173.1193,124.71355,302.98093,124.7622,124.21013,38.983658,197.55849,81.29663,124.95367,105.95194,0.5137639,175.15353,249.88991,255.1908,52.262157,43.057117,190.1327,192.8004,148.07512,146.51927,123.6263,82.24568,211.57988,112.62355,187.3018,181.50012,129.61162,163.08075,315.81836,78.02717,46.43052,174.30188,46.268818,68.19108,146.75575,178.27411,89.45065,88.76442,163.60411,80.25808,0.16953579,108.80707,96.091545,178.95444,53.745964,117.81968,47.46815,69.927826,198.74896,73.157646,265.8102,394.55518,92.06515,188.86691,36.20995,43.52319,209.89331,151.81935,8.756484,84.625145,16.328577,23.407751,159.69089,27.520393,75.580055,127.00281,24.214634,65.40965,45.13896,18.406944,73.99963,43.589558,17.554897,29.907183,212.94054,216.91325,57.347313,60.87143,284.89246,248.8652,45.867218,172.24232,201.55713,74.24153,401.86688,26.584959,38.139645,195.63602,322.14124,83.10047,224.85426,371.05508,47.36471,243.27211,5.609412,135.277,9.587508,181.00313,366.89975,159.86661,120.37755,27.7473,73.6495,53.838406,50.898056,218.52708,96.15406,306.31808,447.22458,120.88342,70.41809,213.9924,168.0649,88.610825,85.86931,120.11805
SPOT_125,196.12059,309.6131,40.409096,53.671623,47.8938,8.313051,213.49315,38.03705,0.50138086,56.819756,32.052517,249.48022,38.543407,40.582146,65.72971,23.816685,572.37665,217.51309,162.18544,240.8096,121.58411,260.73386,207.87312,86.12257,88.56301,73.82555,9.024845,50.981728,69.93394,88.74849,321.16193,166.99,188.61455,288.74146,66.49201,31.098003,63.70939,93.735245,136.16438,73.24591,176.32954,104.3146,39.924854,394.21884,1.4253012,68.92196,17.06861,8.801253,3.3504035,78.23224,31.923656,111.91688,75.5112,150.4032,128.57587,158.4472,173.46416,80.66761,105.75645,188.22792,309.04153,173.93896,274.2472,141.0648,41.696674,13.239374,339.69843,138.31073,42.508152,203.128,118.62285,126.67036,329.7908,316.5758,179.0564,122.52149,149.3672,236.37292,231.96036,107.97802,242.29501,12.145121,78.50991,12.635502,160.46799,92.3277,19.119108,378.3047,115.20192,131.26337,223.117,210.8878,93.16774,34.97851,355.46283,147.96391,56.491756,121.801834,105.17746,26.542168,158.28337,238.30627,31.42589,120.1839,208.13425,228.03973,326.07983,31.232132,71.913795,38.383884,113.43777,19.261889,6.2871127,2.700636,227.26761,160.63757,99.5327,118.5594,126.68868,189.4449,48.203583,161.09676,130.13806,331.76263,184.88063,80.69147,221.65836,107.771706,99.27483,2.788204,261.8918,104.4204,298.969,257.2411,105.127945,120.357925,99.045685,7.8345294,31.861017,122.94788,159.00764,146.10101,134.58446,299.96326,158.7927,276.56332,465.0335,107.22764,47.565228,184.87524,202.61272,91.10539,162.0966,190.74034,43.616566,3.0489447,35.267517,103.085754,200.79015,140.42102,25.064781,216.21283,221.56592,143.77809,141.53934,157.59059,126.7555,289.59277,253.55077,204.32394,99.465034,148.61531,82.40445,274.69913,6.2553754,145.36592,45.775818,115.89278,143.70636,306.86295,140.49783,266.37534,157.64642,154.34084,174.36363,249.3149,125.74887,47.70524,349.50058,72.575584,24.509396,8.728525,237.7049,137.34279,112.129875,96.42162,93.41954,23.873924,55.734592,319.36063,156.75998,237.03542,86.536026,180.70618,144.25655,2.9179692,131.4572,158.81404,116.74387,31.544909,82.96218,66.01604,88.278015,139.34543,65.95455,61.97577,61.346954,132.90063,177.64473,326.01984,83.73067,262.8018,21.073387,197.06421,117.08721,83.87282,130.27693,182.92822,137.49916,95.961,155.40625,338.41528,399.47644,68.72528,45.37427,118.00541,245.22014,242.16103,95.027145,0.60164154,181.58067,129.18997,66.20907,64.82796,151.83707,13.382236,11.236193,252.7744,88.83991,138.7413,136.89987,59.956474,281.60388,41.403667,25.858656,83.97484,110.18256,17.804955,293.39868,219.78838,108.918884,117.41247,111.33431,44.898888,424.7515,281.08215,223.1855,126.11847,82.53751,69.40369,324.90524,189.23117,39.98462,23.01705,22.402174,49.009823,378.59412,91.01957,11.18476,33.740993,166.91617,188.19601,42.64107,51.195312,153.54204,360.60193,207.54721,11.649706,44.823555,3.2878888,118.66983,236.20749,24.661488,29.974138,114.81028,134.58327,363.7534,468.8028,72.26446,23.023651
SPOT_126,133.81201,101.72708,286.44882,1292.3237,191.71745,40.96822,65.4333,277.51517,173.9262,8.118783,51.230873,29.563225,248.26491,103.5889,231.63695,175.66208,19.46402,167.8541,112.34292,59.256622,484.52246,168.33824,60.390984,197.6028,36.875412,555.9333,134.51204,177.70314,71.60669,0.45574856,131.10399,419.01144,147.60951,164.5823,98.16804,28.25964,69.02444,253.3799,26.268154,239.13754,234.2964,251.77992,155.05215,153.69914,155.57948,111.3025,173.26569,186.56656,152.14418,108.12374,104.055214,170.53787,166.19743,186.12053,192.83484,218.34048,193.69672,166.46188,100.41297,305.2804,91.83006,208.41058,155.07544,80.93623,277.99692,30.629711,109.16858,171.66573,47.684864,162.43118,223.92853,77.64446,129.93088,9.238588,37.35888,123.92881,218.88849,220.2522,68.743324,54.920456,267.93,274.85977,157.66312,106.60414,76.177,166.74976,223.85115,187.37569,124.32209,163.36957,26.645536,400.90344,299.93085,119.26317,151.03996,242.90778,197.85016,35.48652,184.04535,100.85326,220.0938,110.86398,336.4016,13.289931,105.681366,242.5365,3.0636487,144.83737,120.38415,416.5933,128.14,327.1962,37.78926,127.605255,64.92653,275.29034,298.82477,231.58134,217.37766,323.0677,58.086292,225.76617,23.181782,42.431305,303.77713,136.48726,4.748528,227.95522,33.989372,20.456139,146.73,197.26033,162.41792,142.08026,20.130995,287.74326,195.60059,10.319355,55.546474,80.72263,40.354145,192.45564,57.743614,342.7367,15.484794,239.42299,323.21072,23.153053,120.32614,146.94426,134.31416,198.40154,105.66936,214.35678,307.72,218.87405,82.57851,175.62082,7.5010924,254.61469,216.68732,26.345913,1.4851745,60.22553,284.1165,114.8086,114.270546,114.030716,75.52428,279.34125,69.68455,90.045944,351.84515,52.616375,193.93892,139.82362,68.138176,65.226166,87.285774,36.086876,37.757744,24.480057,23.21446,320.92377,11.032492,103.90573,297.50943,435.21887,56.034653,2.3585863,66.80304,131.44005,209.21404,56.286774,171.39076,129.88132,148.81342,198.239,17.86957,139.40822,71.9746,190.66408,168.33179,163.01218,335.26596,7.7628174,98.265945,252.81744,160.83398,115.31804,35.379303,94.47294,14.404675,149.4285,85.83438,52.031895,32.77732,152.79251,153.65935,42.74712,77.44554,56.136044,56.63559,162.10495,164.6066,368.6662,187.46808,252.56174,53.177963,49.34322,49.311,101.09976,12.728279,12.346562,110.4801,83.82203,66.974,31.449898,19.336725,147.34755,38.872017,97.42366,203.38562,303.1329,160.06677,313.96637,96.698814,150.79144,101.93801,21.844622,257.8236,244.55133,139.79634,90.57158,115.266556,145.99524,230.98529,400.9763,281.21866,165.95784,135.87064,78.27184,70.27798,116.97089,380.93668,34.582207,47.641457,125.34185,251.64384,43.589767,10.535711,143.25302,268.17496,4.0698094,142.65862,16.439203,234.60167,86.84558,34.017597,379.238,243.47899,355.23663,87.22624,267.0247,155.93718,70.91705,55.634262,68.6185,260.99356,148.59702,30.025854,31.022472,89.69825,95.76767,89.725395,125.63199,63.705757,184.98698,79.15735,123.070984
SPOT_127,304.54477,161.00925,69.270355,170.43881,8.441287,52.184772,333.19867,251.58627,1116.9677,938.3305,57.514282,109.16109,191.35295,22.355719,76.33415,17.905685,113.11619,87.77821,294.28726,139.38016,250.81036,252.50845,121.62764,101.742455,814.4789,117.079285,184.72034,78.23832,60.012794,29.638712,718.8952,219.43236,2.5984833,195.28584,177.21162,79.13067,13.063721,186.30948,22.49976,176.46458,185.25616,77.93207,151.07802,149.37624,32.10653,28.381605,37.73506,85.464294,164.01712,10.809875,286.43726,189.69781,142.89189,34.70033,383.18958,185.36656,6.7353964,39.67393,82.59294,70.80691,106.75351,126.46946,32.5231,265.26587,43.5219,127.222824,176.1396,16.349863,241.46385,216.6255,51.07218,267.68503,28.388763,94.68213,1.2656868,148.66508,36.630997,107.56478,42.29823,57.074116,119.07748,53.069057,170.01193,85.391205,23.83274,80.66002,94.74936,229.92247,27.82411,1.5209169,212.7181,40.08503,39.832283,3.6799378,65.18805,130.65149,10.441382,465.98456,37.38947,494.3705,200.16568,95.78147,115.79576,104.62145,223.06137,85.811844,34.906994,69.450424,183.58122,144.9731,214.44643,78.8321,60.66842,168.18448,189.59679,68.81228,100.778854,34.289883,123.72044,86.24469,164.87001,9.644254,168.24873,156.58902,276.57303,152.11716,5.610079,165.14299,4.3579817,101.070946,9.28914,190.22467,21.406504,202.91107,56.572575,292.26138,318.8707,68.22854,116.64144,157.6136,240.19536,45.900894,63.27815,61.843662,387.45334,243.87587,342.79745,164.72043,74.15816,38.983578,193.53822,214.93149,164.94148,81.02093,60.0532,54.106636,94.66861,450.21036,51.41224,76.806755,201.70914,5.257039,3.4190128,254.62248,122.15075,131.29535,255.1879,72.09723,181.00943,81.89892,31.615429,6.5177646,117.7593,138.72594,152.2141,241.95618,425.27847,4.4241962,218.32799,452.5763,47.759182,262.9228,155.04576,9.100035,60.254898,236.52307,318.41855,174.03015,87.79773,185.59589,208.06203,28.62785,5.8196106,56.243954,56.01076,154.16461,9.189856,48.061504,62.464336,293.75613,33.544544,124.06428,27.234888,162.91614,100.124596,215.40968,313.33728,277.8892,222.92892,159.58614,158.08057,269.09207,165.84818,59.473946,72.67858,202.1067,326.1553,175.09697,4.349905,38.87455,71.76081,108.160324,66.46706,101.759995,62.47029,292.59824,139.86696,135.73921,316.15176,139.84651,146.93259,198.70444,51.02505,19.833694,410.18896,359.19638,31.682915,0.21192381,235.82138,177.99496,53.671196,351.45236,101.58942,173.3123,223.06761,139.70946,81.336044,241.7726,227.21317,19.63357,36.406715,85.658875,369.54208,108.65634,1.843798,496.3186,148.63828,539.01654,33.831047,145.89226,29.398438,257.65356,83.1709,270.03943,120.7676,114.95534,14.345249,90.21946,272.2171,69.34279,105.66165,245.97987,207.96745,251.51634,144.3105,37.040924,157.39345,238.7008,62.6021,224.64546,164.49628,227.47414,369.3652,69.93399,222.81757,136.07014,6.9911327,33.82073,128.41953,273.40723,274.79782,267.0059,82.4119,112.70393,119.744606,194.22649,60.876217,40.61374,21.44216,104.93224
SPOT_128,135.18533,29.35689,173.97716,282.26868,200.04396,91.03272,176.79172,212.74846,835.1112,377.56693,80.82204,151.87787,176.30373,148.3251,196.37343,2.1319752,165.74806,139.91725,307.95642,24.04808,321.25943,70.943985,244.52055,95.4605,28.019712,276.20065,58.940224,155.2938,22.519161,352.74448,983.375,1043.3735,110.683556,40.32957,95.76033,226.6523,351.0202,262.1574,290.68658,1.5973637,353.2256,213.13547,222.27011,221.26212,76.05563,48.385906,24.773016,252.18837,99.88218,135.79439,125.22183,217.66585,9.502325,120.679184,20.240417,45.22403,149.27007,207.69478,110.65789,175.69066,51.026855,219.15823,36.721684,165.72661,153.96788,53.43867,89.06868,93.48618,204.00778,203.08783,33.132088,129.32133,198.26805,83.767006,14.622957,14.362445,197.60764,79.49925,184.05411,25.899483,61.17301,251.74454,72.92734,64.847694,102.56619,107.47913,61.540787,43.44652,99.912575,13.708574,83.72571,299.79343,190.78387,60.908707,90.88326,53.80236,28.654036,88.64297,15.7770405,142.74336,228.07315,18.317873,361.65897,366.15402,117.449,35.129105,130.94861,253.61525,325.08615,65.49716,214.14415,35.636383,493.77664,198.08005,31.945335,142.75311,472.78616,121.441666,181.52077,134.18288,423.61462,226.44197,86.548225,321.3943,9.999684,196.4733,186.19322,37.283047,49.438824,213.76611,97.17054,301.86227,55.38825,192.57533,186.53532,112.03688,66.70212,109.796394,147.68593,160.16545,578.01935,77.37869,240.16287,156.3398,43.874985,36.941875,53.201874,214.1116,2.451269,325.09024,128.19452,174.00775,348.13654,50.058964,336.9146,47.897198,49.001717,77.78055,30.260479,228.94559,347.86478,412.81674,146.66731,161.0107,466.70554,93.063286,93.46923,122.4229,66.78502,157.50453,108.54878,47.400192,125.66992,243.5321,7.8921847,38.483204,9.943001,214.84677,138.53238,262.31705,70.373535,15.22336,279.17508,268.91028,153.66446,61.909557,266.48627,19.93233,98.367645,227.98897,193.17012,1.2707484,126.99455,89.793816,123.40292,326.66486,156.20374,37.565334,92.28092,32.091568,66.29934,89.74979,43.720543,348.6039,124.686615,91.583534,140.89076,142.76955,321.4962,74.06551,95.84387,195.01012,74.39317,26.680437,253.88977,105.28296,119.18631,257.91095,77.492424,226.49268,376.40247,233.48419,100.93176,314.00784,173.26653,129.78928,205.9609,299.3342,241.00313,176.47253,80.951904,41.03149,88.36656,363.7026,232.14513,50.78082,270.5322,67.49748,135.67932,138.07854,180.73166,143.98267,263.19537,9.219796,91.577034,267.89062,138.38045,0.044851575,120.88658,487.531,142.02292,57.263237,91.79809,100.315704,383.04306,8.562672,17.111868,279.41003,24.459146,157.68439,34.99017,165.77548,130.58069,72.56018,331.92227,301.30356,331.26816,16.415398,423.4726,28.798258,24.078123,154.12076,90.788345,162.33931,74.50292,58.23748,19.07693,153.29591,41.055576,285.15518,191.8864,172.18689,27.692158,57.8661,209.29013,302.6094,58.582657,98.97261,315.21304,6.9889913,106.98222,364.85797,144.46092,247.25398,217.71733,93.803246,194.99855,234.90793,104.73842,117.332535
SPOT_129,86.762146,257.7667,66.42356,48.596584,6.4869795,43.729702,229.90718,187.5066,882.58154,857.8134,1288.3257,146.03369,138.33298,51.71538,152.83011,119.47779,103.53222,71.925514,261.98468,24.970196,230.81714,104.71989,114.44635,104.780334,591.65045,122.45036,422.57687,97.816246,74.49411,62.88587,1718.2668,232.07689,137.86488,11.200511,38.725285,84.458466,272.167,229.66173,35.68298,7.469138,71.277435,109.48203,176.40167,36.624924,88.362236,308.38565,99.50517,41.52657,93.12974,14.05333,204.4891,95.97603,384.18506,174.31319,131.70303,17.672747,95.94305,2.926786,319.3254,148.28412,29.488419,272.7416,70.55825,41.658077,72.17066,175.5919,81.178894,23.930809,54.461567,103.77224,50.831337,7.9433846,417.3736,58.570442,121.93731,27.491219,270.28708,283.15652,350.83765,10.975591,115.48661,189.00441,63.61934,200.71526,85.18658,6.9142976,40.714138,152.31795,153.12372,433.26517,45.365074,19.196026,363.88843,69.14311,31.187544,101.00104,359.96915,58.4323,175.07904,248.57155,88.56488,155.8576,295.23013,67.388054,72.04641,231.04819,85.52217,2.5752711,208.62192,61.88988,169.7103,153.27487,9.506565,109.24524,473.26288,150.46095,195.23518,19.96074,19.035393,77.32673,472.38855,19.595488,108.67518,135.72076,60.363007,255.78397,195.65271,136.13857,140.5698,224.32834,378.24863,26.100452,217.19221,263.89584,151.83441,181.72769,74.19849,32.215687,42.856678,219.44087,117.56991,16.918758,240.8278,209.48143,197.35448,65.13986,21.5885,91.64663,251.19885,54.997547,136.11615,363.48688,70.83891,48.632694,200.59276,206.01593,112.04478,50.24869,94.527115,162.33202,264.9005,11.288486,13.364182,44.587467,9.677154,39.77593,137.08032,281.7505,102.64901,167.49217,14.500016,388.35275,147.8832,127.73074,44.339687,44.065304,165.99255,309.54398,161.3414,163.4423,17.541195,38.137436,128.04906,160.12827,189.91306,147.56108,42.8971,84.26371,209.69527,106.89103,119.044266,313.9843,115.31273,40.03078,417.277,41.54661,251.74649,75.875656,192.20445,98.35651,58.20916,109.21322,342.20807,39.80364,199.42778,17.121334,96.677055,4.788176,146.39764,186.71703,226.6524,296.63232,157.86485,28.696976,95.56663,94.67183,331.1059,68.56443,283.81,264.29993,82.04667,107.048065,85.93019,316.22577,231.37029,85.55625,113.40016,58.16117,330.53134,24.762865,162.27296,136.66899,241.41666,14.532357,268.28452,125.74613,42.79576,20.026962,60.21349,108.057304,215.23045,169.54817,392.14514,66.69419,132.61607,268.42984,34.286736,247.1812,69.08887,19.340895,110.03236,429.3288,220.1741,9.580495,249.89337,170.93396,437.18762,44.781704,124.59402,38.613968,30.682156,12.58236,92.759476,324.61966,144.77898,193.39842,158.35008,309.05075,189.98996,15.956331,136.65982,50.370674,143.72157,181.7539,88.35291,399.23273,68.70983,51.27825,213.03038,70.38151,169.4712,100.15584,71.3752,322.88327,117.23592,34.257633,260.33035,125.639725,101.52803,127.47634,143.59198,436.73877,145.36464,253.67543,53.427147,136.559,216.37503,151.15224,14.0060425,39.36788
SPOT_130,67.3165,29.62765,15.823046,238.35367,184.75652,134.69049,100.647255,68.781586,686.21985,550.93677,253.58945,585.69006,134.42815,94.55177,27.260784,152.51408,6.3140526,6.7828226,70.48642,48.256557,12.731488,141.17444,22.912468,27.145578,1268.8923,109.9847,151.08763,50.226166,178.71056,193.14903,1293.2089,585.5776,134.9798,230.98718,45.051075,425.8766,88.51784,100.222916,73.76106,105.637505,66.9139,113.38309,81.322334,278.80103,182.19304,135.67944,200.35904,211.57668,128.14687,135.02199,206.85782,129.8835,122.236664,22.926373,127.791336,286.6928,34.07132,64.15599,170.25005,234.84871,164.16364,25.916153,194.38408,46.089966,132.15158,53.594692,82.02595,157.78093,336.81772,82.31238,35.253723,228.46324,119.94786,33.068996,32.164093,111.25089,62.716877,42.539944,173.91066,55.281525,3.0020478,277.13162,189.23352,118.80082,282.2817,149.53052,10.042492,187.30147,139.75258,259.3815,120.65442,238.59833,163.262,84.2215,13.572333,169.20465,558.57623,85.95462,201.6109,268.02316,33.50006,380.0022,91.08904,230.74992,0.028218716,478.2111,50.688133,540.30035,79.168686,152.45366,306.05984,141.79578,174.43742,52.695602,27.201397,14.951026,103.033936,95.43318,103.53508,22.473751,420.18045,178.23126,304.90952,34.31305,289.084,133.73058,137.47852,32.816944,123.39165,98.36107,194.55394,26.348515,31.205091,132.62227,12.850662,123.82243,81.36331,203.19534,14.560226,247.99982,99.86627,92.40136,177.15889,198.09575,183.23848,236.5223,33.81196,78.04944,144.64526,23.114323,22.233143,457.88425,136.17262,112.3155,0.97495615,146.8526,108.30636,125.40331,39.561527,181.40134,263.20303,175.89249,146.50513,111.39759,50.14662,123.47152,22.378862,154.50925,169.18552,419.75708,16.972048,42.802006,101.18525,32.933258,105.2828,166.64098,616.97797,132.2711,294.83527,158.37361,52.639847,57.871223,386.8735,271.6632,402.96982,248.50523,163.63734,259.0762,72.83016,306.58554,92.6733,266.52158,95.10521,14.054778,163.99126,170.288,38.476364,73.67548,1.6943692,22.712248,159.63611,211.32745,27.678362,173.90057,250.84004,247.7583,420.6604,54.364525,12.478844,97.24793,118.24579,36.7695,54.085354,151.52817,120.47571,223.17502,96.81139,171.22818,374.3621,37.986073,40.583366,346.66736,20.85131,67.408615,139.89175,92.41346,151.90988,147.27768,175.74594,50.500946,391.33194,7.124326,118.72496,57.998398,47.712383,182.77791,235.95422,14.853439,155.31459,33.032604,83.51913,244.97923,230.05862,158.1627,3.391254,51.840378,180.46907,66.96004,284.95447,63.587517,27.430109,5.8391623,237.16191,172.78244,149.99231,190.44836,77.1734,274.68607,133.87616,167.91922,139.15842,318.64056,221.86435,21.458397,235.98686,362.59604,35.33788,44.564575,164.14809,353.32114,115.206726,12.253453,23.529547,234.64923,58.74078,6.0732727,300.1172,180.05234,48.46604,35.292507,182.60942,51.052372,246.80402,376.88232,178.17636,446.21454,77.03188,114.37943,426.0659,139.8176,279.0559,64.31302,348.0539,204.7822,132.84998,146.08794,203.9669,11.848083,3.4314117,217.31189
SPOT_131,112.552635,144.84402,321.68042,276.44876,49.625473,148.11565,267.70044,204.15259,57.61024,251.80327,724.3094,664.21643,49.983685,79.77479,187.02312,110.63547,287.21063,169.02208,238.30414,147.9261,352.94818,104.94942,78.11316,93.003494,549.336,274.38806,61.162277,131.96938,235.6079,155.33774,307.02463,608.34674,50.094,177.31432,13.885516,84.98634,114.99998,356.92267,209.58682,189.16293,526.9264,60.231544,120.02284,306.25833,172.79395,131.36876,279.32037,164.99556,128.9458,93.96731,241.86891,96.51872,280.0249,23.615467,350.66055,209.3907,198.50356,115.36946,47.28344,29.624958,20.618227,4.2947693,59.829376,224.96303,13.172169,258.2026,29.844507,89.0411,72.29245,155.20831,51.685005,152.16574,91.31245,118.31131,79.58298,181.22208,210.73758,63.580944,279.2953,30.897549,55.72071,354.11514,34.873543,15.463443,481.1974,52.36001,297.1765,130.56285,179.00496,28.341274,80.721016,96.13354,75.2386,28.960012,216.1157,202.39514,206.56146,310.87036,178.40756,78.645836,12.682726,117.83358,129.49866,24.686237,116.678696,295.7823,91.99059,83.3305,101.39879,37.546734,24.666437,286.6842,302.8387,255.91417,300.75876,216.30238,92.65019,246.73412,22.14601,4.981607,397.65955,33.88988,211.95828,127.20034,206.44943,39.44877,233.02264,175.42082,91.28968,14.640404,270.01877,79.037254,40.68111,53.608025,276.034,78.19825,212.56483,278.29962,26.643814,176.26727,172.54677,374.0277,32.738583,70.21103,66.74133,269.2985,237.64236,158.06242,42.658516,27.503544,174.176,240.96478,12.050282,33.662113,193.0039,158.15883,16.521172,24.13343,148.44662,66.575806,183.89296,155.47795,185.90689,302.41107,78.12961,61.059345,84.41338,88.31664,36.15544,31.357468,47.174145,210.81427,77.73252,242.40166,32.784515,66.21855,141.34846,27.814451,90.60583,67.862335,153.0604,76.85259,22.461226,231.605,100.70583,48.091625,284.1967,126.86581,15.20996,220.53168,72.91959,181.48682,155.22687,83.01399,90.48993,278.05338,271.19257,208.8598,233.81322,512.76337,85.29407,295.75177,93.04551,150.81631,34.569527,112.26551,286.32233,19.37032,153.94955,126.15056,321.62054,117.62254,237.06606,55.791176,38.05582,0.8747303,134.35164,477.60825,181.19038,100.27232,51.113445,173.74753,62.132744,132.4831,137.65176,3.6855304,4.9497757,523.5952,118.185135,110.41249,19.584671,167.461,168.76152,158.6718,198.43787,173.0079,108.68036,122.36623,89.32212,212.15483,58.875233,54.298042,133.52339,46.76282,38.96073,38.72896,27.052502,182.88548,49.2569,207.15927,15.347743,96.90303,93.784676,18.529165,203.45593,133.20743,34.63563,191.54056,7.5245275,276.5846,57.86722,9.982725,27.933252,141.86423,40.464447,229.81995,100.057106,14.432682,59.057903,37.07245,291.86145,18.06398,68.80673,361.58426,134.28084,513.35315,242.21774,79.23424,410.59033,4.949346,55.17833,48.138515,52.797398,404.65714,141.74892,53.459675,33.85092,49.200775,74.624084,47.488823,216.55089,72.8664,27.629484,22.229118,36.106842,149.78705,37.414745,123.22276,15.752898,76.34392
SPOT_132,51.678635,117.390396,198.03172,146.96228,289.2422,6.1197658,155.13979,239.66673,1811.9391,497.1414,171.02118,181.04054,296.5759,234.62033,30.252857,111.48403,620.6477,258.04797,333.4127,260.32187,338.19257,233.10745,190.96974,165.69434,1403.2141,11.241401,178.95677,31.571175,357.1936,275.87512,360.9871,92.015015,316.82294,62.37881,25.99473,62.118492,193.73244,146.48813,50.151398,189.31816,66.642044,189.37518,208.86621,283.45093,286.98682,231.77751,165.3352,74.96717,128.23747,77.442085,254.24068,213.41148,77.92748,225.86528,210.92798,33.990105,1.702526,277.50854,190.50514,220.46112,465.36914,98.508064,58.61965,244.42874,357.80777,110.0509,36.334534,183.34271,61.694996,160.06656,170.79791,204.08319,81.59885,96.26234,203.38889,112.5253,252.62973,133.85828,23.706415,215.65059,149.93832,314.69373,236.7962,341.955,186.04865,193.29488,44.580975,85.80517,38.240044,165.58296,161.05205,78.80087,97.048645,268.22763,116.44558,70.16063,54.18806,311.01755,107.71001,58.121765,149.43552,255.71053,291.14655,101.81311,41.784264,176.10155,47.739883,279.20428,165.99226,93.150826,36.172153,9.235552,100.335495,442.9601,81.04747,49.516506,73.235504,212.30159,74.46133,233.73213,34.157925,129.10335,121.23566,103.723434,102.53598,64.17756,6.7545056,36.532795,11.683636,68.558586,136.34584,55.82103,232.2975,201.03577,49.9465,107.16851,172.2937,13.966105,61.67931,284.8925,77.29597,172.66086,152.9251,95.3074,5.4912,239.04514,154.19583,31.935282,346.49622,54.01448,102.744934,153.69557,212.72585,111.448105,196.79219,115.532906,307.1744,170.23837,102.68039,48.509476,69.11279,20.621006,101.77716,236.77275,6.3769217,199.42003,231.98375,251.72935,219.09315,71.459785,72.908165,33.524353,7.5629888,83.44538,5.6948543,25.168709,338.6239,101.81089,37.69255,17.803204,128.38649,98.71725,163.92522,88.91408,111.15647,106.65227,131.25223,202.89333,25.686552,50.81663,5.270695,39.11229,134.51283,250.12721,240.9305,177.84427,68.00446,165.45491,344.58554,96.37267,201.60614,119.07299,264.0287,6.835078,53.717655,121.299805,86.80946,215.95856,134.43903,127.04412,119.95447,98.72182,182.63625,4.340492,237.97649,20.700937,212.9539,4.7294064,90.908875,30.95685,111.31139,342.99716,94.01131,169.17033,213.91881,96.9438,240.93051,38.953114,243.97333,120.7009,75.288086,35.29745,12.938373,89.141365,179.9951,62.054028,161.65453,48.547855,593.2628,99.5725,123.12875,316.38254,15.872185,116.19149,235.15813,245.72572,27.631136,316.73297,14.991446,167.81093,272.79584,17.699223,82.223656,184.68272,65.913284,146.5473,239.93672,55.21785,91.00612,16.94102,91.53581,282.47388,128.87872,73.52032,297.91782,39.418438,247.88113,8.036198,25.051336,50.571228,376.7856,223.1083,89.11353,7.601659,5.136329,104.94193,199.08018,95.69377,222.33685,45.17301,8.739399,180.15681,356.92303,33.608246,53.498676,109.199295,199.2743,124.574615,213.60374,54.594326,257.51154,97.36362,132.38052,7.6877675,202.748,254.87361,133.73152,178.66023,349.76794,60.11027
SPOT_133,44.440292,302.81323,143.44113,143.78128,9.484465,263.94043,193.49315,64.85552,29.85903,280.5073,68.14953,161.7817,6.5066366,0.31389534,85.60547,81.83595,124.88307,507.35468,258.46475,93.205444,210.4147,182.14972,166.23407,256.45758,105.91526,36.926,106.33884,148.34735,158.8063,19.989897,244.77835,376.7458,386.573,177.46852,123.522964,221.05402,217.54344,95.65379,327.9558,380.48947,80.54069,7.5832424,342.47568,13.570422,934.7555,251.87625,116.632225,35.189575,246.33018,236.77559,73.28367,19.94059,160.6973,176.99779,445.0481,160.1191,296.36673,46.009686,171.03175,230.1761,39.886868,146.56154,2.2835696,9.390267,119.07745,31.144041,339.63422,162.44908,111.037125,57.77191,265.469,299.3208,166.36995,103.35879,93.52553,87.15588,71.720726,62.471615,153.24965,127.94247,142.30624,88.67241,11.478302,43.43426,151.53835,288.72974,293.6761,51.970985,487.88864,139.10245,329.2655,178.82771,28.532907,107.57836,175.83118,201.53717,47.706127,110.970184,146.63223,64.075386,84.93436,182.28644,35.673634,16.302467,129.13031,10.613413,327.21262,187.30576,225.88719,329.6009,187.79242,364.2983,41.766243,0.6392292,76.749016,185.52649,34.995174,175.3961,2.8220325,109.851135,317.82727,104.48608,54.51748,180.79085,167.92265,32.049507,337.0184,61.245068,192.30237,25.404636,323.92566,296.1842,11.692114,266.19385,126.15783,127.22738,48.052135,213.89244,12.91312,82.88397,275.74255,114.28786,457.37857,59.262684,327.19342,252.08385,40.66276,18.119886,105.73971,394.7967,471.3712,47.589,157.13223,166.1699,190.05717,115.21536,349.10086,12.347496,75.95858,0.36783186,25.14351,50.112804,213.4594,354.80756,38.408485,158.47697,98.55066,78.08223,2.4264035,266.68347,1.1209823,262.46716,40.255962,210.7742,339.16583,16.926538,103.58317,477.40363,217.48639,23.870949,93.736664,341.58514,188.95,117.17202,29.010132,51.973415,6.140638,0.9163615,18.527517,190.08633,41.206856,223.93883,111.52737,215.2629,32.535416,107.251114,20.75302,69.2805,181.54237,72.01002,32.97212,104.42763,22.020636,116.90646,273.6306,155.99927,203.08614,177.03082,90.433044,336.63412,132.6533,179.11752,226.41812,138.34769,32.293953,125.000885,132.53883,73.71374,76.794525,177.82988,178.88759,27.770096,141.03986,131.02261,245.66719,171.12212,3.6071608,35.851177,318.27362,15.192198,214.40073,28.619905,213.34451,176.48128,42.945614,179.60036,39.65317,94.31693,1.869553,172.30476,47.264015,0.6067049,208.10576,92.68521,216.52245,113.65428,170.92058,222.71695,408.3731,187.54788,18.449944,181.76192,160.37137,99.92165,520.6286,32.455208,73.21328,377.74777,340.57553,2.610267,341.67984,98.94739,306.2079,414.14197,63.99862,37.98531,7.6920705,203.80981,189.94296,115.23494,165.2289,219.23314,204.35674,183.57144,41.830746,161.10379,49.08089,286.91992,32.90506,86.67181,15.375472,183.80273,295.44144,79.844025,147.93074,140.20044,148.15962,12.270663,94.171585,62.69849,33.420277,111.91401,428.45868,24.460453,183.80492,173.55302,320.00293,100.893394,151.97691,54.878746
SPOT_134,45.204975,146.73288,157.21141,227.93779,0.94268686,151.08827,55.74117,22.066341,42.094154,120.95856,352.55786,363.12793,97.20053,7.914203,31.879183,425.39008,104.437386,22.494715,150.19713,7.646395,52.702244,313.63077,15.87325,104.41324,98.862015,47.108307,19.460155,188.1886,18.66463,144.19653,56.403496,354.11795,78.63149,123.29984,18.088581,131.0434,224.75815,130.96843,551.2768,129.156,241.51752,25.590492,394.04083,98.61315,118.09618,293.87125,34.308487,92.89067,169.25406,264.4073,289.72702,270.47687,147.94014,94.932755,113.957016,210.45618,47.852894,160.51398,255.79839,90.000786,202.81026,139.30838,213.41675,252.91145,46.410145,95.797745,90.873886,121.02048,42.867092,233.1555,172.54251,15.624278,190.97478,229.09088,128.14162,206.34006,280.28503,5.860805,104.79581,101.42895,371.81644,160.83405,55.501926,25.37447,18.1757,50.696213,103.43394,61.895256,245.5005,144.37128,105.54317,372.07767,56.756798,86.43163,101.283516,84.63647,109.30105,7.609716,177.6747,83.59586,5.668643,67.13178,215.34244,118.20528,50.50026,76.09366,207.48326,462.90533,95.06263,113.02464,5.16463,413.56226,47.761845,13.670485,148.11081,149.67958,61.065353,138.8752,226.03577,30.773333,102.12817,65.22922,17.91612,39.245422,78.29265,79.08478,95.27241,81.0427,71.1167,309.5084,159.2886,282.16718,304.8429,237.154,311.14456,139.16704,67.44942,320.81454,4.7035723,38.520927,168.36227,93.95297,92.28932,41.2207,64.503815,129.5752,137.12175,160.26993,112.90644,130.65814,33.00337,163.20506,35.39976,394.31656,136.75557,242.81836,128.74327,35.717644,15.099454,157.09233,109.93548,173.99048,56.09569,175.86348,113.34112,15.686642,238.67337,206.07411,141.9268,212.0371,140.98303,36.424484,71.08996,122.85926,30.908983,112.63567,30.555773,31.129768,39.69693,99.588875,52.98573,132.71278,361.1525,138.71767,14.177748,31.71175,210.94495,231.9338,10.1231575,173.53055,118.081055,400.7054,144.72281,137.27884,166.14224,11.941148,162.2742,76.96736,147.64124,180.89633,233.41475,197.35867,349.4107,89.00047,102.31947,59.767303,32.40504,63.129833,32.86313,242.9749,31.814056,55.008003,29.153349,10.86107,219.36786,26.263086,30.47311,32.79637,65.612274,253.4292,283.06335,192.29292,224.82787,193.05339,260.08566,354.03674,188.06804,296.60803,143.61275,152.38937,91.37374,183.66168,107.52734,56.930477,32.763325,83.35357,322.57602,27.762829,98.819725,134.70726,146.47914,45.226486,68.260345,90.264755,53.94836,162.19016,76.915436,11.109986,138.41911,201.50558,100.6289,378.53455,94.71947,109.785034,263.74838,55.887188,56.975086,148.75781,60.2432,177.34917,383.86713,143.70522,170.40718,123.04677,356.27307,126.96922,108.25387,153.26158,165.82791,261.78662,147.48814,70.62098,312.3515,352.5687,15.251265,26.920797,31.844137,284.57065,85.6688,69.71654,114.19367,50.728603,209.87172,24.91346,24.19566,125.15107,67.326996,57.342693,130.35934,184.75491,307.0878,8.819634,54.384777,198.88823,132.69412,83.55136,58.698807,133.82866,332.56265,68.89864
SPOT_135,528.5787,153.99797,41.338314,40.282352,510.80692,470.29736,325.26712,248.25937,23.205982,76.81901,240.79626,34.892883,57.106045,259.34662,67.04013,245.27438,73.02181,199.70795,160.41954,111.85827,108.73441,104.63889,185.90378,214.38109,70.91393,251.13315,196.9748,101.11174,189.15688,23.498394,138.75165,180.26471,10.833453,329.66742,5.6852384,220.46158,50.55167,129.9285,49.17334,102.67664,33.596607,212.34322,129.00133,111.167244,249.74487,37.232384,104.738365,31.938301,261.79608,187.33553,17.456005,9.838795,149.92744,49.929245,22.042759,110.3863,38.855114,249.53246,315.00757,33.221107,141.3839,240.5682,32.530914,188.48782,38.809807,62.934166,499.61203,379.7658,215.8409,234.9394,271.61273,1.733746,87.00568,115.27634,30.99467,59.882893,190.2711,239.09305,76.73471,42.493057,46.52458,144.9046,180.30568,66.60844,274.9791,110.97217,205.19214,126.78478,109.800064,41.883457,54.257324,25.56584,27.52839,274.46896,124.0681,42.906982,103.06232,154.01953,190.99643,18.706516,390.0135,40.09455,187.22794,37.461967,119.101456,47.31286,233.19289,16.03304,80.420074,46.360878,17.640165,8.428404,179.72543,1.995936,117.59291,53.22818,33.152496,130.50206,35.088284,2.504869,132.32887,24.58793,42.58715,84.28864,6.339313,50.67242,27.976,30.076353,198.65245,59.981483,332.3723,176.33002,90.46362,500.40472,147.98389,231.55022,41.167107,10.825198,23.610207,76.626114,284.35556,33.526882,72.60513,335.3533,201.76003,379.3505,386.72034,111.051575,244.97923,240.85686,135.0683,126.8683,324.17465,155.51332,134.31038,147.2663,210.0949,223.34198,48.697193,331.24585,49.382057,389.17444,320.36624,182.63998,130.90953,152.13501,169.40102,265.24472,146.80412,301.22418,84.3573,228.81871,66.74906,118.25354,127.82386,206.06158,5.909004,161.9827,14.209043,120.14781,108.37298,297.85992,112.09102,103.812744,193.07584,111.151886,336.07394,377.03598,179.56667,126.12093,247.62897,20.3261,28.787886,355.56052,162.68205,91.35476,88.98471,328.8564,25.605942,15.981717,162.37753,36.215527,124.656746,167.85815,121.40985,186.10402,91.799194,78.85884,119.25965,73.259995,39.60142,156.97626,189.68831,36.40927,137.67854,251.98575,123.90129,154.69081,157.23828,216.45538,54.5524,59.276573,127.47841,64.259636,284.48132,166.84053,107.81243,5.3100467,14.655659,31.514883,96.64247,105.317444,142.46967,22.620455,69.91413,100.262955,190.23239,72.50217,109.14918,288.28418,188.44876,186.72517,48.192833,37.16513,72.21386,255.33675,143.99551,223.40498,68.446495,163.65512,237.08577,105.00182,428.12927,60.1979,145.34198,293.44833,41.30878,93.04201,2.6013532,74.710106,203.19911,44.001064,8.916222,8.244586,26.017738,168.44077,60.973675,8.023098,8.460819,194.85506,115.2338,170.62836,290.95883,212.26581,137.19887,343.473,406.4952,99.85807,406.7461,131.35017,3.9246225,252.18552,30.094812,43.767044,48.27502,157.30751,73.21938,216.71146,69.735344,55.412533,18.044567,508.27145,72.548965,56.47658,9.744368,208.36696,42.9225,48.856087,412.65295,154.74324
SPOT_136,34.891052,164.96684,147.26411,137.81017,86.30486,180.58253,175.86208,16.215034,180.08519,70.465614,2.6669326,159.88882,57.70441,96.82336,62.879204,152.31943,36.073975,29.680193,5.107511,78.832016,182.10732,178.31555,217.04199,137.46591,63.14565,196.62607,270.52136,271.55368,0.5195124,34.05892,286.35132,397.68298,188.517,257.94586,84.54958,234.26279,272.1667,257.72665,183.96649,280.8461,259.65564,36.02544,152.69563,49.02031,324.36807,27.9025,293.0017,58.372517,172.05704,423.5819,114.53484,86.897446,64.81246,341.19556,88.77751,289.59735,140.75226,256.26175,13.7856245,241.17557,89.7261,44.529873,63.202724,227.76167,219.5847,139.5099,394.84958,97.81862,42.843307,28.811771,86.46847,117.18812,21.199627,122.30722,289.9392,352.1772,439.02838,293.41428,10.284616,19.711576,90.233246,33.634743,355.52817,88.52917,80.56804,64.47287,25.835587,139.87904,304.10773,22.312513,210.69011,72.93637,259.02774,190.94696,136.76588,199.63283,256.918,292.37585,66.76516,102.33456,236.45576,189.85216,143.36441,111.065125,143.19286,244.72743,85.126884,62.90723,188.84091,246.70967,158.33725,231.62338,483.4239,151.5884,257.34332,100.0791,68.413345,15.293239,9.925892,305.14023,278.85327,105.3055,199.58441,221.29694,117.07079,69.76453,63.58913,266.7626,282.723,140.99245,198.06827,250.07137,373.5847,85.62727,67.380516,81.88574,153.10712,70.469765,19.31024,152.24725,83.516045,105.276436,53.936096,357.16165,0.022149876,111.31236,273.3438,175.90034,21.002146,77.189896,100.480515,67.91974,75.276596,333.35828,355.42673,113.61075,15.263057,9.056852,54.38205,179.59549,47.71315,180.23941,8.3523655,186.13976,16.045904,207.52667,73.92262,194.90465,111.50181,60.590073,138.75726,41.95038,32.700768,1.1487484,116.381836,72.936584,125.68397,96.02807,299.93533,303.8137,154.15314,220.59036,176.07741,46.41902,99.30028,117.855934,23.841719,62.070152,54.756176,224.2296,17.880201,226.04012,92.80148,17.522606,91.338066,106.257645,136.96466,266.90222,227.53555,116.0639,102.922485,48.374557,60.66026,65.12865,98.530655,137.37161,33.07069,27.741053,172.48906,83.72932,91.565186,183.89124,163.71252,243.10902,126.55148,286.8417,124.36333,229.92235,171.02713,350.59155,56.948757,333.6476,87.360435,18.326944,282.51633,5.077156,22.497803,376.748,186.72055,201.01141,284.35077,130.47385,91.57866,113.97285,206.72806,65.29674,58.71927,89.54634,276.0984,128.89978,79.62471,170.3928,309.97723,187.14401,69.06172,280.70288,215.3739,107.11749,178.7004,419.1056,340.4468,273.11566,201.87389,196.07755,93.75659,323.94244,207.92323,42.102413,1.7249212,109.14521,70.393135,37.584686,34.093964,133.36288,216.32915,4.5844817,0.6065686,107.267914,137.97182,100.51313,81.89067,337.77902,248.56737,214.89166,34.348648,245.65837,331.06247,395.18805,266.45337,113.3647,223.80771,250.50966,345.68356,153.10866,88.49765,68.95711,541.7752,285.36523,23.078182,255.90123,345.98,90.643105,94.94581,127.02474,91.52762,68.75528,154.07509,418.13312,56.91182,162.5962
SPOT_137,381.3924,248.01091,110.133484,744.6664,61.159584,207.57797,40.757935,59.738804,104.418495,56.735207,29.051445,294.6331,48.551315,75.2108,53.134277,619.08685,183.35454,250.08163,204.16183,129.29527,125.10253,53.97592,5.260319,207.68419,31.798157,465.0281,101.54026,154.79028,86.97214,166.03441,42.930256,251.28787,91.19664,45.507404,50.2216,248.71387,460.95587,168.90628,71.885994,78.08293,7.8278203,174.16525,268.3281,63.550148,120.792786,97.479004,130.57712,181.7539,157.45361,125.4714,309.50482,117.62674,14.5678425,241.25838,29.394503,181.6373,32.212788,183.8689,65.70432,52.4413,57.021885,262.0879,76.51995,77.949776,103.579346,2.7404327,194.97025,50.643543,90.78297,146.67764,108.60745,28.93841,67.102776,193.75906,181.20886,27.416044,49.449512,148.07228,187.4876,29.202478,365.07877,140.3664,126.724205,48.186855,76.845474,40.434315,210.30739,271.02606,275.86478,402.57812,157.42807,262.6976,225.50092,67.83988,50.94067,102.425095,148.57208,67.72575,157.89922,217.38023,133.69478,91.1425,180.9374,158.61322,67.78645,160.89838,31.23463,82.55429,125.1793,28.401546,218.54103,167.26067,194.67679,228.07594,45.413376,67.05042,64.0003,15.269836,292.9249,177.58203,49.921104,43.462673,396.3879,231.55962,37.895267,247.15257,244.14029,209.16797,72.326836,30.314674,206.18433,80.25322,205.45432,274.239,80.66697,116.07812,17.115627,158.45015,0.71409607,148.3427,237.62837,17.737047,63.262753,32.000423,132.59526,74.745384,35.333954,143.06308,427.84186,181.3126,63.59106,10.223377,184.60751,60.719524,241.65929,371.96805,48.232372,32.90639,350.13654,148.31584,232.99362,106.65477,356.21735,66.796326,78.58908,6.4029293,6.8868117,109.28965,128.31705,55.513206,353.0357,163.3816,86.79703,5.192364,263.36765,77.75068,231.84084,195.7036,204.34575,295.3046,228.29903,93.88597,166.02971,149.62733,30.259834,5.3137546,182.46826,294.91724,226.45631,453.59344,236.81721,83.15191,13.332293,29.862848,353.48978,182.14328,74.31028,186.38878,62.23541,121.574715,87.414925,12.159587,151.71405,227.30223,9.801998,201.69012,173.27792,96.299286,188.89781,86.69741,87.52165,145.85822,16.71922,59.419857,35.093914,20.122606,118.78844,135.29997,181.64087,233.75304,141.33649,159.01112,61.048542,320.98355,107.50927,8.731454,75.128876,43.556404,240.0532,31.183344,228.15927,63.001087,62.767868,138.5837,7.153965,127.078384,215.23367,19.404026,95.45696,223.61386,205.0534,151.37123,90.95166,290.0868,51.458366,199.79292,196.27995,24.27214,64.36379,39.829247,194.23273,198.25475,62.769566,94.85373,319.17023,216.20778,123.26583,242.04318,110.292755,257.1732,44.194813,298.1759,107.62513,298.4986,69.43204,241.2644,28.707436,22.315666,330.6893,129.85234,42.357964,76.299644,101.67218,19.419104,215.21193,29.133656,157.4138,174.03888,13.251257,145.35956,257.8934,215.74588,211.51794,25.627031,10.397489,173.98965,104.66892,110.47583,49.818443,298.5118,196.1415,2.9565258,36.375496,164.58092,150.79366,103.514565,108.80414,106.952194,56.876568,191.00171
SPOT_138,460.53052,130.92653,245.7506,19.603067,30.155369,147.45663,32.12169,86.689384,100.81931,410.3094,107.61732,278.76245,125.8409,147.60211,149.71727,951.9702,363.54996,53.282413,46.383343,177.87888,584.63855,235.6047,2.8588753,149.87378,60.8397,879.83014,72.26452,54.036312,193.19536,27.705717,543.2757,44.597584,228.41452,251.41794,291.2945,200.9202,901.2261,244.02374,311.8943,77.84132,188.7739,142.53656,268.0306,48.242924,56.166286,86.828026,70.56452,273.72714,23.71815,57.283745,138.22403,223.29489,430.61877,165.44254,35.539394,71.719124,411.9119,88.51226,166.85202,212.72986,23.427692,33.549,273.40784,140.0199,152.26192,130.35805,70.13757,208.65933,265.22055,387.3111,127.56659,25.237175,72.03632,32.82222,167.37819,8.258222,236.85437,92.93372,133.45494,79.69619,330.70038,183.86433,22.343351,345.8696,82.72576,30.453917,88.14056,107.895836,87.07664,12.980605,78.58194,320.93872,117.0306,110.68554,116.280556,240.52208,225.99648,162.03377,134.17496,126.23059,27.371092,112.188614,31.414865,156.99545,141.19298,170.65144,179.56296,93.641235,130.01399,40.522026,156.41786,143.42177,341.84497,131.9267,307.29654,11.14725,251.93271,255.73795,25.670473,123.93727,92.28165,74.72235,206.94725,81.671555,215.50146,120.030106,423.475,239.87648,388.59955,212.32214,104.9269,267.9178,224.91127,91.64899,355.8471,344.38635,283.62338,53.23883,154.26859,24.651056,239.59094,98.24731,156.107,94.248825,92.67459,66.81199,91.96533,295.65375,380.8396,82.08228,15.943318,236.92451,210.08961,158.72597,284.28128,217.47157,64.47624,160.86642,120.93769,104.76581,452.09497,22.58517,117.91126,136.24936,82.29476,266.29208,189.44641,383.0211,30.471758,152.56042,357.04416,4.083559,382.1999,98.42779,196.66382,177.28003,111.19009,265.06717,33.665714,147.44678,7.695748,106.13768,191.83588,221.48712,6.5352993,102.3418,151.57693,170.40253,73.58987,7.9044304,267.79013,95.852936,72.160576,242.67632,176.93906,74.336624,5.7723317,8.658567,313.4187,301.01004,417.20792,212.08943,58.64274,70.421906,122.91211,57.46198,386.97183,116.33188,41.76101,136.21791,107.30045,72.484924,197.0794,47.450172,9.761831,72.566986,413.83716,27.777187,8.508892,341.5575,4.8273697,168.4055,76.625946,233.67139,170.01776,90.898056,151.26578,124.849106,389.54697,105.18564,254.481,208.01613,8.903954,331.067,26.380466,4.01698,0.9870548,229.17343,137.07253,108.971664,18.842278,317.2562,78.699615,311.36353,342.39706,181.99968,112.6875,61.100163,61.576485,226.86809,40.525738,162.66556,47.138626,166.22432,188.57254,130.48428,35.95469,123.09343,43.60046,126.72277,125.24518,302.80536,261.70776,90.49793,290.2542,279.06708,14.909609,165.46907,141.6723,1.1550856,636.5757,526.97614,250.54063,162.93394,257.93402,314.73584,251.41435,460.10193,57.412174,217.64236,69.33599,266.1435,30.653763,69.4123,36.86138,73.31041,153.91466,206.08409,27.754211,273.53787,28.12693,88.16658,244.2438,237.67615,111.61958,137.74516,317.58926,18.479153,0.5914322,45.404537
SPOT_139,761.2478,385.95087,12.597592,1653.7218,289.45294,50.90437,121.15577,147.05833,118.83822,93.32904,277.9426,313.65054,58.282257,75.170105,245.01414,144.65904,32.65591,30.175573,166.72446,43.242645,56.36499,176.7138,232.70517,20.513687,228.93175,119.48529,197.11441,165.11026,0.6923069,101.81274,264.00507,212.24966,144.85541,141.29198,23.447504,234.86328,211.71082,381.48694,169.59447,203.1886,251.09534,219.756,293.28403,38.537376,153.68794,6.1447344,249.35236,84.542305,151.46747,61.54718,143.70865,272.48117,76.09387,126.46127,15.547169,85.74829,50.844833,33.265297,84.96093,221.3656,339.48743,133.45697,92.980125,204.47717,19.82567,26.411753,298.63788,41.87142,233.90453,52.282486,333.37927,320.41788,86.79045,481.12106,10.452505,183.77866,260.21103,132.95242,52.301197,98.123184,452.94763,13.568165,172.98656,77.28341,192.677,163.09007,109.89246,139.9151,148.4611,133.1897,7.4062696,221.2366,168.28656,1.7546484,20.052452,210.84712,173.96555,43.397125,88.61995,19.701479,70.61281,230.11673,227.53088,77.00964,154.54729,61.412254,268.95535,74.85317,173.67836,141.03091,112.462555,134.06319,65.31578,52.46338,145.74303,56.140373,153.84445,285.59064,87.98331,141.26237,24.165941,4.913,62.98515,42.03898,167.13498,157.25522,1.1090112,289.70178,41.067394,110.855965,538.27313,28.046558,186.62001,19.406698,127.465935,1.529103,82.14674,131.68826,230.90305,166.63779,131.53477,50.092506,364.3678,84.97511,162.85988,25.898829,277.42444,16.559818,23.637074,433.74908,291.23257,58.625004,46.668972,96.24185,9.120168,65.516396,205.98886,25.59268,343.6771,42.776493,260.1122,271.07758,63.13469,382.30765,1.4304205,83.91143,69.025635,108.33626,385.95056,223.4806,226.1656,158.21623,16.441101,29.212778,184.97137,232.31393,129.44691,78.70964,239.02225,32.07721,224.7187,170.44795,134.88434,194.53792,162.34398,1.6155493,174.89522,53.673416,111.34355,205.94434,138.80675,274.5298,63.992786,229.15591,146.27827,182.69095,47.250095,316.1182,404.176,185.66325,296.38852,432.58115,11.011902,163.197,90.1818,130.24673,267.47742,167.36238,334.54773,120.610054,148.53828,468.52814,34.149673,30.507421,100.75176,51.18327,241.06195,72.72134,5.588826,259.64,42.405033,181.36435,62.29152,299.5618,176.37978,156.81114,321.14316,246.73633,96.41618,276.83817,113.02,161.33208,138.80276,283.8214,27.475882,118.41548,134.6237,95.7308,95.871506,292.87625,17.67215,76.23843,312.36563,255.15485,8.587321,259.3769,216.49107,109.52456,253.6719,57.532803,59.077236,16.92279,151.10368,109.619675,71.64887,224.67018,63.184772,168.00105,179.03246,245.98448,68.921364,224.18422,41.79045,6.138855,1.8959746,97.46254,51.46487,103.569466,158.59071,216.5193,237.9824,161.27176,98.62019,29.65733,85.74801,244.36276,133.7231,10.611239,314.13086,176.35486,144.9859,406.8627,19.23489,249.02965,109.91712,283.31348,107.69631,21.10035,16.729488,43.419823,138.1397,293.82654,331.68494,299.98273,120.43459,61.600048,40.661716,117.9419,24.31225,164.48299
SPOT_140,266.32608,156.24756,44.370113,16.534456,40.93596,160.59589,30.828732,82.407104,124.5253,190.4956,18.108582,111.270615,201.7044,250.94658,289.15268,237.28583,202.86517,72.66561,337.92944,291.91653,681.6843,125.87417,96.64063,20.0144,3.2057507,185.48567,375.12372,237.33759,17.7678,90.77048,84.241165,129.80139,37.478157,29.771845,127.98182,38.510334,741.61456,65.221535,48.710617,327.7795,35.578133,96.739876,62.2362,153.90947,217.14905,212.42236,151.76663,1.1843256,78.79807,145.87463,1.834146,217.53114,53.904476,180.3999,106.772644,10.67469,101.75239,40.18409,187.95155,242.49251,233.31285,200.8682,402.71118,94.6059,177.07632,116.47737,90.66723,37.71173,72.44087,236.12831,31.079048,150.54895,233.73428,32.24374,26.721111,54.236835,89.37458,72.47866,67.03792,190.96033,100.909874,283.22552,11.957146,57.917614,37.523888,212.09703,26.765467,15.775882,352.97516,242.00615,64.22762,11.062035,45.10961,171.60527,119.50549,73.45633,89.23329,153.4394,320.1857,216.28168,98.619995,113.806656,263.45877,157.37196,2.5148509,134.47295,153.31267,250.20427,55.55766,47.56961,57.632023,70.23551,304.72006,305.96518,152.07733,75.34506,4.317312,127.982506,155.76514,193.77426,86.66177,311.40375,299.5862,206.51219,194.87276,114.483795,147.64857,58.05386,71.7956,184.45163,46.628754,387.98453,89.21289,233.41937,159.36115,276.59937,177.74924,39.38654,228.82477,264.76083,50.113434,241.74294,157.68988,160.52385,193.0094,278.60532,0.28059664,224.93762,237.02228,77.8802,181.66151,202.12761,120.12655,41.473717,67.9952,188.59084,335.2098,337.94333,9.756699,35.263348,314.45276,238.34328,133.28575,17.721935,59.046894,261.76642,192.9849,281.345,11.849695,485.47034,54.345894,5.9223404,39.486717,359.798,5.275552,149.87738,39.786217,91.14049,71.99895,252.71518,394.3026,204.04865,68.75646,133.75111,22.8233,490.10147,34.65841,222.14645,251.05345,39.69081,343.32507,156.60533,43.481567,102.25508,75.23091,269.83224,181.37376,143.88315,90.05379,173.14386,395.71252,280.73965,373.27402,394.2953,114.21376,159.14363,364.70422,25.392776,149.97923,111.72263,108.761955,149.3925,354.57727,140.9715,94.40528,95.427795,4.352984,32.553814,42.664978,124.225746,146.69684,485.5906,37.006927,23.524958,350.04407,329.2285,348.1661,16.822819,95.43176,201.53743,228.43831,61.528244,50.03699,112.04938,47.88291,91.83741,241.11224,481.28455,269.0325,64.67239,90.37417,101.911476,288.66177,60.87254,173.68513,204.09323,73.14788,199.57704,127.003265,330.886,124.876724,160.38028,5.411475,122.45391,13.4844,204.19655,46.92731,182.09766,129.74844,220.98988,61.206062,242.3604,73.678406,363.00668,81.4909,51.472336,188.39456,55.143665,0.76888454,228.4619,187.33247,64.32072,100.03658,3.810339,89.64751,205.01852,341.74176,13.07529,56.80008,381.87903,40.011585,457.8296,254.93741,42.684998,246.60345,21.982191,22.843428,82.44575,9.699949,73.67348,19.8672,136.0426,259.7079,199.57489,38.225475,214.67613,150.2901,131.08763,23.720467,31.575928
SPOT_141,199.21088,74.43116,178.40617,186.35576,204.04073,250.55736,13.443246,305.6532,1411.2053,306.25815,11.117717,331.48892,66.490906,256.07263,24.069407,180.19832,58.630653,340.8293,29.132355,291.40826,13.986923,137.62833,293.1626,179.30727,941.98804,89.40837,83.838615,253.99294,59.327583,51.255608,740.80804,312.76144,78.39196,20.632755,248.06003,342.14075,168.13228,126.32365,201.17494,187.22868,105.61347,181.86848,44.878906,304.34805,97.427925,104.174904,33.222397,34.840424,143.23338,30.001806,140.55354,210.2358,68.16496,34.82125,216.3573,5.467114,17.524948,100.28389,268.42117,424.113,92.01069,3.66884,33.0502,59.278038,10.053901,86.13833,143.10704,24.304901,63.13696,171.67516,90.69689,64.606094,143.81369,213.85454,146.18031,24.367842,13.667678,250.90622,66.08323,160.03778,118.26371,176.40453,142.35023,139.99413,539.5236,102.035995,169.19658,165.00359,339.3771,271.2655,60.114002,199.66327,17.575256,76.67456,136.004,48.172306,59.215004,284.60483,131.15611,138.83551,187.94313,102.33793,162.42738,220.94571,48.375206,84.51051,154.0488,243.19066,49.998875,162.78252,91.87047,14.516401,469.7901,347.49335,1.691234,34.150826,126.050156,10.355189,228.87764,228.1056,43.325935,123.34429,180.6747,266.5652,171.73132,301.72668,157.17212,229.89859,97.0436,41.220818,27.68924,4.6970644,214.96313,187.60844,347.43628,127.892136,70.37347,183.31834,99.72203,354.17633,154.36592,429.95816,46.637135,283.26422,103.17216,142.47795,321.21967,112.93835,428.47903,28.944492,40.794697,260.0693,26.753069,44.495285,435.83377,312.78668,70.357346,19.327698,163.3221,212.663,99.24814,99.600395,7.9247093,80.39368,44.874683,113.49778,237.74442,230.06607,87.099525,10.391844,108.13964,51.73294,41.236908,132.33037,162.2216,77.852036,107.24312,66.50036,43.252083,10.631721,96.160194,229.63635,364.84558,214.19986,23.647284,74.867134,156.16182,227.20035,63.01426,32.313168,51.44251,313.5061,67.16322,267.6289,56.75027,33.50574,57.06562,194.8971,221.58168,77.74993,64.556435,41.7986,72.31881,139.09055,205.69975,101.73932,216.43295,200.7619,190.1856,370.6911,206.48328,146.71577,156.26747,83.846565,305.7677,378.04507,3.9579904,280.9442,273.84985,226.8261,149.40201,57.12564,207.35353,361.95956,178.16183,201.78093,164.29015,125.25339,167.17152,109.74752,116.314735,101.32775,55.91651,27.693153,374.5591,50.682243,44.47656,27.001286,32.931614,142.29042,264.46393,44.40037,154.22133,355.48343,21.565706,306.815,335.20935,202.71378,288.24167,258.16455,476.09784,186.64862,143.21666,88.60746,93.75231,22.131212,88.18177,214.11911,157.39876,52.875557,205.97409,103.55583,145.7942,237.8302,575.8016,23.971516,109.80157,158.71269,179.79305,127.35272,177.72299,161.41249,244.59253,383.29214,397.69336,442.99603,11.384423,274.41763,31.966404,25.96978,55.200714,115.21272,224.4005,68.359474,54.860718,348.03464,233.5209,191.29633,378.31973,158.2201,18.872953,151.53162,274.7029,114.72145,420.87073,8.776678,40.34302,101.11046,55.94229,45.8791
SPOT_142,359.309,44.52671,177.16937,151.15588,265.07245,123.08924,280.1428,288.99454,4.5098195,110.96791,122.04858,302.43066,202.53091,296.2352,89.4546,180.01477,209.69879,112.681114,67.1463,30.24097,75.00327,196.11087,336.57867,146.57439,147.88545,346.79355,36.91058,214.02054,104.09086,110.69137,38.615025,250.96187,62.070175,62.83505,103.57976,17.412271,158.74083,157.21397,86.57341,239.1189,105.02607,128.47223,262.10123,373.5788,72.02401,216.01924,60.511307,42.723736,72.39655,198.38264,89.6942,93.83766,73.76041,112.819336,215.79884,137.49286,105.77072,56.016556,41.458645,73.773,303.05182,113.51444,30.795471,346.8151,54.89959,238.13219,164.92772,352.05475,160.65079,13.511019,43.952717,74.658966,58.482677,90.89827,6.2286353,19.840752,49.496494,36.173203,78.05875,140.08002,108.51723,5.836624,215.1186,14.876819,29.011076,12.346468,29.721113,165.09601,337.25302,50.664803,150.12645,180.17252,193.1531,296.36206,100.581894,307.08286,64.06857,54.445957,45.41145,215.34177,260.12878,237.21475,88.20657,127.509285,110.560234,303.0702,5.6093407,239.18701,84.613754,234.22139,213.88737,16.830067,146.17355,75.882256,106.38677,65.30632,521.1479,180.10898,37.41203,29.69905,5.233948,16.087431,217.38019,63.742,419.8727,350.58774,343.1783,172.46567,281.5774,256.2192,50.03983,69.16996,357.5088,131.32137,74.934395,111.11819,170.93098,32.131596,37.927452,145.96323,79.76056,217.16902,150.80212,331.75723,177.75592,109.087685,54.513405,108.80886,360.083,536.85754,47.539543,180.84473,307.97913,94.68778,214.24745,0.7890376,162.19635,34.273373,47.32819,147.78279,344.30356,100.4114,15.7917,178.32338,27.938438,28.151886,208.52135,255.55467,141.83739,188.41759,126.870514,171.88774,78.62713,3.6036463,359.854,345.896,111.52454,108.54914,137.1524,174.1639,61.06713,295.47202,262.31992,486.1312,61.43118,115.07313,235.95451,197.30463,106.09999,217.57822,574.7413,130.10867,162.36961,210.23877,81.1421,61.959763,18.166645,79.97467,244.65683,137.56699,129.7555,66.64295,34.08999,128.73029,93.58291,76.16928,102.094406,281.5981,61.070065,55.560036,158.14749,131.11685,31.908672,423.74222,87.20679,53.49971,19.49139,210.94221,221.55267,56.69735,59.783344,191.55933,140.22021,168.37164,99.70372,22.578821,104.57019,142.61946,9.024354,181.80122,161.11372,127.33479,87.52317,85.60153,201.75706,312.46246,78.08207,151.4331,16.252481,130.01251,6.6706243,136.3671,92.56692,170.23206,80.40416,69.684395,136.85716,157.66008,140.08926,276.8388,50.0196,166.38943,284.5617,12.389774,203.10043,20.962458,273.80417,240.091,32.888256,66.193146,62.880478,24.273888,211.23064,244.50679,408.86908,3.8075352,366.99927,358.29324,33.149315,38.55733,27.371923,226.22423,159.91252,350.32556,96.170944,120.21018,401.56433,44.187614,213.48227,14.957912,65.31121,193.32288,160.3129,50.66278,9.768882,105.55312,51.930298,26.100021,148.35455,200.20416,28.412552,173.14479,142.9994,23.317154,116.75017,177.43898,205.41566,302.19717,26.904364,164.37892
SPOT_143,254.14568,50.94509,234.42496,281.6321,409.5568,36.45698,147.40828,63.350773,1297.6888,594.4035,466.50772,112.10853,83.34374,35.71876,72.42115,153.63887,31.195393,124.46553,3.7686508,316.1231,59.95264,223.24242,92.580986,47.275375,428.9301,269.59637,220.96597,201.46812,207.33342,303.48004,517.405,676.21704,4.398231,32.309586,63.01245,213.61226,265.03308,154.79292,91.246956,19.642582,265.04642,278.80093,77.70342,148.61343,33.840633,370.69128,250.10703,143.53369,34.38249,29.554932,121.21493,418.73737,158.49435,53.310158,220.87817,29.613424,139.19618,20.73314,94.10139,99.65624,177.85036,156.23346,78.40142,382.04333,81.85571,10.2824545,99.4489,78.66922,232.2811,21.976927,96.12091,64.83983,179.68178,9.16326,563.83826,334.1596,179.76703,11.869981,56.51741,25.5648,164.93564,23.278042,128.2016,208.16711,222.12581,34.074696,267.49854,184.69318,134.06198,122.29046,337.78113,130.08429,149.35878,227.22585,99.01561,278.42627,105.82874,24.013412,61.70218,72.75431,130.08711,219.38159,114.61695,118.36069,78.12813,30.04576,201.08124,107.96474,229.73036,80.632774,188.58052,104.79587,285.41232,79.3252,33.85003,106.63344,93.73433,366.3879,229.75352,64.78577,358.32144,3.950354,236.31792,190.25194,116.57498,421.2512,66.53654,160.85245,107.83818,90.4169,363.92633,322.7763,414.60672,106.41795,133.79367,116.439575,241.8744,259.4221,185.52463,254.47542,32.635914,29.23129,129.4773,2.1506622,141.547,12.737879,110.11901,246.21571,4.6784787,207.02208,253.99571,31.147133,17.844324,246.24617,18.167107,206.0149,19.195799,7.199743,198.8493,224.87086,176.0633,310.10742,19.028254,29.91447,184.07547,60.7257,431.69806,178.86102,240.64278,2.10966,79.46755,115.31854,8.448759,160.85295,5.6378,253.78105,276.12015,274.47678,10.052534,86.079216,6.065554,202.558,191.76541,467.1374,55.05287,426.24225,3.4322865,95.220665,150.64557,152.86601,116.5115,1.7108366,167.82622,13.26994,172.75146,158.0178,115.18857,10.167524,8.517552,63.07341,139.2133,120.765205,24.01827,36.482094,133.73572,97.47346,55.1946,209.82741,155.54482,380.023,282.5225,126.35742,207.37613,180.93008,45.48835,245.36818,277.13782,86.71394,53.180077,371.9788,229.16055,147.39983,135.68178,139.63191,30.17749,121.74746,171.03612,194.66516,127.18577,205.83484,61.6759,62.546158,37.014866,653.677,328.89236,43.28516,153.93614,162.83641,131.9528,269.29865,46.002335,47.313366,84.37301,181.49066,278.57394,130.68935,274.70856,138.76373,250.50287,30.58001,66.37572,112.45243,106.04154,3.8309696,162.2559,483.1304,52.67425,59.588375,79.22505,95.93108,76.62401,267.8819,133.01595,74.23737,161.2537,38.545666,16.899107,172.24292,24.722904,373.8975,270.699,175.58559,38.785816,237.2001,91.95828,78.56746,31.350796,157.88382,356.91022,4.4157863,158.58752,1.5937936,179.50826,378.117,126.85419,93.92326,95.37939,93.36201,105.6897,13.3292675,8.873348,439.2921,58.426823,400.53732,138.62022,100.70374,208.68208,107.71168,162.85583,160.20082
SPOT_144,17.875072,188.30957,278.62183,21.935928,157.64345,186.05763,28.574976,352.45624,37.63956,105.36984,46.814285,154.8304,345.6161,111.75419,52.10282,227.48657,39.501766,980.0823,126.67614,68.07029,1075.4446,45.534584,127.77641,113.09852,227.62807,4.8508306,22.41655,18.093979,232.45276,45.094788,98.309845,278.16953,183.90042,48.30092,44.05081,402.12262,40.49767,187.76643,63.26251,282.1438,158.73868,103.04174,234.7941,668.7049,1345.0112,9.246473,17.834873,82.40527,164.37706,198.39186,368.58844,308.531,166.3533,180.7849,50.67391,226.05222,94.98068,27.693462,2.945261,57.422276,132.95642,154.86032,106.433624,395.37744,2.3653364,33.576427,178.43465,43.03918,100.21294,89.153465,169.09172,222.08665,292.85846,233.31403,137.24167,31.030613,185.16847,43.527744,124.71619,134.50273,61.16289,61.673744,124.000916,180.30482,341.1579,37.387264,232.93393,184.0143,177.47765,197.98647,205.585,104.458,199.94113,183.27773,116.02893,139.97589,176.46762,348.94244,85.04845,224.32169,94.19389,82.56779,230.65152,90.23026,14.151492,78.87122,176.87523,185.45422,55.571102,4.750012,137.25298,43.57142,37.738598,137.83553,66.97937,259.12628,152.55846,121.88538,12.03958,112.772484,175.05031,341.7699,61.04982,610.9046,233.70206,185.7629,163.7104,285.88553,370.94385,49.196964,73.97468,24.528534,272.45087,250.67383,40.926525,165.49161,146.4361,7.705472,250.616,42.026096,20.466032,125.46774,10.961159,9.047082,141.71255,528.0126,85.21432,131.264,343.57028,241.70757,110.01143,4.1692863,323.0517,163.658,135.40585,8.98347,88.83259,82.669975,365.11728,22.867685,141.24338,70.20302,72.88048,60.726166,103.90748,293.04572,9.097247,13.967087,116.30344,230.36037,103.42403,24.267305,64.92803,311.94516,207.80511,89.38729,81.426254,53.812912,118.959274,240.58344,123.229805,80.57599,119.72639,72.319695,31.076046,176.38658,49.970036,110.26077,6.90962,256.5691,130.57605,7.365912,57.85646,315.84946,119.06228,48.991062,73.767006,71.604614,405.92813,44.40109,57.97333,33.960884,236.31454,33.801193,306.73517,119.158195,221.57411,182.40236,127.58393,344.1579,319.68875,59.84953,370.737,308.3954,168.40173,124.439896,224.0794,391.38614,15.931477,218.86964,59.133835,278.70276,322.52438,92.3272,287.03152,217.20326,28.809895,145.0636,118.43505,301.66653,176.88058,161.11108,212.47833,45.76661,9.400946,3.8846667,161.58336,70.734886,10.568547,7.3647733,15.392181,10.404724,121.88064,216.55272,25.609888,89.87404,94.51871,12.956882,2.6846008,177.20526,252.83011,318.46484,393.2963,261.14322,36.15066,94.32784,264.89456,107.908134,29.46187,35.08525,260.20752,13.214556,57.537724,63.02048,58.95678,34.597244,19.251442,112.761826,164.32718,91.18388,64.14106,193.76703,20.457033,98.221954,90.95152,247.28813,98.0329,136.38615,36.108574,69.0877,1.1937113,233.63223,30.92757,235.63936,21.59397,254.2369,26.413267,268.255,57.18818,64.10131,327.03403,289.68616,15.3716,218.04416,71.59364,256.9039,95.00878,65.04889,168.75533,160.79446
SPOT_145,169.12202,303.0354,100.47259,56.605644,100.72144,177.89503,157.37828,205.23105,1715.5552,41.174206,224.1795,409.8468,173.03185,162.35313,115.227585,264.60413,261.46494,11.418575,135.55011,8.019217,26.143948,203.19466,40.40913,323.05774,74.239456,237.6077,140.02727,20.204664,36.368076,97.2576,826.6591,618.9137,276.30612,280.44162,162.78441,37.41356,8.068554,37.270905,361.81546,10.086988,52.792294,370.45044,11.446414,310.73724,379.26218,209.13843,120.23495,105.118515,319.31827,106.347466,176.08543,402.7005,281.65692,72.69721,156.34131,61.0932,118.7012,76.912766,85.28578,22.383656,248.11159,317.32758,51.57664,57.26548,203.01546,94.73315,7.6949124,117.0453,170.21494,241.8438,108.588974,53.14758,33.995296,419.25256,177.38365,12.876492,27.096087,107.68308,213.69574,307.4604,86.12983,228.39374,22.560946,228.68793,80.44923,146.6076,64.21838,118.467064,80.22292,107.91694,82.90568,202.47217,96.87636,21.664665,133.02577,76.981155,101.39164,209.8863,91.158844,580.12714,255.5242,49.041595,32.721573,99.95758,299.0286,37.889946,258.98746,308.18192,20.239498,24.200167,165.05475,272.59863,353.356,136.67941,65.29465,124.518814,23.460114,191.5177,108.912865,92.38142,176.26476,249.60503,96.523895,432.25464,343.12088,53.602654,85.70676,337.84866,135.48247,359.27936,30.679289,103.40143,37.884632,103.74456,308.25388,178.38486,94.10259,268.5999,53.18013,31.421843,215.21532,183.01161,87.05313,15.610883,340.65088,130.55414,137.71115,302.94708,98.23084,26.040667,773.1704,343.4885,131.00185,140.7677,133.60468,4.982078,7.7825727,30.500265,66.960815,146.76631,199.09975,172.73094,214.98708,143.30055,8.769243,64.01362,141.921,174.85594,65.240746,41.32653,296.80118,0.90000695,106.20843,57.645836,31.173553,29.985798,237.95221,16.241455,63.480446,132.67003,76.05637,92.184845,59.72301,31.990273,76.92984,251.20515,185.26038,156.93687,180.7254,81.948204,383.2516,91.97822,69.16944,105.22486,154.38182,76.74423,2.992936,218.36008,174.19722,31.552845,40.19171,2.8996725,119.68688,220.06392,54.64618,44.637535,172.42906,108.88195,124.763306,204.9465,443.4788,100.03709,10.320626,45.387417,141.87627,74.042915,66.65693,261.4659,84.880615,24.494644,136.83817,46.627285,104.5106,302.9212,168.72281,260.61734,48.02231,111.08052,2.7804668,93.9579,407.70413,81.267365,397.87265,42.835796,63.094982,174.53352,42.062843,24.746677,46.773315,142.43794,14.884431,98.556786,323.81302,173.22827,61.476177,180.92323,1.1872804,61.873795,81.92412,159.08487,15.087922,195.0678,108.59803,135.57968,35.947685,215.26923,152.38193,70.03205,258.39154,273.20676,321.37552,5.7205477,98.97111,46.885647,146.90714,169.45575,162.21118,210.25108,16.803822,242.84467,228.49306,5.406094,134.15259,35.11904,45.58395,12.306762,271.32,161.5368,458.88278,141.63565,217.63574,174.2426,31.631271,148.9412,5.7404847,1.5616876,29.510094,266.4044,33.574963,199.65057,188.1295,29.392487,13.308213,68.00448,230.97191,169.39116,130.1385,49.723927,206.66742,106.43306
SPOT_146,204.49191,117.25301,75.73323,144.5092,374.74344,56.36014,255.6647,153.286,10.5997305,35.513634,94.73085,134.09454,469.66476,150.1336,388.46536,135.26161,307.34003,871.3077,212.86755,97.93945,303.5744,126.271576,336.3005,202.07599,75.660904,144.76784,329.37775,142.97978,212.87747,117.59102,270.65106,11.333811,90.581184,1.8270973,271.7176,250.98822,80.88344,40.05416,76.64311,261.08145,76.255585,249.60062,330.31787,1052.2249,2.966965,325.3086,40.388332,200.37463,223.09035,100.71743,39.649315,177.79166,37.520485,64.96114,59.399197,254.53198,96.712326,72.72286,126.38067,164.80975,142.45471,49.033688,428.52448,134.30862,171.49557,58.298145,75.60694,328.9844,74.55582,20.858229,83.58509,199.95398,171.85066,105.36749,101.246796,254.16289,64.812706,194.86705,37.283737,242.88475,162.87682,77.19837,155.43196,172.15097,51.813732,166.65845,281.7034,272.1783,136.64725,78.03394,12.390904,91.06156,88.461655,124.54947,172.1987,98.297554,56.858723,386.2366,217.20177,33.114445,29.156254,147.47987,113.92458,160.36453,359.56348,147.15393,287.8268,10.884114,207.13696,131.38814,299.57773,215.0541,150.59068,191.92242,16.968086,153.78801,104.14788,323.9742,212.59152,123.79106,20.634232,274.00723,94.36874,181.8203,117.22114,13.726483,12.503796,217.96269,137.84665,162.32489,63.242348,17.918644,19.428139,38.855484,119.56234,74.80542,132.8394,204.87004,74.72674,98.014984,170.40201,86.876656,111.388374,276.33087,127.699684,283.3688,26.729494,77.657166,206.80724,177.4343,339.9137,234.34334,15.770703,216.22926,119.21999,232.20572,146.9324,51.434505,28.717844,235.46315,54.37035,228.36925,98.15898,133.75148,328.0708,254.04462,67.07787,166.80875,39.014656,82.96787,0.86669105,25.353376,117.68158,151.16861,225.76823,42.058277,206.30328,137.56425,280.14072,381.02896,119.92943,132.05081,61.96144,228.78511,26.297466,212.057,228.47343,190.47139,305.14124,204.65706,19.66986,170.57745,264.8957,178.51617,279.40768,32.77089,111.885826,213.13554,245.43073,167.54816,110.260925,250.5549,61.55481,3.695619,130.59386,85.96434,159.3524,23.748539,163.66505,154.37097,38.40287,135.05423,223.31238,217.73834,172.38704,30.244112,451.4219,277.73267,2.644603,277.10696,324.72604,27.86964,242.77519,190.82005,77.993484,85.21014,125.367455,158.86322,28.783422,98.06784,170.04713,33.807625,457.02725,24.684952,298.05414,206.17043,334.7812,268.73523,193.3101,20.546265,66.397224,88.70237,247.55556,74.353775,285.48044,195.13058,316.82404,106.82745,226.62471,32.32501,407.55936,268.36926,78.53109,1.8098915,231.17047,13.126391,133.3059,55.634605,182.81017,243.2222,19.981686,12.136354,140.26895,134.7495,132.61922,41.767323,13.603626,0.48175293,23.326181,344.4811,84.4167,75.14892,260.41278,80.04436,138.16003,185.4451,44.358154,145.86763,121.386536,113.12871,36.791553,116.17574,182.37447,204.82436,23.171198,81.12679,238.42604,71.187675,62.74468,69.541824,183.32245,71.036606,202.48985,76.600075,138.99245,251.46967,133.68723,121.98112,59.447697,126.57631
SPOT_147,464.31128,67.01696,73.31943,707.1204,199.63335,107.263756,176.85127,110.283554,26.77023,212.6014,350.461,65.86502,106.17692,89.51564,147.5881,1006.15186,126.2969,34.765278,150.78175,32.791187,86.1119,133.67627,21.535595,8.328069,103.298416,144.31903,250.72433,250.86617,16.974327,295.32535,21.785229,342.3824,81.07091,0.46912158,11.763065,121.830696,125.193954,60.659325,164.69815,73.1463,108.81466,154.51428,121.294266,181.25937,102.43153,159.67516,44.40691,66.558075,191.5997,244.55476,85.28743,81.76968,272.1783,309.79193,84.95808,171.31322,184.29361,239.7414,25.454576,231.5809,55.37479,141.06175,34.282047,31.158344,114.72342,58.74098,72.70617,246.30942,29.251905,313.64578,224.29924,95.20813,151.69942,174.50713,64.0946,119.9885,26.832548,179.7185,15.019535,248.1355,28.805506,295.9887,314.48047,28.872896,1.0224389,121.69027,233.87524,140.53517,95.59077,29.06184,129.53702,116.64823,54.49163,91.00031,70.15292,122.652534,13.652574,334.2701,91.94979,44.161793,112.81562,92.18716,135.37473,139.35707,235.25537,52.90351,20.564985,141.34476,14.3103,27.298786,56.75974,91.63314,25.722454,328.04346,65.00096,97.24516,76.26222,253.99164,150.73515,73.48638,5.1593294,82.17597,90.58829,58.22811,67.370766,156.07649,9.557666,208.08125,19.837328,5.1115513,76.17006,86.6377,44.803307,7.5744596,91.47277,180.8742,76.853096,283.01913,27.78455,9.484421,136.79611,117.57351,103.296104,20.746487,73.95864,123.04701,124.73467,329.85318,82.30562,91.74715,120.126656,20.783108,11.567766,89.95342,101.84207,117.08613,124.613914,49.55634,9.940839,167.23865,124.79145,266.75388,31.101841,324.61206,328.1326,91.597534,23.038725,76.35196,319.6962,139.51726,127.249695,88.087715,122.2988,89.57382,78.06315,62.84649,30.691364,49.91803,256.88336,86.00197,168.77057,199.99136,130.78839,146.60783,288.06656,117.1796,61.119534,13.380074,44.40177,52.21862,122.81172,76.78093,292.47473,13.899926,144.24419,88.56696,326.59235,45.573807,28.93533,41.995674,139.73596,85.16633,186.99934,412.89813,104.4401,4.2279224,113.529755,103.61801,101.53007,185.51154,239.61122,29.38918,172.30585,127.514305,276.0364,307.2329,143.87315,149.46637,16.07571,115.312874,448.27,78.71292,170.56256,251.26282,60.021572,57.53915,141.16982,1.3275346,69.42329,54.355053,72.13376,149.22952,71.30715,61.047417,52.204865,20.609198,61.226173,157.8539,55.791443,17.59107,94.83493,249.45805,202.14626,36.50217,91.63325,328.87854,63.686317,36.587116,5.7376986,32.18871,135.5898,158.66377,198.22781,317.76086,43.23151,105.76449,32.4566,19.028442,100.23039,237.29713,139.87024,43.802296,15.1648,101.42881,128.73444,106.182335,61.58112,238.77167,193.28415,328.2311,142.16882,18.034271,35.371582,468.66818,1.7716652,227.73096,186.25818,15.109938,9.991948,94.10097,226.41179,30.960997,91.54445,167.81119,206.43637,45.493225,190.83113,77.44456,102.05557,180.22206,213.67322,31.619839,162.25323,204.99435,144.18039,189.3134,452.57492,97.29576,141.12888,357.58517
SPOT_148,159.87962,46.652298,257.80804,367.38522,155.72458,254.67369,278.0328,11.007402,49.978405,102.97865,30.809116,145.43349,89.044685,22.965055,608.5106,85.62594,173.86343,172.48843,244.33252,263.6159,212.23232,308.49448,14.327273,225.77649,459.76746,97.41976,185.94476,123.892525,190.05011,32.36204,14.346113,46.547935,284.6372,81.78552,103.79963,154.30136,66.343636,35.10058,114.94602,135.59238,67.1227,110.15476,167.89957,11.364596,15.272725,13.292945,95.39812,24.389952,5.592751,335.52863,8.053049,240.91455,254.53998,237.41438,52.414055,254.9112,32.59952,20.949097,135.0054,192.15454,5.2868047,50.085754,425.44247,8.469629,68.60804,181.17494,36.960335,75.13414,30.449696,50.220528,80.459526,31.303019,229.23888,96.17362,320.37283,192.10341,267.61395,45.498245,50.636963,96.83056,315.43018,197.39906,181.46095,175.97075,148.5648,58.372337,148.66788,262.4357,42.757996,24.119295,7.943797,192.03236,141.9087,2.9400752,335.40298,438.20535,40.560482,212.62494,95.19191,40.849594,373.76736,22.02705,129.59583,90.81853,435.9398,71.90839,219.60544,310.89658,327.4766,75.74832,46.930927,177.45116,18.256329,7.610044,29.348217,90.44843,42.627396,68.485725,200.19809,296.93967,125.993965,188.22644,115.63182,21.795406,74.03778,95.22973,170.12193,293.61487,75.21345,129.4933,228.94844,246.69238,251.96384,56.58451,108.752235,155.5569,205.5382,38.0962,17.511553,47.335945,173.5716,30.09533,282.09195,215.05754,5.243109,89.9966,174.21788,110.03658,241.06235,114.21312,7.8041735,255.49573,123.779816,161.25487,27.595947,113.43004,173.59984,95.09174,202.70865,372.5653,255.36119,263.5658,125.86869,50.834225,108.56518,53.638203,8.50777,78.4881,281.03235,139.13214,211.60889,75.844315,419.07812,183.60547,64.15804,32.915035,102.12747,62.661343,107.82896,8.130209,204.42194,137.26996,366.59326,107.57747,286.7023,18.362709,56.7402,81.5857,288.45187,146.84453,326.08475,222.47522,73.01768,81.74756,272.72287,168.68388,172.92778,116.881226,47.19478,149.02666,100.59473,193.08804,45.53914,343.64386,129.67851,17.634338,152.25288,170.96,11.211764,119.52718,167.25598,205.53177,156.4313,51.886513,236.68398,130.38736,31.340357,205.92497,95.02474,7.2163806,80.75821,93.816696,66.4242,103.51385,172.20413,40.192265,142.895,111.83008,275.2121,101.455284,325.82492,113.98516,3.266832,258.26337,5.615371,84.47749,253.59456,327.36725,214.47435,20.985865,18.713972,128.34161,17.756723,14.41254,110.48453,244.19049,23.82551,88.20896,184.5932,367.64297,163.23761,71.94796,29.876528,290.13815,28.732353,308.18106,47.704754,221.0051,48.376923,241.94415,301.05154,161.93417,155.65094,89.90473,74.72959,75.1165,160.12259,116.3865,459.32922,71.43563,282.42065,168.33177,7.6075044,53.285633,124.30001,313.53192,36.03724,80.61736,45.51188,87.98948,86.17206,277.78357,164.2809,119.55117,242.72296,135.91458,87.91013,94.78623,206.3018,270.94754,171.2714,44.12222,43.84918,16.4655,102.36759,96.21868,143.17322,27.125767,17.525711,69.33269
SPOT_149,542.16,72.600685,124.84196,1326.9208,240.3358,13.51019,66.910484,95.23435,207.16656,45.077484,134.06668,102.29664,162.49924,15.352043,0.84895384,160.14717,182.00348,86.8194,213.68404,175.63878,1.8087512,115.7475,388.89563,134.10472,50.13406,201.60081,129.73721,402.2171,139.02579,143.21928,120.17909,218.05035,122.52601,80.317314,45.612644,130.49263,346.88162,67.476166,227.42967,17.06147,233.90732,210.61646,221.61551,51.78123,191.6931,136.11856,25.179033,105.26207,4.443705,11.924121,0.4793515,16.233068,22.911749,225.97029,361.95764,345.76587,63.13996,14.022845,239.27426,109.204025,96.3034,224.21356,29.65634,165.42279,226.88748,75.15436,101.12701,206.28897,127.40979,36.807243,57.169758,59.173565,57.650627,233.61824,313.81738,179.7615,45.810066,146.6887,135.54947,178.73595,114.615234,228.55428,122.02105,276.06613,209.16765,17.34167,219.55539,30.960926,117.84869,0.1438397,91.739265,6.476398,108.452805,172.45058,50.640938,153.40547,1.0353904,14.734015,64.00434,33.232914,222.9986,4.691249,112.95067,167.35065,59.577118,159.14653,21.594326,235.5658,403.9041,108.47592,208.96613,129.05797,170.12712,70.632645,22.423203,25.7975,65.41438,286.1441,20.063578,161.89671,175.8515,130.05676,19.632046,162.8328,38.05803,7.1604495,5.2216654,27.003271,147.20425,126.55696,187.0933,121.43759,166.38707,140.90944,88.54151,151.10686,295.48447,73.14097,146.70615,26.455297,72.75155,149.60066,198.70305,122.113754,318.08353,321.15903,271.2804,81.78832,60.215298,51.977615,96.21092,130.60995,39.65623,106.17235,122.746994,5.510604,39.809303,12.981358,200.54904,87.013176,229.21046,175.92564,41.943817,86.67057,158.36536,296.7549,133.04791,158.93063,36.580658,389.45886,56.077267,108.91924,416.34457,379.3564,68.03707,379.29782,49.34527,297.13864,343.27783,10.506694,17.347994,220.6068,27.092146,82.85109,151.12622,193.66852,276.61813,158.34393,114.08249,17.968014,169.12825,121.93289,8.891943,51.150562,193.19215,1.5108169,146.16997,108.527016,163.67052,146.02263,282.21185,54.75396,13.562513,154.8897,262.39975,62.36495,207.22661,147.12213,14.695868,387.10648,157.16946,143.20735,3.5960014,238.9106,120.03898,44.09963,500.46884,140.07825,209.45085,241.07504,229.86053,345.02292,73.86932,93.215614,169.70233,286.3862,130.42252,62.13723,112.06606,2.8434048,29.898935,11.544477,64.520164,82.537636,198.2306,87.0029,224.55669,90.08627,335.89792,67.784035,46.471424,117.903275,175.51942,81.82331,99.86823,188.39424,68.2879,0.8529897,138.1064,88.74869,62.944366,162.75542,11.330536,59.549213,77.031044,145.52483,109.13795,153.16508,109.570885,148.35445,131.84358,67.85928,135.42331,476.94354,156.32405,234.73282,55.604603,62.23291,151.04204,65.4265,442.98895,395.41245,90.12807,143.41579,227.08499,248.83601,114.87434,104.45722,117.539246,20.911425,257.16437,45.81457,168.5068,12.393882,126.92339,30.426609,186.55873,171.48611,58.607388,2.4889956,26.247498,1.3017993,0.394663,144.9249,51.49204,129.56284,7.5087523,110.322754,13.484444,189.3649
SPOT_150,604.67474,140.4959,215.89265,41.809994,446.912,138.11617,354.0321,296.7858,450.5224,107.62926,197.30844,233.59613,32.193848,62.7133,510.55414,257.46558,128.02826,63.16805,166.45728,73.72384,21.181429,135.68718,88.989105,19.497847,136.85768,832.83655,90.29575,74.07145,242.21654,93.785446,116.05528,62.195034,209.78519,123.19171,85.3709,182.61227,509.34445,108.267044,70.44964,258.49252,128.1301,181.70648,104.67834,51.21388,107.751045,77.01759,85.616936,57.479607,104.60641,356.1464,98.93236,120.35514,70.66362,274.18607,122.218895,147.44191,23.6669,263.68912,71.00787,104.814835,78.46059,483.79944,68.839035,110.19115,45.719013,201.52577,184.30649,109.05108,41.25271,322.8256,60.787395,218.75906,69.74606,99.55639,61.453316,128.95584,162.85052,224.47688,8.821283,241.64575,28.813274,164.61237,531.2154,445.52084,32.85939,52.830902,189.71208,143.75621,70.05901,139.3234,213.63274,47.80973,93.76344,71.90934,83.71308,5.702315,314.32513,110.64326,121.57371,105.02985,175.17447,14.678841,483.1968,140.69263,83.16948,94.41936,69.22493,267.0259,323.10648,48.40396,32.750854,36.692554,376.2269,53.910088,34.65591,323.84006,23.33792,304.48514,274.86118,34.507763,52.494965,147.9502,165.2944,40.546562,145.73701,200.46854,230.83553,352.48718,63.276302,335.7533,124.72245,38.86953,190.94745,103.200134,51.25385,441.6924,199.72928,153.963,100.015495,50.619213,268.8735,138.6397,300.4343,207.78236,1.718337,251.34499,60.83014,101.29411,130.34344,84.23712,256.83038,99.72509,190.48941,105.69109,242.32155,14.180345,25.131897,85.95672,290.92346,2.3422275,218.60655,103.0013,341.19644,2.1076121,131.89949,2.3151393,68.51757,313.07336,15.428373,57.01657,7.9314494,85.40111,39.03936,139.2332,70.546585,247.76161,89.36047,27.460312,151.57654,88.74541,148.91673,15.433899,43.4138,24.349712,90.06779,176.27916,264.4536,104.22676,255.26837,202.83562,48.285313,150.44264,230.93387,33.49238,212.82378,19.738062,259.14505,196.97473,71.07915,163.13806,13.593713,331.95685,87.149185,95.5281,2.6599495,271.44632,301.251,41.621788,226.85016,133.93958,86.32965,19.483643,283.55804,90.64667,236.0833,52.606075,8.512456,69.98291,82.79237,97.9129,25.570929,138.78291,98.39651,3.549622,69.15777,106.655846,8.670353,241.37106,1.9278051,39.0943,37.887196,209.80267,39.752693,305.2879,145.55058,48.069927,4.2289634,8.835731,12.082994,128.57559,197.66183,123.96127,12.444204,317.29007,68.37089,20.50558,156.91568,28.90289,236.92767,123.24668,6.65562,303.41113,207.24931,180.33868,14.251047,79.44103,160.70445,170.80757,24.86018,20.006983,126.04298,329.16965,33.19041,30.629713,69.496284,181.58975,98.107994,312.776,125.24601,80.42152,2.1512072,112.884285,192.62737,14.293347,305.86798,5.2308726,124.973175,240.15813,87.64238,194.1747,71.028015,97.593056,6.652624,86.40275,322.32294,149.7591,63.44677,19.437609,164.11241,73.612144,104.38477,240.1054,163.43361,2.6473227,53.743053,123.10806,216.48586,64.158844,140.33327,169.04747
SPOT_151,2.3187828,118.8791,203.13188,91.18904,119.161095,182.71234,277.46652,243.59619,251.65985,209.7395,180.2671,111.04694,582.6589,14.559681,273.1496,148.9859,32.61464,56.815796,284.63666,67.09258,175.73447,165.11256,67.8727,65.36375,5.716889,68.04606,124.56652,303.8291,130.58821,75.760445,275.35617,193.06078,101.26036,12.6721525,199.64996,1.5770763,158.20433,260.44684,314.37656,103.14504,106.73341,0.24214587,314.4831,173.21812,66.16368,136.33014,131.9653,50.4447,263.99405,69.765015,119.07426,210.5325,98.68018,146.0121,299.03064,92.90652,105.623474,10.057652,199.93687,344.69214,67.56175,191.7747,6.1870866,359.65933,252.7299,76.37245,181.86388,109.633575,138.43774,466.129,95.10903,47.68601,22.796019,294.30032,228.45403,222.83272,2.9101942,149.6843,261.02682,266.50687,154.32518,11.225153,175.45503,353.85477,17.671144,242.34825,77.1868,250.76433,175.82968,65.05763,213.68741,61.61236,219.50241,40.2034,27.495016,9.434679,170.3804,43.305347,16.700842,25.543774,193.82475,129.66225,390.22336,40.553097,68.08751,74.945145,94.56249,65.56458,4.4200206,233.69281,119.04896,479.22043,97.201256,56.393997,89.464645,347.11682,52.709354,97.65016,288.39426,65.10974,211.81117,304.2912,110.658806,146.08104,207.44202,32.651592,14.405596,59.768215,3.843952,218.83029,62.392033,118.58416,95.1153,182.38937,104.170135,174.9815,338.7814,464.7575,135.67868,84.44285,80.54961,43.306347,43.178802,60.54597,163.07907,148.73326,4.492545,33.745766,3.627638,74.31767,320.44223,228.7375,134.96217,133.89127,95.47048,53.28913,227.3327,59.404633,236.14827,201.28235,127.77482,199.45096,29.777798,223.2537,522.8463,88.09421,391.36542,80.488144,68.31057,125.998184,7.411655,60.052166,221.16899,7.184936,16.449463,143.54868,185.32124,227.36021,292.48297,102.24225,29.45927,148.74442,9.163953,246.77228,64.010376,161.42326,47.1906,213.62662,81.642525,129.4844,320.86618,40.760345,69.67235,251.61661,200.14572,115.21186,133.7901,234.2339,29.060936,140.36427,306.487,143.73753,375.55002,153.72853,193.20009,40.505497,179.21707,250.89038,408.5546,49.55352,46.850666,200.27332,49.167336,67.59781,320.06262,230.32019,27.919239,149.95087,83.36338,3.6137156,163.88274,4.7837954,53.63964,140.19627,224.24901,113.11269,105.93756,266.77612,19.114208,5.057611,465.63092,88.98223,59.54075,38.133217,85.37092,28.111147,178.00116,96.76602,136.05359,262.61816,93.50407,211.99294,95.046165,36.17008,206.37474,231.44644,10.92339,91.70853,216.1155,352.5534,52.179462,122.00916,35.420433,89.2084,96.83208,248.9625,202.03656,21.695517,257.3232,80.77815,53.643692,203.98753,56.0593,223.22142,72.47906,19.405657,265.47766,262.39606,218.88034,176.11989,61.96169,206.17894,36.499256,451.90732,120.70467,19.097836,315.9804,383.04266,0.41001135,93.374016,344.8895,202.4691,84.79991,84.07382,15.821705,236.2471,330.12634,75.17679,35.148125,290.05643,63.460083,205.78157,97.890854,147.88928,77.83424,81.77975,412.5343,42.644268,119.45129,228.7177
SPOT_152,180.30144,50.450474,144.15582,54.17377,30.115349,199.6554,46.814964,98.088165,1516.6351,350.42526,526.75134,108.51242,194.1043,39.829258,79.96211,50.330658,45.472584,178.41576,301.92447,98.87741,141.18974,183.32266,98.91477,30.484028,13.51732,31.4886,74.87269,40.84242,31.86463,103.93857,1027.7589,980.002,32.21029,361.75958,302.91113,324.9444,278.89127,102.73724,179.85225,186.08398,84.79641,14.206556,112.760666,143.63791,115.57966,278.8802,365.95218,432.599,343.65503,91.97402,368.23,180.41072,182.3279,258.93326,142.39706,43.055405,140.3733,186.39482,192.86833,25.660564,68.253586,28.338697,86.31565,36.18306,119.89763,8.689646,256.2414,92.538956,46.89784,227.12912,238.74457,148.83296,214.0112,59.296387,180.10132,31.714077,102.030815,178.12872,343.29416,193.43257,80.68117,242.7323,434.85016,23.473906,128.60667,121.990295,14.837742,119.30291,111.761246,161.13458,6.02881,6.770224,337.49936,32.059734,9.74559,94.30236,323.48605,8.413873,79.15645,19.491524,18.547304,88.216644,100.815094,305.2904,99.68994,277.31537,22.573221,183.2071,223.65291,215.00375,200.29613,370.60898,123.147804,31.33182,221.67998,333.66592,268.62958,71.96188,141.24394,123.122345,178.0409,9.403355,430.2281,46.080105,37.272964,200.80067,69.31719,159.0702,109.13474,96.431694,107.73505,340.86987,82.32563,373.38895,215.26135,32.288372,235.75594,18.357449,256.83014,8.092475,268.2648,91.176216,41.803715,189.635,17.905136,69.60448,22.653505,77.66953,79.738686,120.50956,132.40782,52.727154,111.78163,353.36142,24.772348,46.347717,265.87476,167.8465,115.61727,79.09444,64.1209,2.7355134,257.985,252.7972,132.7482,42.322056,95.5008,57.26378,142.92822,53.334583,176.4616,56.565845,21.38859,113.40357,131.16266,57.164455,65.88565,80.690796,236.89398,64.61644,36.319874,84.38569,131.95374,366.0656,87.554085,12.255691,85.719765,200.3601,98.21532,21.740255,396.5313,172.30553,97.1234,51.938133,95.068665,51.282646,106.60604,40.768734,82.08527,419.69482,148.40388,57.000057,194.01285,27.177628,136.36731,7.819001,390.21707,220.86047,106.46855,325.6612,13.065465,11.233407,190.00732,230.06793,352.25867,163.33374,256.2095,492.72067,421.14536,18.781776,424.07428,311.69708,139.03658,61.746357,28.483044,343.8044,167.5439,459.9009,53.764,277.78275,129.73048,275.38464,241.25497,107.538414,14.107641,157.77916,108.744865,190.57576,111.371925,130.56067,87.93363,446.07324,130.73741,174.20813,337.65448,153.02107,99.19002,223.68651,72.25096,176.86949,161.45596,221.64282,111.64423,190.9505,112.51635,33.99251,57.24207,106.39412,108.44819,232.25403,87.32071,97.9422,116.61071,383.33102,79.42738,21.507748,109.14072,164.83267,218.1496,56.838856,78.39534,21.767336,87.529175,206.21921,300.76776,167.6975,158.26352,67.16401,72.52224,354.26648,231.3177,187.82317,130.35696,185.82259,61.32747,130.00768,18.738123,186.91823,128.42723,205.95164,172.17973,12.766648,169.4878,93.12738,0.27059695,189.09099,24.000607,258.6938,89.41386,208.29507
SPOT_153,101.34142,195.20296,277.91663,22.409288,207.49515,280.6385,78.30285,0.041345768,38.42797,98.04406,134.82626,108.442795,67.163666,295.8133,120.763664,500.11392,324.09738,115.72201,59.678055,96.54561,59.480934,216.07703,81.72507,116.73904,194.36177,93.500854,126.064026,19.442171,85.871185,110.4703,29.914213,284.7431,95.67649,147.4365,317.69437,134.7486,102.609764,227.88106,44.63144,60.989914,189.83481,533.3023,46.55874,202.45848,435.19775,47.835533,152.9673,93.82824,147.63614,64.841225,113.82271,130.59798,71.29131,78.04031,400.82162,238.6368,8.677059,122.90921,168.78326,107.79862,224.44373,51.41905,53.52573,195.08868,38.166107,191.98582,117.5244,442.6616,300.08087,268.58823,150.42287,160.96057,52.702923,404.55994,91.251854,147.92014,60.474506,178.12888,154.11496,74.32187,133.11827,143.62595,100.72017,256.74753,23.27292,350.2849,53.846104,14.323864,316.04208,181.30643,10.816502,35.383858,27.065327,51.84232,300.90292,127.558815,57.370937,107.31551,335.67398,48.16389,92.16544,25.482985,30.746315,61.027863,10.898734,199.34303,0.85788697,88.39828,202.46387,135.84947,283.5,94.371414,105.68666,94.90299,185.47362,98.701225,110.00809,216.06395,1.5198208,172.5584,142.49632,11.767358,4.231329,226.06805,167.5859,99.178604,26.378931,72.72287,4.786654,100.13082,126.167435,14.182766,158.10904,147.04657,171.87733,248.34224,187.15997,229.18929,70.58505,247.6847,210.12572,13.28079,138.9289,163.07487,301.3799,70.26296,91.63619,122.049835,268.4905,54.604748,377.51038,212.23297,150.66592,171.92107,15.093741,57.00192,4.7209063,26.58974,162.12555,28.181244,17.349989,181.84111,144.07509,40.04734,146.38557,87.69933,308.45258,149.99493,297.57803,141.31604,291.89508,84.60198,149.74469,377.3681,298.29764,13.558647,39.05611,226.2188,207.56474,286.49472,255.0557,295.79916,291.0213,177.61748,221.01826,9.967021,123.157684,17.513197,157.88818,56.426895,136.51077,155.02063,92.27214,44.589462,189.63853,47.37231,32.183895,21.59167,128.92467,128.52762,26.48175,183.22322,102.665474,101.63127,199.1081,94.10973,71.857346,31.632591,99.36268,208.1173,28.33267,42.52722,179.75426,93.03758,11.0185795,30.59357,93.02147,96.3086,103.25566,22.990147,314.4757,16.573576,87.7572,5.6867194,55.35476,4.355586,138.48221,9.624138,28.968214,42.259205,178.82643,187.21623,80.448494,264.4937,44.047077,253.05936,35.989685,131.97197,187.78098,100.98256,231.39662,104.16848,263.60324,175.76492,172.17197,133.69449,431.3565,161.265,1.1523485,173.23453,16.56234,3.8655388,269.5866,21.29284,85.59004,15.90752,28.374939,512.03754,88.39893,244.60281,8.817982,75.736374,69.79816,313.83853,84.45508,38.587257,70.30427,192.50935,4.2133646,7.483817,347.77753,130.82106,208.59503,46.452522,442.04865,288.21155,160.47163,84.64812,191.20573,133.57323,354.5929,39.161797,143.4316,84.43991,22.111887,212.36331,179.18346,57.901913,116.7502,17.599453,183.60889,297.64996,159.583,286.19342,51.080048,157.8592,21.51809,291.48135,99.35621,409.0413
SPOT_154,159.83748,123.28583,64.91627,808.12897,694.9915,129.27885,205.51723,192.84048,203.62271,64.813545,55.49213,216.06088,35.85402,201.94388,7.4149117,278.11227,106.950035,5.0944247,121.90714,319.58224,218.19005,410.03818,36.166508,321.09973,78.405136,120.85394,30.28104,53.838173,77.68413,255.14151,126.00973,267.11887,126.21084,107.811615,255.82455,155.17845,710.71387,199.30653,193.47107,211.18199,37.551224,8.404478,27.96396,96.79081,97.79585,14.017115,8.667591,12.057349,6.3493843,249.7408,136.15019,188.82602,114.73726,100.89059,178.3082,254.74643,149.5607,5.142319,30.51583,38.60849,46.2695,116.377335,17.17709,342.9168,123.912994,103.9584,233.03603,209.88841,158.93843,201.43326,479.45532,79.351746,39.716343,13.349562,23.630005,137.18568,117.480644,123.8669,134.4623,174.42525,156.98862,152.5895,20.457996,270.6582,106.68762,72.57536,57.792984,118.220474,94.854126,5.812851,54.993416,59.728107,576.1026,336.4657,33.445065,32.813595,377.88837,133.43596,419.7812,133.13899,80.3772,115.90176,151.4673,296.8122,212.48346,195.73497,168.40288,297.7377,14.276995,103.44642,6.957231,109.149666,207.9024,102.83014,27.729506,97.97718,138.74484,49.55658,154.93797,234.39279,47.18937,117.52442,70.56333,203.52872,285.3645,301.58957,348.9911,247.79193,45.329445,95.5361,59.09974,95.59627,140.95357,57.05594,8.741117,159.27011,14.430929,75.02682,139.40427,329.80276,464.71304,285.80798,61.83392,70.46426,480.81213,2.089838,63.824005,24.653181,343.36478,470.748,5.851265,219.09216,23.299433,269.07123,231.59688,269.06445,21.247177,5.886506,127.69287,265.5527,140.40015,249.78363,192.78752,143.6941,139.98158,109.20709,227.07664,100.460434,112.94481,35.42412,263.0559,113.065956,112.69077,220.37369,108.05345,348.8399,75.56326,72.193184,32.85329,69.22365,46.557335,179.84665,242.7499,11.398896,299.93967,67.13553,82.53533,90.65195,133.64967,46.256115,113.8241,22.65863,277.70282,86.67831,102.237785,222.62253,66.09358,74.37929,68.95827,29.493694,56.078156,124.73923,245.21849,27.11581,101.186714,53.439045,63.885868,263.03113,30.441446,155.30296,345.39645,24.399174,19.066929,12.930228,224.1828,8.17302,136.72943,219.62166,64.47789,33.831615,222.83527,6.755193,129.50545,76.37603,119.56966,164.90422,190.67783,481.43387,120.35211,251.1541,190.9429,245.66068,130.37987,497.68256,247.89899,35.487957,269.9981,115.51109,49.78633,83.37788,124.5693,231.17586,168.83855,35.403053,84.47676,60.820286,295.17163,84.65769,229.20735,118.79006,299.3023,156.39716,189.74846,116.6237,56.336395,33.34981,438.90833,135.56868,99.65418,340.30078,40.84661,143.64276,78.93553,76.515755,68.03169,105.36231,99.57754,86.35146,248.70871,195.64189,166.97607,198.73688,148.25409,161.4352,186.54405,48.907272,38.666298,120.596756,374.59674,25.893295,53.592564,121.26151,193.69293,229.2148,30.174427,14.74275,215.02014,144.97975,51.828297,3.0961068,98.97464,151.02286,222.86629,199.00208,82.45497,238.41989,58.169514,21.098124,61.423267,118.060104
SPOT_155,70.049484,38.4471,1.7235094,242.68037,47.93113,0.22266316,279.35883,58.63077,2.3970866,113.5344,40.912117,133.04074,44.118294,145.57812,328.81903,42.97985,168.87733,388.70456,136.72408,196.40323,1077.3038,261.94553,166.61787,87.58965,145.59593,96.79176,81.71227,286.47952,252.23253,101.21012,49.54005,53.3302,92.53707,311.69135,42.12127,196.02962,83.949684,66.37869,254.48488,91.43107,337.6993,416.97745,1000.2691,705.3606,283.01678,16.28784,156.33417,284.34964,117.31375,226.60521,9.244668,146.52356,99.78691,6.8821783,49.160225,82.76629,18.81461,301.71228,129.26294,349.65155,102.15633,377.62585,217.40738,207.50783,160.80746,232.60216,18.304205,179.44072,128.72949,113.266464,204.38718,104.74077,92.320915,117.21145,255.74065,186.8543,591.8682,140.07974,55.822216,155.39938,73.50995,49.901432,5.5595503,313.5442,68.17661,88.69917,369.31775,2.0174828,373.557,249.62881,100.48261,319.9009,89.64919,140.39423,211.9889,30.152315,294.66403,164.56015,245.44756,229.82999,144.50197,90.42915,122.70868,423.58423,160.36354,432.1411,3.4939752,69.0528,102.26319,94.06853,26.47806,104.850746,461.53552,120.024124,193.80495,13.105623,14.113706,137.42007,59.931065,298.5585,252.12715,65.8564,153.67033,318.09564,190.6637,266.5519,316.22296,256.57767,88.8603,162.3209,158.03127,61.329575,25.281734,426.83545,6.1178465,15.65736,91.364136,398.15878,129.762,186.20784,207.53337,302.40674,17.418531,269.7259,210.1685,192.30145,160.37933,268.45236,264.65765,180.41763,113.141624,295.2153,11.318781,327.96457,112.93996,20.235846,103.290825,311.28857,369.76276,46.666386,2.592368,348.05118,248.21095,67.041435,125.15015,61.7063,197.81027,113.827,149.8017,101.07452,209.85376,92.009445,213.5166,113.14012,191.35048,101.69604,60.170998,164.05046,1.3992442,212.22307,13.176077,89.14001,21.821585,70.804436,75.28159,140.03326,117.81514,184.16219,229.7367,92.68182,27.815964,306.79175,32.74931,261.28,87.90074,193.92703,270.34192,162.36194,161.47754,300.39362,155.28699,49.902847,325.59375,179.15732,318.98724,169.4374,64.950806,83.99233,266.04474,30.557224,162.75525,112.07652,130.52603,65.76717,120.665985,9.162016,84.23298,468.58188,338.7543,387.66223,68.272896,251.57878,304.13785,3.8492937,39.00392,196.16258,201.77786,279.22296,320.8342,74.84796,365.7146,76.58607,56.38815,41.033928,381.62988,332.9128,150.38892,241.40683,5.557715,213.16562,92.342964,236.81532,266.50684,394.48416,52.48883,85.15637,92.496704,123.39184,175.26735,117.843155,131.1987,70.41142,239.21498,172.92706,38.399017,41.901875,64.38871,144.34134,158.59486,73.20117,64.60832,101.19752,59.495033,231.33054,446.13757,243.04794,172.1766,73.50073,73.65276,304.2218,226.55008,204.11456,10.503128,50.67375,146.03911,173.79858,184.7904,147.66844,75.23345,161.18005,90.83782,225.26208,191.5309,16.017534,385.5972,151.68274,73.73277,210.48093,241.68828,67.45659,82.83294,37.18578,127.03417,301.1491,121.6261,313.67053,126.40534,23.675749,57.8621,472.56635
SPOT_156,262.16956,25.84486,78.84977,17.44858,174.28326,238.1742,284.6417,212.96379,282.815,228.2218,141.9489,18.927626,286.49213,157.02208,121.82072,354.81433,303.02753,305.74008,62.208576,78.800064,3.5379252,220.81744,104.48602,142.04222,48.492237,539.1428,374.40903,8.837966,110.40191,137.54597,12.736408,142.15385,35.855583,126.020096,66.882385,29.563263,741.17883,205.4701,129.33305,110.480446,43.024193,131.4352,75.40071,120.087326,108.6329,9.0216675,107.31677,109.395935,38.636356,151.76581,113.804794,181.07666,199.13007,39.058804,353.2359,18.71641,88.90136,59.99994,87.06815,133.4808,28.557362,80.45486,25.477724,143.25462,47.86367,103.0887,249.99257,160.16145,81.61746,84.827065,72.06118,81.522255,20.215437,159.98376,86.32241,17.143635,88.1714,148.13084,115.22558,47.329853,14.981027,26.36969,470.5994,53.08421,153.5885,110.85749,87.5746,217.57404,281.3013,75.20717,9.803691,60.459652,152.36395,56.131332,113.87147,133.3476,171.42213,83.99659,56.17765,205.65376,531.41974,166.11125,64.73333,16.348341,232.45439,298.77792,135.19632,43.58639,40.179375,18.44475,152.96538,105.456924,60.55293,31.787209,38.45878,240.58305,225.79883,351.8227,261.72473,123.057175,18.139433,287.7697,17.939705,58.317368,100.70903,142.96796,453.26862,212.78716,335.29684,106.04115,177.60828,229.62498,229.45117,61.98593,308.6069,157.78957,15.672023,341.84607,35.745396,20.456594,264.1573,127.202,123.55386,138.91714,16.259808,373.91785,322.75827,352.90222,71.562996,37.847244,51.28662,83.88869,70.076645,128.04958,135.28076,107.32642,192.65678,212.22668,573.0181,76.61624,141.91725,86.20022,28.350391,271.12476,131.92899,242.42554,10.231844,264.86578,106.64603,127.2254,110.02213,338.17166,136.22731,217.56,124.72961,29.162693,86.275246,39.28678,147.53796,198.04524,246.35155,475.14877,90.74057,50.9998,297.7054,42.549458,66.834526,145.523,64.001465,127.48168,203.18137,132.67511,170.42638,181.0722,15.355596,35.016586,98.92668,26.501379,216.48991,382.05914,190.10852,137.47797,133.39978,177.24194,150.8292,195.6862,73.13695,324.5294,52.8571,359.8675,112.74994,117.3491,34.628857,6.7463017,57.823925,97.14022,18.417711,109.29155,71.28508,219.17218,57.08985,301.72986,271.91238,78.03155,115.04354,167.23285,176.53177,165.44044,192.63866,431.3522,125.65399,68.15762,293.6637,79.83107,64.82204,166.76353,38.3173,89.12024,14.476784,94.7459,59.9294,214.91566,53.211384,77.17026,174.38408,367.25024,57.397465,61.130173,166.73016,86.56123,214.87466,272.9349,110.59569,144.221,338.5076,95.16331,9.351292,196.18533,222.17819,7.3935328,14.398472,47.83399,227.90372,71.016655,119.92939,15.458137,100.58981,6.9757104,235.94717,251.43243,100.3572,137.76344,70.690346,4.974503,80.94838,197.50064,36.558174,89.797615,173.93379,139.33446,28.190939,188.72461,119.618935,146.77539,231.96487,260.03552,51.937508,349.3474,159.11479,38.220264,153.77423,218.90189,129.07338,166.09935,113.608696,44.41107,8.452141,326.31235,11.727569,176.57133
SPOT_157,208.19562,164.02037,227.52396,92.365265,62.188854,526.5534,153.47379,61.914497,412.0361,247.29053,921.55646,79.65062,175.6639,0.34038496,138.19937,192.67775,60.74045,25.781883,248.46797,67.04865,254.71315,190.05724,45.397778,57.361893,347.62247,91.94104,146.45432,138.00868,101.76124,45.109097,746.4775,2.916973,98.39746,223.26088,116.80511,271.5973,23.654058,314.19235,391.16135,37.549286,240.0527,221.51157,29.936356,132.67235,75.11377,37.32299,195.71516,102.45596,174.29121,115.86144,168.99928,407.0159,160.6604,198.86629,215.97421,1.0026349,260.5103,169.87793,17.766993,288.6496,87.51026,114.99174,220.57515,143.33377,145.11125,48.896862,199.1166,81.60475,54.6449,83.91545,98.13595,100.09117,152.44196,21.550505,86.31751,42.06506,227.56767,36.525322,112.133385,281.92844,235.4959,175.91766,38.179348,23.937544,219.23932,127.65108,158.05458,177.66582,19.076626,159.21204,353.70734,162.7951,46.35223,256.71048,195.7233,109.0314,259.26285,207.95026,82.88317,60.906,62.592224,351.10278,263.989,171.3208,110.88301,449.864,97.43521,61.757717,326.68015,57.054977,209.49487,192.69385,99.355804,496.99008,58.661617,46.438908,85.87055,67.150734,123.283485,388.03708,402.1084,179.6485,27.691813,13.602468,306.62253,36.861057,12.931002,152.97253,96.20826,130.77016,83.57406,1.2365143,205.61107,171.90842,246.11267,308.32355,44.12713,45.039536,13.101665,212.63779,160.75449,308.65283,3.896709,56.881874,380.72537,78.28019,125.27937,154.45885,118.35014,100.38872,261.88794,87.70824,187.50266,141.90001,59.459343,59.706005,175.82155,148.73024,48.562023,192.63956,161.30899,365.25082,124.32466,172.17375,171.55255,83.71786,140.34512,34.263653,188.73042,266.96237,79.35244,48.67358,200.96663,11.927192,210.90872,131.70274,128.42871,76.286934,196.75923,14.819223,142.17987,86.06607,65.33391,206.52844,321.29434,22.130793,479.47952,68.499855,467.68906,187.16939,10.271236,26.312746,15.236958,90.31398,101.72793,17.08048,6.0071707,533.872,91.674545,122.05847,66.137505,53.409073,272.0614,23.229704,17.033638,132.68698,359.77283,67.12887,113.25407,361.73743,28.833864,33.865253,56.73018,9.120399,296.274,163.28688,62.735775,208.39871,115.12833,62.13371,351.6571,165.31473,262.28625,31.478176,214.0984,94.02438,16.012098,88.640755,252.20792,280.9993,5.4710526,282.61813,201.02475,82.92535,0.3746295,260.54837,281.34595,93.43217,146.6205,16.265663,200.77235,9.15732,41.993256,199.10301,170.06746,177.02563,111.96761,243.3774,218.70883,404.86725,190.86464,28.855503,199.74866,62.540356,85.4686,106.55547,155.18729,82.74144,159.00902,79.54233,131.57529,3.2182004,328.31277,132.61668,152.66206,54.657078,218.43861,218.39268,125.30478,8.555813,44.42134,212.09502,37.80366,181.60143,114.49096,25.320219,65.83055,185.00217,466.22757,32.107594,65.30015,1.5319834,97.96945,184.2986,46.388313,23.930328,160.60605,9.360456,228.45772,76.78518,22.34108,296.3812,128.12567,12.28801,362.19672,66.79835,28.393034,304.31302,105.81265,131.2011
SPOT_158,234.37198,227.7854,47.096558,1246.3842,789.80273,118.41134,123.588806,279.11414,148.0045,39.188087,84.78201,180.37001,268.05386,23.176542,138.00394,802.94293,97.66997,149.58101,153.75775,292.0974,707.452,159.33063,356.9222,20.261412,14.54185,204.37386,97.00482,130.21051,233.5745,143.50172,219.66768,110.11615,107.28311,316.15527,61.144024,172.37128,771.63153,122.76462,398.3803,189.28954,41.124626,210.6518,77.95546,504.21973,331.87338,152.35088,109.348274,30.227936,200.88835,134.91113,14.925131,25.544235,190.02614,234.60844,270.1328,40.86535,104.07118,95.788124,230.22372,51.93373,235.22221,66.30162,46.687443,42.707123,299.27283,133.37946,82.37615,49.005833,49.710464,3.3295357,170.0192,14.639682,246.25346,238.25702,281.67313,310.17514,106.76368,320.23886,227.40976,63.217606,6.818945,309.76892,210.60594,75.95298,93.29001,182.98004,73.958275,7.6357355,89.02584,102.53174,77.90626,41.106194,211.76923,205.66086,279.46722,38.140778,87.50669,168.38095,105.95717,79.878525,207.20581,76.40224,231.50291,11.842543,195.18193,18.498306,211.07425,72.56239,215.33672,49.288414,3.3983517,23.474361,194.37788,182.64017,252.2121,169.18707,92.95611,286.73746,12.443668,204.34189,84.407936,200.50159,183.70758,145.69583,116.986755,52.112144,379.39572,86.947,130.71034,197.0784,102.655594,145.90141,46.202618,36.222763,306.44937,165.92627,26.276258,88.51905,156.87137,91.661446,193.44157,20.628366,123.3467,56.239223,482.11346,181.10226,47.62626,31.756735,300.02225,199.62708,78.7674,101.743774,2.0507848,290.68173,228.33777,194.14505,137.52605,56.672497,215.54617,156.41353,396.89978,20.904442,24.423895,198.33105,372.672,64.64081,266.70026,241.87657,11.773491,77.42327,219.30511,20.020727,94.39761,9.840808,49.43762,52.651104,179.3518,353.5061,30.502016,255.35347,223.48157,16.60295,233.31485,56.22549,128.82579,201.35414,140.13458,82.45197,221.39897,195.79095,46.612267,106.05316,123.990425,151.677,5.6900625,148.16798,122.04709,41.10061,32.94304,331.2856,5.0003834,82.6413,389.95517,230.39055,36.976425,68.95773,175.0883,347.08548,350.78186,154.51518,106.525475,386.42633,251.14874,66.482414,77.65844,249.61111,395.41287,13.11508,105.405556,168.30827,204.49634,81.196434,344.93384,97.286125,176.23854,54.923557,294.69476,114.946,44.980717,150.68239,169.9948,51.19988,197.39632,95.17831,2.9144032,162.44215,137.62886,188.46228,267.0322,62.171906,247.61044,9.322861,44.57508,71.7996,98.43291,275.0759,83.95945,5.0380516,181.71594,77.47542,531.996,52.455227,222.7796,158.7748,368.98172,132.62189,79.0964,269.93726,71.14625,246.81337,199.64969,43.4848,345.49164,245.19785,218.78719,95.89309,26.491829,277.58408,125.83529,142.46112,57.305283,76.61317,27.496992,67.99763,127.74603,9.284055,175.69543,278.50284,269.6223,118.134674,156.27626,71.754715,120.955185,309.09488,149.95853,216.36453,207.76108,33.732075,79.748604,217.10439,141.2976,87.28274,45.11702,48.72883,269.21613,18.728462,27.54957,164.06699,286.39584,6.3352585
SPOT_159,226.65445,328.99875,19.861147,101.45492,393.67212,201.7948,2.2483344,116.993095,1222.6221,798.7816,1231.2207,481.78894,129.90796,297.69815,360.24744,85.707466,128.00049,250.18054,222.40306,88.95969,145.35954,167.85532,25.17665,177.00653,371.3098,75.05772,163.71217,231.15196,87.56755,209.8826,128.5205,921.2372,38.37567,2.263977,40.685596,119.39571,384.12036,117.43932,90.45249,37.557533,162.20279,223.06287,437.8457,83.08838,252.79878,17.469599,91.70546,195.3939,378.63098,62.880985,315.42914,127.10913,45.88156,40.823715,261.1345,1.7687721,69.49479,123.74361,93.038826,92.03234,7.460446,242.37451,321.3565,28.940067,36.16947,375.39484,198.26866,276.5071,146.39288,201.06532,31.598978,10.0557575,61.792797,179.3416,70.51243,100.52733,92.2605,2.666335,59.81102,259.5191,145.4787,145.10014,42.105095,148.77106,125.29936,377.67288,31.329937,146.18141,160.04105,83.40015,15.108634,4.214812,142.24286,31.299261,18.312037,251.21031,227.76987,51.67243,113.52031,46.884937,167.93243,253.42053,71.73697,153.31998,167.53503,137.68488,14.537802,79.00145,65.33626,52.286797,113.80812,303.61343,21.494017,17.063238,110.1114,70.552536,224.70251,226.55847,36.192146,88.2453,165.68231,80.37307,235.06348,124.07561,161.34978,134.87018,67.34679,274.15994,51.16766,206.56612,287.29575,53.494957,40.466076,51.830315,358.84122,72.71703,175.16678,408.66153,42.30253,178.01173,335.47812,36.434113,309.95984,244.60696,61.903446,182.59155,142.57816,234.19392,72.314926,223.5293,316.40067,67.36609,68.03385,321.97906,269.0644,139.21136,153.09326,118.636284,195.3702,271.75156,91.23649,100.78155,145.45879,96.70098,20.964203,118.988,202.10497,93.792984,113.98873,328.14893,125.47316,38.490273,104.598854,307.37625,156.66492,77.56866,261.02298,52.285126,137.57214,232.0357,226.0477,73.516075,216.84407,22.756786,363.34668,91.794556,143.00323,229.76875,9.152154,87.08069,66.430824,162.57317,256.53522,138.27599,21.270014,78.13999,171.44781,4.986304,144.09521,66.65562,255.4844,126.02478,89.74033,252.80893,82.80994,25.15247,243.72066,41.64821,330.28,491.28775,484.14838,138.12108,42.511013,121.02907,94.749466,385.5199,149.7573,280.80096,81.286064,79.72716,473.292,324.8064,199.8301,46.69705,178.41634,135.66588,264.20078,46.966248,103.13156,149.95624,145.26169,24.288858,88.48235,167.8083,324.84857,82.43191,28.526897,11.978173,119.81064,95.728226,186.17024,275.80862,409.33524,322.5476,80.15579,106.57072,36.37103,164.26057,11.616815,239.03444,186.68102,63.136482,285.3486,153.77893,215.78802,59.16362,89.2858,21.506716,153.80412,43.670734,270.43378,368.70074,29.217207,119.78991,28.32505,59.317406,259.77185,314.551,182.24237,15.342173,205.23485,268.0301,235.72392,188.63228,235.65335,206.6669,195.47888,125.16869,249.41089,151.22914,8.670719,160.51878,145.39833,139.99843,95.60234,378.51913,179.2232,45.320435,413.12744,82.58916,238.79149,155.28265,173.75972,41.61747,12.55673,131.68456,229.98712,32.207626,89.69018,341.55704
SPOT_160,109.36277,131.1925,48.501404,39.572346,2.7793636,26.287796,234.82759,56.22453,402.6361,780.79895,557.4456,595.2433,168.90578,231.5997,16.933416,124.233795,121.388565,82.6299,195.88033,171.91452,63.302135,265.15536,87.0625,218.3547,770.1519,153.59836,266.28723,237.80128,356.08014,80.619446,591.8947,850.3726,139.35844,26.923113,6.7075343,96.76914,40.43926,125.07964,46.612602,26.196497,338.71683,86.470245,3.46345,77.50129,89.06282,52.715233,225.07024,29.167805,43.70921,205.19286,133.06348,217.05487,180.57698,179.28366,59.05794,203.91335,36.078106,133.2521,288.2641,65.34527,20.324488,78.11034,162.9342,15.623032,0.15963952,161.97726,394.33246,80.00324,157.72316,178.03061,85.82835,196.29341,67.18002,51.3504,280.15182,214.71484,276.60873,285.26837,218.90723,28.85238,150.21785,69.89483,176.47362,301.59406,25.2172,40.606167,193.00972,254.71169,79.94601,93.86281,21.861387,175.41711,22.350761,1.163739,96.32028,18.053915,169.92526,99.937935,163.97368,128.96222,244.84871,149.20815,314.5672,97.41339,150.26115,248.52902,170.47314,10.160025,168.62411,302.31198,144.19742,74.294205,195.83496,96.48196,51.468666,119.44783,91.2133,167.30602,43.513165,90.171394,21.995766,146.35544,324.09253,24.97372,407.12836,167.81354,1.9987026,30.693954,34.270977,33.257328,300.4158,83.61578,46.868015,47.293026,311.12527,151.7275,178.02972,50.070232,179.98875,70.77316,66.83206,66.49485,377.47537,36.6873,228.63055,214.44833,101.31654,298.2194,391.1264,330.548,311.0088,116.53669,20.118973,315.10406,35.937042,304.12958,69.88314,110.86098,10.464337,268.31406,47.090733,173.5746,84.17142,76.18547,116.48701,123.970146,201.90912,253.40752,70.54695,116.519325,105.12549,373.12402,68.34343,122.89143,264.79807,248.0605,106.62344,17.2011,83.74132,324.5302,246.67757,54.34884,257.07043,142.19128,116.44095,18.59467,31.007437,20.93165,28.128662,174.90276,15.281996,142.98969,146.62138,10.33444,187.1537,433.2376,298.59332,439.82507,61.721153,150.3335,145.16985,199.44505,35.410904,378.67325,176.59882,76.050835,118.83119,245.70184,46.378017,584.3949,108.595,76.6842,55.87145,98.5718,67.98776,161.50479,30.23625,262.00586,7.9550123,157.5901,244.23969,104.22297,254.31891,122.43771,232.58858,52.298225,101.524086,204.64108,106.98059,148.36409,28.367126,239.29427,268.74353,246.3857,236.9154,223.13664,32.150375,16.336813,99.07842,225.6127,61.009758,30.610209,78.28569,82.58593,453.22235,215.40306,98.445,384.6531,70.6157,284.80817,76.85287,394.32257,97.895584,53.019897,178.33856,270.66608,149.51274,101.58726,338.59387,161.3077,105.779724,1.836383,133.24408,116.278206,65.79301,141.27069,308.74902,31.98174,235.46689,29.280256,28.875126,72.36554,188.37291,177.54555,332.63684,40.570747,133.18977,21.88245,164.44728,75.695045,175.11852,177.06642,110.95827,8.361361,213.6721,171.32681,67.10661,205.73311,51.828293,45.493847,165.07169,117.006905,183.66884,224.22029,39.32715,118.73852,97.085785,6.2003264,136.78069,360.19025
SPOT_161,297.70642,93.469864,6.765171,60.30829,702.9336,334.88934,290.53702,127.159935,27.384563,258.0345,300.9722,100.970406,114.31855,1.0804708,104.08323,1185.3186,7.991941,197.16866,261.33963,225.71411,139.36127,61.34347,112.74566,163.39859,516.8656,561.31213,76.45825,53.195843,57.057045,239.9395,67.19273,384.53363,258.62842,192.04936,134.7419,25.12473,154.58975,328.2116,289.5664,381.41672,279.72244,178.40956,48.68158,171.48671,345.16364,182.30833,109.292885,85.61952,45.44332,48.066967,318.82538,139.69012,100.00437,121.466644,292.22574,217.0018,81.6794,47.765884,400.15353,152.49509,12.649538,33.426464,26.800617,3.055247,192.77596,72.41693,258.48712,130.46591,23.847801,139.58725,229.39705,255.97426,233.58781,283.39713,91.05843,71.51922,258.82108,46.77625,100.456535,84.49719,308.31876,139.04787,142.50525,123.52873,302.63263,71.397766,145.6307,214.03761,173.8603,161.4681,91.211586,226.6218,69.407875,106.905945,67.093216,198.56941,4.4565477,83.114876,87.677795,47.140778,64.975266,206.1835,75.722984,205.06609,12.11754,303.75037,317.36234,416.3508,19.446943,68.269554,37.505703,44.203304,181.00386,7.6431155,147.5261,445.95062,95.22688,146.75331,411.23727,18.611383,18.055798,84.068565,22.675722,18.610304,182.35777,115.65535,59.13985,415.30298,127.45313,244.78224,211.34738,336.03085,114.33459,248.00433,96.02204,105.25555,115.24912,113.58952,332.4105,353.08487,183.81717,36.189766,164.61041,338.86502,4.7215104,297.57202,120.14716,15.475175,67.27844,282.04227,107.74833,93.45546,7.374622,214.65556,202.99654,195.35306,96.79836,53.09555,173.74216,226.7882,212.73361,213.57433,232.91168,18.935038,48.721657,33.15929,415.01782,179.00395,89.10598,15.60466,181.68102,141.442,40.40367,20.5464,258.08783,324.99905,3.7437549,240.77473,63.39667,38.71523,207.12703,26.786865,139.84361,479.96417,103.87157,31.86985,71.31927,268.49228,20.722818,131.26846,62.61932,13.003194,75.67589,109.658745,551.7947,277.38867,260.33215,44.05328,36.58788,76.74351,157.4181,184.76505,51.38943,163.37056,183.1922,27.202467,92.20672,274.40656,230.65338,163.8626,108.68993,223.88556,6.7045717,246.20872,85.895805,144.2414,67.83214,203.89035,232.14215,80.93074,195.03575,214.25992,85.174416,154.36255,49.303265,114.99121,135.15489,264.2729,115.465675,136.36417,328.9984,73.6193,24.475533,414.73663,209.11208,410.2453,52.93572,14.723415,113.42217,145.3338,173.06494,40.507233,15.3743,104.20956,143.05104,168.84224,277.2121,325.10956,90.00074,61.418106,202.19771,120.21175,64.231384,39.00101,63.30083,5.567318,33.910675,118.70105,110.38738,276.17514,187.76443,3.202438,115.32277,76.28817,29.593185,156.34772,29.206057,371.74478,193.01854,63.06259,28.653307,75.729294,117.81046,330.75253,67.51438,342.40463,141.18376,144.97246,87.79127,70.21226,145.07858,73.39074,76.95905,18.040586,50.40698,48.36003,77.52353,228.18033,98.84516,126.34935,379.9985,125.184105,69.766624,107.54924,521.15393,72.285385,115.48474,295.07877,307.04837,1.9724737
SPOT_162,98.05424,255.5664,39.954994,236.44296,166.39287,113.7147,134.57275,235.81471,683.72235,798.79816,1549.4072,335.5566,443.88516,2.4275,113.862114,53.2874,72.62016,252.32225,237.21072,235.07426,233.89433,34.074486,278.94498,181.99773,261.1728,90.55407,90.33453,316.05353,159.32758,173.23041,125.432205,1596.2185,135.06377,132.76585,92.983734,88.3085,69.833015,89.57115,147.76288,30.003141,91.72779,389.96085,13.404478,151.10808,210.92546,305.0339,145.44685,23.794477,92.01877,140.38455,194.56352,119.12533,149.51231,192.18636,104.117195,127.51757,455.5574,74.97797,19.771074,60.521927,228.8388,419.26956,29.963835,164.22827,209.25891,245.35587,46.39658,54.832516,19.320684,8.737232,297.44885,156.29065,168.67635,367.42838,15.478958,56.26186,358.63895,304.62778,185.44826,98.80681,84.40157,152.07475,42.4765,64.14374,33.612034,141.65132,182.51723,180.80215,1.248412,10.856424,160.46605,283.39178,15.7371435,341.22766,49.64826,137.55489,163.95012,186.9177,166.12808,83.053246,20.321703,44.749012,160.67905,186.79558,16.816673,336.22614,96.37085,4.6927385,470.42773,43.42259,276.98294,10.328513,301.12732,190.20863,176.34439,74.77105,31.652073,146.16606,110.771545,89.01319,343.84552,470.22595,106.720665,237.43208,280.14066,129.70743,70.86665,131.56383,145.04646,67.45373,153.30507,267.7774,234.47772,178.88414,329.7807,365.63898,29.890642,257.57376,76.30546,38.92303,8.958368,182.25314,263.80643,104.48178,71.28682,88.1062,333.59122,64.968124,52.72067,188.03471,85.15889,82.14001,267.06824,57.913914,253.62822,113.97249,3.1755028,28.882225,4.740515,123.966736,168.3399,227.62488,56.429626,94.29599,151.16927,21.300016,129.4491,25.844074,109.03168,126.761055,39.624104,33.89694,31.59394,279.2208,31.598482,406.8477,188.18462,16.00804,218.36208,96.633156,16.249836,67.814095,45.106644,235.04025,199.14276,130.5969,192.01598,61.906887,349.03546,124.32598,207.89227,292.61295,190.6968,152.89014,128.83763,65.46624,40.104614,199.12144,309.70447,27.100157,52.883984,160.88321,302.769,481.50974,94.24066,45.911667,108.695694,38.30607,182.59277,48.521976,79.76323,383.84793,114.435486,253.73357,17.966814,46.000942,170.47697,94.731964,29.727703,155.8382,145.37852,25.842598,49.533257,26.998266,3.8358898,258.72498,209.2875,198.7251,7.32247,11.91428,179.39844,310.9203,267.38184,70.99105,147.60866,221.48656,184.94463,154.1151,56.00277,84.27279,36.598488,135.55063,115.870575,44.454838,468.6726,211.11053,151.02644,372.45853,85.94956,331.7231,32.4807,82.20246,79.56699,246.92285,118.82511,18.159359,44.278187,499.37607,163.09398,105.07166,216.21735,61.733654,171.8041,197.99002,163.46315,48.873646,250.45729,9.576775,54.74479,149.4707,162.4479,207.91107,174.12967,247.39218,39.528553,9.240384,181.0706,123.62772,37.36875,197.83054,45.228477,334.31775,89.01373,162.76183,140.28758,404.89032,36.1328,170.28082,97.00642,117.6435,371.21695,7.8215647,54.85978,169.10919,114.24081,59.755363,152.95062,134.56958,222.23215,196.76993
SPOT_163,115.12888,99.37198,46.346054,177.23495,133.65744,83.90281,173.40358,1.6221608,4.317915,154.16191,69.62611,124.095116,35.48324,73.02141,326.2924,242.19757,331.03696,630.5439,152.7377,248.71162,211.42749,180.7877,277.0301,28.16453,36.469048,147.88448,38.733906,286.36584,444.2922,279.74774,204.69421,166.34505,258.21042,15.984253,400.44376,196.54103,144.08005,147.32353,143.27193,163.84763,97.8828,211.64755,961.75287,1010.21796,1656.7441,132.97432,154.09622,218.2247,207.43005,24.679888,44.381554,32.81871,169.5784,23.128426,314.7083,67.811745,240.34155,184.56345,125.28254,274.66846,392.96606,111.14475,50.11012,69.42117,304.3085,27.520964,41.054783,251.52834,292.30865,29.512407,147.0377,37.414196,360.0561,384.33588,174.67192,211.5669,60.43166,177.76659,49.808937,110.67928,237.83495,314.85056,64.86732,210.51219,83.447876,0.1748312,181.40977,104.64981,252.12895,106.79039,92.13327,155.78148,138.48817,239.00244,103.92916,258.01004,318.74002,56.025154,110.018364,309.33435,434.56464,114.58125,97.89457,166.81395,18.21292,249.44904,359.13837,199.73009,20.906294,164.82182,293.947,191.56918,307.17642,231.09964,78.92008,277.10272,64.34123,237.53102,93.94101,46.01234,11.511067,16.961357,60.885056,39.391834,270.76254,38.540253,113.16896,394.90588,22.675894,195.63026,224.433,206.11845,54.614082,74.50835,121.08982,152.1033,120.13088,122.56096,7.47233,2.6894853,180.22354,101.01725,50.867535,89.59082,288.41638,59.933426,134.52972,14.570479,124.87182,63.890175,107.23786,78.80001,587.7542,72.14651,2.5827644,171.7971,65.4808,76.000275,1.0637254,99.27462,174.94398,98.274925,53.62307,11.15835,455.51376,28.33376,125.439545,211.15096,162.96391,293.6194,152.65009,51.281403,64.69743,22.33743,318.19897,145.21072,214.24396,342.8198,316.4283,291.15686,552.5731,391.19727,23.927372,236.88727,52.158737,3.8491862,103.25917,145.45695,229.92474,18.650997,293.94504,143.18599,66.421555,52.142284,70.787544,36.527893,64.5524,221.4686,220.2285,23.601915,75.54353,17.528746,73.821014,164.09587,14.610457,13.197168,447.96487,147.59137,30.696058,135.88783,296.09305,148.20598,9.747239,51.55688,454.6302,87.00936,37.733418,32.929176,161.38022,351.12363,273.81174,140.28896,34.2568,19.090527,257.95944,137.93254,46.322773,92.1894,249.20145,266.12354,128.70352,43.86059,20.968231,21.434862,117.42948,154.2232,30.698065,20.437647,149.36177,414.30508,388.87885,223.32254,144.013,145.49178,17.252737,240.04414,80.70473,70.63905,13.176077,41.815964,21.933361,170.77664,119.52586,284.45648,518.6876,93.59196,150.04045,45.365665,81.90982,97.88253,186.3771,276.65097,159.19455,509.00375,24.888412,24.947292,74.32368,73.634766,110.94676,114.6882,101.740265,81.870415,486.213,323.19604,2.3918133,60.458637,75.545235,124.7224,53.404778,19.373632,85.768684,290.79105,151.90823,167.86664,173.27391,119.4578,249.55275,142.3912,80.03769,177.72299,221.90971,116.063034,291.83902,225.87775,105.09437,72.11335,164.80658,213.31953,70.415825,51.347973
SPOT_164,108.496056,143.8269,175.7796,107.740974,45.12299,51.149265,66.01757,112.37505,66.689354,72.4206,117.086395,117.17872,193.79376,301.55383,227.04034,97.12032,80.39074,50.910618,216.9033,326.25763,22.78141,22.854315,111.84043,146.70685,70.62445,20.640175,157.68109,256.33063,121.80172,138.64693,112.3518,39.426197,192.51714,49.26019,171.37384,82.65816,171.54868,193.3583,217.18321,95.826744,129.51967,177.19048,164.77322,129.55081,207.47849,19.816195,383.6906,7.153057,103.616066,166.99846,300.62564,33.920704,218.19135,392.78342,21.176588,150.25972,38.506676,16.872368,467.7806,27.89345,26.133959,111.82712,190.46367,149.33803,91.68798,53.87396,95.029106,214.0966,148.35715,243.83548,117.931595,42.384796,27.678562,551.725,106.33651,37.839985,278.75238,6.4655485,117.53428,150.05847,90.92949,185.79825,47.04289,161.92021,168.8158,108.186516,161.22734,32.780922,108.203606,345.6879,30.8522,71.75567,277.91272,120.07962,81.08763,312.32278,216.61505,95.24964,206.36797,192.9141,161.99445,223.30087,41.31114,126.85469,194.03265,54.320908,262.34756,190.95198,102.830864,29.524828,155.57709,138.8166,85.31031,185.30681,73.62839,260.5559,307.94113,10.722013,18.37185,39.41473,89.537186,38.519283,148.46764,213.09715,412.59808,70.37498,51.616146,37.123486,14.591997,96.28389,37.04454,104.41741,432.3121,59.138603,65.984314,417.79233,154.8128,270.01074,100.46085,14.824387,65.548325,202.13539,315.0213,54.369213,112.127655,166.42337,153.5713,70.27164,122.63647,19.453682,162.86768,81.819214,56.95573,189.64667,69.49731,261.35355,106.40303,60.00133,47.825703,69.46157,45.368824,149.21017,90.930725,244.41121,15.077562,114.065544,316.31586,94.82086,0.080176175,199.08417,245.43343,89.24405,323.78317,73.61161,31.552294,34.15442,18.543354,36.600853,123.328636,175.2421,19.661983,268.8152,139.86551,222.01614,45.934067,131.21938,273.03647,322.43173,37.92893,148.36157,44.868904,21.550999,11.222403,13.432549,211.52948,252.80453,84.26631,277.09525,257.72174,102.415215,136.26907,139.82008,238.48921,92.725266,64.369934,36.948586,110.5177,56.730595,23.135504,165.28249,194.77982,160.12909,59.022133,263.8463,399.0563,247.0507,182.37985,34.921642,166.01201,258.88672,259.09952,113.86497,173.03484,3.8963714,1.453702,53.17615,101.18425,257.73236,537.1244,26.655415,274.6706,179.86766,48.058983,397.79886,68.01969,60.88739,64.58415,35.544018,101.37581,365.4018,235.47191,364.10825,50.595726,113.56612,239.56322,75.59582,38.766678,17.061205,119.132545,276.39664,362.768,225.81906,178.21346,382.0787,155.44307,33.292397,66.34796,383.75223,515.59045,71.099434,150.93213,209.94615,65.11563,52.353786,203.87335,246.94948,189.94612,118.027336,309.78293,26.625916,72.31072,351.0054,93.99326,55.480682,39.502113,102.75633,79.37223,183.03694,43.076298,73.22651,204.77473,105.513695,107.66282,277.4217,99.32765,10.213468,308.2955,12.142326,44.595974,31.168806,133.28136,81.141,166.32407,140.13159,2.738792,42.38527,311.34625,260.83423,4.3959584,114.85471
SPOT_165,110.92206,171.20093,98.04352,52.49215,22.228987,29.121317,13.310772,5.7538247,85.22407,119.646866,56.87745,9.487104,124.57762,61.80915,83.259605,279.9792,448.05246,250.02843,239.99841,146.55013,37.76968,341.83087,184.50107,121.8131,217.39267,46.103752,118.71422,332.13354,417.26645,95.996445,163.53177,96.4189,24.950209,61.895782,11.580613,332.2417,216.7706,7.427548,64.95741,21.02711,179.15848,312.41602,339.07843,246.69345,203.41937,80.90157,116.56547,76.41062,55.56453,20.44026,255.2187,25.101437,3.5518613,221.80939,35.899837,68.87834,353.24908,208.8192,69.859375,204.45297,289.1735,301.47186,275.1347,98.53149,68.49031,82.447464,138.49799,230.6462,231.26042,75.57703,339.6602,92.42196,68.10818,51.798992,161.75035,225.36372,201.66772,17.401472,40.412434,58.457794,155.84285,147.61511,4.589011,207.42825,174.3813,159.90874,95.18554,128.3216,216.64217,92.49295,23.680614,281.6543,71.36826,15.813346,263.08865,84.689835,305.3026,140.25018,204.4817,93.72486,12.260069,191.00333,30.03455,40.020836,150.32169,68.764534,88.24431,143.05177,189.8186,155.83093,4.6916385,116.63143,111.5775,27.61949,12.999679,279.1892,454.0362,71.99428,25.059813,246.64229,78.53009,78.20138,54.398247,352.68594,228.4581,71.83283,68.47579,262.41852,220.45065,44.42761,148.15097,384.11127,139.95515,91.73641,105.17478,93.820366,3.7163036,125.520485,71.79509,150.46404,189.10332,129.89688,4.0938296,134.2427,28.57254,185.7169,145.64592,413.0153,151.9591,66.5009,92.541046,55.01532,16.000566,136.20964,148.85725,287.19635,21.6603,144.30695,283.20886,88.41734,145.8879,219.51794,305.3143,350.374,18.337315,52.458885,47.52989,224.2696,158.94963,332.84235,171.91957,247.24023,244.7331,5.3226066,48.94504,192.58617,41.91948,170.8707,102.729034,31.598616,128.45493,85.19344,243.91862,43.677578,72.99894,23.852104,132.32187,132.3086,47.248066,376.0194,81.957184,75.99555,94.493675,149.38661,180.54494,37.184982,98.28471,27.571022,170.90163,104.65283,361.25317,164.97359,213.91547,228.48904,492.30505,329.661,53.390255,122.95022,152.71184,113.293106,86.03962,58.896423,33.97492,230.50494,6.4736657,191.7261,97.55118,108.19238,72.833626,144.22394,176.39034,2.4637718,82.165276,121.58109,65.27041,5.3193116,7.9480176,121.99568,179.52167,170.12328,50.357655,152.85744,11.9107895,115.715294,51.993237,553.71533,242.04527,388.4396,12.223821,0.9022174,63.112335,112.762146,39.803734,260.51746,172.0901,13.521605,170.06316,75.315506,23.640062,248.5417,120.75804,173.78476,21.13448,169.29869,477.00156,338.11078,9.343135,241.76118,280.92908,44.33564,125.65715,46.864338,240.53397,81.41125,104.20561,267.8543,171.78688,202.32137,22.740444,405.69922,18.641422,119.60248,141.9453,318.65732,149.08235,33.93735,63.68362,111.37704,5.1235776,59.937996,204.2959,106.76872,123.991295,14.854431,19.715502,2.3832412,313.9484,248.60252,22.173008,337.9364,19.82499,160.96674,13.675812,30.600647,334.4793,58.513805,80.91785,418.105,82.95847,68.34096
SPOT_166,73.02255,83.99727,27.695818,86.26371,48.087383,238.76297,93.291176,339.13428,208.74596,193.7695,439.58823,177.60922,41.12729,157.35562,215.79266,81.783066,4.2153535,42.30599,137.22548,84.34561,16.19163,181.7363,93.26044,138.80246,4.4345756,31.773603,177.81735,40.555744,205.03577,197.08421,821.92474,589.0327,37.436993,108.245285,101.476326,296.33884,120.93876,198.85614,88.57732,115.195694,65.35062,99.03016,277.2166,228.9238,200.87195,245.13048,219.25099,0.5074377,55.12455,282.17627,131.5947,80.910164,24.189413,193.30403,173.44363,259.82214,79.80466,156.86812,195.64438,132.22902,319.78683,19.22851,198.93573,143.70091,309.53043,96.78942,136.74019,160.18936,9.063891,13.281273,87.35304,18.84325,12.775495,432.75555,4.6558056,24.771082,62.427406,361.2118,92.1605,5.1493015,89.12438,293.2429,222.24951,337.49762,26.337135,62.112576,25.919266,250.64125,217.76974,449.29654,242.19858,117.00651,107.702614,12.172473,137.0934,124.016426,87.98203,140.08698,207.00684,88.16152,13.191783,194.40671,49.051754,67.73188,247.76779,16.428392,28.794407,254.86711,86.82756,0.5753205,361.6906,47.92239,202.52493,270.68222,99.33539,163.57947,59.894783,367.189,259.85193,133.79263,188.02759,125.206375,309.15857,162.78862,73.265915,128.51282,154.86977,314.1133,81.27773,56.714672,20.451233,18.083178,60.432884,294.00284,142.91516,62.533478,10.871106,524.8603,48.987637,261.53125,103.78053,85.24743,112.409966,96.35589,142.87357,161.20676,214.56677,123.34091,87.873856,50.400097,324.2008,228.47348,39.722103,42.0439,163.6516,161.94987,29.891127,8.367326,36.74311,107.5515,195.43971,92.2133,205.03912,148.2,72.12042,64.32796,105.98164,0.2684053,255.29262,379.85175,112.51518,56.50419,2.480261,236.437,256.93448,207.71376,47.83306,34.691376,274.88098,450.93362,7.3309197,78.01011,161.58307,25.79821,65.66315,31.68574,79.15541,3.4707618,380.91214,104.01201,35.530106,132.86241,61.61268,271.82166,447.29565,10.223815,4.4861183,90.01527,47.738777,272.846,17.677107,11.539481,171.32234,275.9096,123.632454,182.07788,39.132763,22.572865,267.43176,94.80806,43.565376,5.8591,186.68724,202.72087,151.5836,65.266426,1.4117117,11.796453,239.45543,42.756866,103.603874,146.69844,31.418447,132.34433,155.6607,160.19463,149.49768,136.94983,71.82949,352.79684,126.31559,18.023384,206.75244,44.266865,27.598206,15.830407,328.2638,118.63676,111.13588,146.60931,451.05267,233.7339,267.8448,127.056114,60.74804,177.41309,50.861244,111.30186,310.45987,407.1262,294.40103,265.77878,136.68623,124.11505,139.54688,34.96215,80.43027,243.65025,184.82549,278.34097,64.34068,73.55356,273.67868,83.37901,172.96245,107.199265,145.99788,216.64748,219.53119,204.01843,148.72935,46.523296,153.54726,216.53935,224.00426,291.143,65.064674,39.009216,94.03497,140.47067,434.61874,46.643578,249.85207,26.342718,90.12829,254.9987,142.19354,4.339624,204.06853,453.65518,131.82361,84.9126,73.65783,168.21739,173.20802,286.61996,328.4569,91.41468,148.54375,319.04907
SPOT_167,49.153797,65.521385,282.51166,157.824,99.76086,145.04614,194.98924,133.50838,7.1659517,64.966446,87.21953,199.89163,106.88807,33.54431,223.18587,26.381845,3.6045206,587.69556,429.8924,69.864525,202.6966,145.77722,0.33590633,60.00867,31.950071,60.013756,163.42369,160.40004,61.858772,264.4823,65.00011,66.10495,222.15454,308.61133,187.23688,124.18057,187.184,206.91472,346.55765,97.424126,125.60209,66.37247,1299.9386,509.1667,192.73328,32.16049,10.22217,152.27234,169.05853,133.63719,81.76874,43.663445,183.2756,90.754776,23.238445,360.40842,232.79239,130.19318,285.596,39.243565,313.36188,213.3903,196.60272,28.733757,182.46992,274.33847,126.69563,112.56685,141.66948,343.5437,268.3252,0.14830981,83.136284,102.45527,287.70782,118.205154,168.18642,3.9225984,128.4412,147.67152,59.925346,4.3528533,113.64599,224.86035,137.57547,103.86578,244.56601,209.6869,285.83618,343.48917,36.130096,16.250639,101.11192,58.40269,57.859512,29.158607,612.3376,57.083538,64.64369,147.81947,32.516014,197.64589,296.4081,5.2723913,48.439987,353.44836,293.29068,19.260548,259.09854,401.73523,262.52768,87.336914,226.64842,38.676323,81.58618,81.813065,76.52479,116.37265,65.008835,264.94366,86.527855,125.42246,269.26297,82.55993,1.3891377,44.28762,125.541145,42.814808,168.96895,54.709564,525.9954,19.457117,137.73035,188.44655,95.299774,403.44968,473.98788,114.84938,63.716953,363.11386,253.99864,61.620464,299.2233,37.163147,286.54834,499.07004,284.50574,40.90428,147.41173,149.339,115.51879,248.71405,58.348373,262.9288,90.814896,71.48718,96.62838,162.71616,283.05313,136.34363,39.759182,241.44833,175.75356,105.644,154.41568,89.32464,34.756065,82.44397,157.55644,181.8673,87.16132,92.6393,28.762167,76.07357,11.855651,273.5773,77.928535,34.103848,125.744896,95.751915,49.753197,239.33119,149.25426,124.30355,227.53503,78.771194,22.851648,34.332863,42.58416,31.917456,121.21852,20.515692,21.923784,47.999123,71.85031,62.948387,161.79485,7.5854616,80.59497,48.444725,139.232,17.319002,71.475815,23.034473,401.31897,118.15487,27.057041,140.27354,125.04237,347.0794,0.8308926,101.00589,3.4224544,183.35483,191.31201,282.93256,41.709385,118.5226,132.90756,60.703743,174.23819,211.616,232.16551,27.751215,69.9167,281.273,168.36456,80.92687,161.38025,120.4507,67.20203,164.67148,118.939766,8.383864,39.17503,21.374235,186.54407,50.299038,188.14673,110.56971,24.324415,389.556,176.24109,93.96571,108.864716,172.06264,29.387156,107.53419,117.60402,144.66048,35.496063,72.885,32.13425,293.35858,336.67978,396.6691,166.74403,194.35332,91.74183,319.9817,72.58288,150.52277,82.58779,77.776955,132.21913,127.33353,71.64255,27.707613,58.163734,334.92764,170.43765,22.807564,139.07744,127.60055,406.30862,343.67,399.68814,277.22104,110.54795,136.07556,176.65346,103.584724,414.54807,60.383987,13.099053,199.80032,120.113976,240.30827,250.88998,63.584377,33.664467,163.65517,293.0908,150.6235,172.26645,356.8032,129.09746,10.095012,27.249792,368.1002
SPOT_168,112.84886,30.835165,116.974335,63.036556,90.895706,105.670784,41.936447,31.624279,798.5016,257.36987,1994.1266,788.187,90.13728,176.40047,117.30212,67.42641,107.72923,97.24793,98.53637,206.65575,236.2004,534.7683,81.97674,331.30493,449.87955,224.69731,85.82593,5.2107196,51.54548,158.2985,777.81213,29.56512,105.67437,22.809643,150.80927,127.34296,82.79341,294.64807,9.112485,18.392649,288.63632,89.15036,73.24305,126.175285,36.79807,132.33246,139.79971,8.384138,151.00029,130.71329,92.24687,132.6552,59.104843,1.596271,60.123962,80.12364,5.7468395,122.61229,105.59232,93.303665,117.03302,100.84221,106.732895,276.10498,86.55368,58.527725,416.28552,169.75311,172.10323,91.020905,325.3282,104.53644,178.34254,128.03943,215.63544,43.563858,112.275764,154.99629,39.286922,213.46567,148.76653,71.8994,8.142923,17.961536,84.00861,227.79878,289.04056,231.00029,62.46972,165.73454,36.22337,153.08942,21.314146,42.918484,197.62286,17.252798,239.41408,63.39541,131.88959,63.865997,159.85938,223.16049,142.7184,65.83832,232.14948,37.30612,126.034256,102.89245,112.632515,20.680775,70.19397,70.370766,182.23567,97.503845,324.95544,369.2427,52.246128,207.47177,52.043808,21.303732,400.63882,67.46445,50.02747,122.609024,62.40137,218.5895,263.29184,244.96753,191.91547,66.528366,191.40884,235.24315,31.205378,31.367252,227.88977,35.55733,98.05515,84.59294,47.512447,227.58481,290.97177,204.49344,37.79478,253.07156,48.083633,232.2146,86.8203,53.88115,290.37347,328.61993,193.81303,182.30544,9.149637,197.94531,208.46046,136.46727,282.06018,97.98833,180.06522,172.70847,11.706213,11.999288,57.682926,20.778727,70.22466,85.662186,68.78535,219.27896,285.9012,89.43152,58.669342,41.057682,53.419502,242.6849,184.5569,159.65169,121.380104,37.360546,132.90337,58.53629,10.955719,119.91343,14.636017,64.88147,78.10358,51.53865,44.85599,48.231277,318.04947,87.67879,97.20056,95.21325,177.73965,127.823524,156.34595,59.396515,118.48049,125.38132,236.81029,234.42961,24.832588,66.75947,302.3191,95.227165,225.42471,163.79755,92.613396,136.09033,143.61443,43.504463,94.20742,286.04404,232.11577,37.659122,107.54752,80.507484,244.94102,124.51728,168.02731,310.40796,400.3907,221.91687,355.61865,345.96927,145.07803,268.08005,428.87137,144.41757,65.07726,91.04328,210.0932,188.52249,117.86951,10.722306,428.74823,42.309917,82.164375,344.74915,72.69765,293.02554,7.035946,542.59937,280.5757,194.8879,106.03133,45.59852,204.09253,32.307255,154.69214,1.9956073,19.247742,73.468,249.29607,63.986816,16.70653,259.7727,165.25642,129.03313,334.8651,23.08242,42.652225,97.97867,246.35077,73.257576,98.29436,17.74482,7.4810915,106.90983,17.18436,165.19644,12.651121,70.56935,12.656772,159.16794,216.37413,31.945404,225.46538,165.27252,283.29077,82.31516,28.969416,298.52493,42.43325,373.10236,6.7054896,224.45348,100.41187,29.034706,218.89668,68.68677,376.8099,36.490578,158.45453,378.53754,84.18527,102.469086,48.42267,107.120605,43.826694,291.13885
SPOT_169,274.89966,261.03607,151.11633,23.06134,24.738033,77.03504,23.988361,206.71558,573.6493,853.7042,1777.0934,67.98952,263.9057,225.42711,188.99084,63.874,86.93878,202.01123,295.39984,42.495262,166.80615,161.30096,97.85295,185.61754,270.04523,173.08391,274.4701,51.68893,135.19655,93.979645,230.64682,602.9332,78.284485,4.675167,145.45468,18.340498,10.495895,136.88551,13.815499,285.26608,102.78726,346.22107,44.98954,84.83626,22.427702,251.03828,230.88028,46.212402,430.59256,120.84209,138.907,158.62111,56.277058,118.095055,90.30048,430.23254,93.81299,230.42517,192.83624,77.47974,242.13475,277.7193,111.93219,229.97401,82.8574,241.33528,359.82047,11.146704,49.463894,212.42293,210.06888,41.900784,126.13467,267.7239,149.28065,247.00993,113.50623,297.51514,63.98457,65.766014,62.327312,244.69615,96.7751,95.355675,76.217705,78.02054,38.22011,184.06499,16.46746,126.95167,91.75684,130.63927,176.31902,128.74742,14.608457,286.47485,8.534117,67.27584,157.14284,64.59355,74.641,189.28424,102.270645,101.518,74.22221,15.357006,59.331757,223.91599,95.7591,177.03117,141.53014,55.750053,25.700575,151.91495,189.52148,404.62766,60.412342,278.45288,158.52573,47.698204,134.59079,70.37895,238.63383,335.844,158.30814,109.41269,67.51799,75.07619,250.63582,179.5347,70.86645,21.04939,69.33207,22.541676,150.24222,84.855995,150.51308,103.0136,30.963179,332.32404,81.28829,35.100014,103.31295,18.85811,216.19809,3.8443663,147.49709,192.29039,323.24765,72.47403,69.08517,34.67934,421.45264,306.1126,18.820257,240.22342,250.66423,17.75681,73.35349,24.11408,42.029587,250.1847,57.06206,151.68246,111.18861,2.9713972,63.34412,52.99526,202.31564,28.088978,71.44111,22.143738,200.06778,29.261215,129.93129,56.517063,6.598226,108.26594,99.74022,7.064605,251.69545,52.933636,109.419495,113.92173,136.382,123.8295,109.23268,77.23132,112.13289,50.590855,23.260288,20.148869,48.953014,95.51796,209.94283,14.689163,198.5028,104.98392,80.504585,91.959656,33.568417,149.48923,76.24582,64.27775,326.99942,311.31717,240.15067,339.96875,151.00249,152.78064,71.56802,79.09617,108.90204,66.70253,16.508726,161.53564,151.3285,254.19933,350.04718,333.9698,139.05716,46.36092,103.36167,29.990921,161.54153,469.78445,394.54807,275.15152,37.407784,13.95437,241.84,15.0939245,135.94484,9.682003,69.360275,177.57243,429.76648,163.90062,171.15347,222.4059,81.81733,71.773796,54.03928,197.28044,52.00876,176.80983,235.64197,139.34074,202.92874,157.84117,55.149544,175.09036,45.846054,100.23428,145.42664,138.80171,16.687597,61.380787,25.248713,53.899387,70.24463,436.5674,72.447815,69.73011,31.610287,170.93405,172.5168,224.94183,54.74885,201.42154,292.48486,175.59515,53.68106,148.38474,256.31512,194.20393,57.80949,74.35836,308.72864,189.46669,180.16174,261.16882,103.16062,22.465782,173.66995,149.54808,22.307163,12.1244755,187.14244,31.8938,247.72626,8.822348,31.963903,72.199646,218.03024,66.72177,0.07182487,356.52246,354.90976,334.90674
SPOT_170,14.916376,458.7483,148.61882,312.38058,206.04778,177.30212,34.695415,297.16714,46.32492,124.17179,476.44366,196.25801,11.782422,91.87719,252.74417,112.04481,140.95126,231.82823,455.42505,168.2649,126.37428,82.72563,69.42448,116.52883,297.3698,184.0033,253.62866,101.33743,320.74234,152.25873,189.46017,15.488325,260.187,106.06647,155.71828,135.22726,399.68484,99.345985,67.6822,68.66239,102.611824,59.5488,161.09874,113.997604,270.58365,11.949372,66.0934,95.88017,125.438354,60.07887,50.777763,38.847443,200.4278,144.02922,408.40256,71.23417,106.83793,197.12462,147.45222,94.73059,99.67454,124.49236,0.32259887,2.173769,149.43747,120.109146,184.93481,7.849435,177.54834,42.67858,104.08546,117.636406,51.804077,9.259379,70.564804,180.12175,166.30203,100.887924,221.10893,32.30017,213.46245,227.122,84.6652,147.77542,183.04276,167.61322,117.0615,27.412277,142.10997,123.03354,267.52463,15.168855,254.30493,85.28653,470.8401,192.71684,179.23932,100.28972,201.84103,368.29846,42.83061,111.21111,181.10728,136.48381,108.482414,72.40258,199.54282,77.86161,127.208916,356.757,150.96156,134.31413,242.81923,19.200556,6.0651298,51.47684,353.26996,181.77307,227.18568,9.287073,70.957695,6.006121,245.61752,159.26535,24.864819,99.7879,279.5025,263.39178,309.30475,101.80162,366.20593,71.97802,102.83343,64.773415,119.8995,88.55392,192.05806,223.57425,3.47093,18.950666,53.137276,266.3238,230.5098,81.2911,145.69078,47.185028,212.31042,65.49886,99.40364,135.44371,207.17664,32.95535,345.0235,198.7992,225.25919,76.76751,73.307846,234.31155,330.92908,266.3974,78.96317,177.36682,118.16016,177.61107,77.15218,217.88602,116.36729,170.02809,115.27774,26.055525,314.79425,192.41045,126.36189,46.487053,203.54385,21.125618,379.1922,466.36642,125.05605,92.39837,64.01658,261.44952,248.88144,81.6462,240.1571,353.43683,138.40903,200.02315,167.95366,166.62445,208.77806,8.083267,118.80925,126.726036,52.634987,209.84547,98.5224,53.438057,25.222904,433.1754,460.77475,69.82291,266.32785,199.64746,71.86988,123.41738,81.173386,478.9367,69.657005,116.971596,180.05772,138.46802,255.92029,40.11324,36.87615,60.78911,2.0567188,102.1283,118.23204,28.620659,9.272613,114.43792,51.587845,277.10077,354.63107,39.641632,132.08011,7.757909,204.4587,7.860993,63.916283,118.356064,210.00415,137.07964,35.07204,118.05045,307.94278,329.87573,45.41044,325.30182,177.64345,67.20998,5.4914274,85.99006,17.621328,8.553643,300.61264,155.83719,20.316309,80.31412,146.87117,21.754717,59.596844,264.67603,149.46712,15.302261,33.426853,72.12734,253.0883,16.957607,65.320755,10.618352,44.949726,37.949684,141.1714,21.061869,39.398243,27.304398,313.54233,17.809418,157.86961,11.133385,197.05853,8.98684,53.454216,112.73066,52.080685,67.585686,8.875716,102.381874,74.39346,71.99137,7.600279,179.8797,144.24341,209.77232,283.74103,128.38567,104.973946,256.99023,110.25882,60.416393,331.61572,154.79558,139.13747,146.62816,109.1934,468.37106,90.42543,332.8537
SPOT_171,97.844536,72.43558,112.697586,175.9936,4.5558176,14.485735,47.002983,18.140043,29.166046,88.47454,34.69181,700.5815,97.54956,22.143665,597.1173,285.81927,85.22212,230.14732,109.38879,123.68722,34.32592,198.81778,110.93989,195.47198,475.49622,200.89236,108.881355,87.77031,7.3079815,106.320076,1051.859,501.96155,136.08058,12.253733,31.04939,99.94067,177.59074,44.982407,92.23526,16.652962,215.54103,27.301493,73.07333,121.189316,133.37683,152.92172,217.28691,136.51303,241.2771,76.1543,23.018045,288.20285,117.36815,55.49793,20.331354,217.82767,207.34554,1.6014183,180.3168,19.827633,32.5897,48.916424,73.64737,137.21901,128.64241,182.74895,40.540497,333.69656,273.83786,206.01944,41.679653,202.90051,55.158203,109.43941,75.65319,92.939766,122.43414,148.4722,6.213014,314.9455,24.269432,102.4313,234.88052,239.21123,86.96222,46.297222,435.42688,351.8864,8.142753,62.872684,108.35728,182.23837,1.8256295,244.11916,25.490416,350.96487,80.214966,15.957446,14.526266,234.24193,199.07481,60.074455,46.460854,107.70772,310.5294,221.87808,10.503173,220.35495,133.91135,194.93564,166.91652,25.810925,13.832543,195.65594,27.242067,173.16776,139.12134,189.977,329.6738,236.23955,135.22206,141.29153,95.517586,100.31588,35.553905,388.07547,201.70772,31.659166,146.05928,308.93463,245.76422,286.9745,40.906914,42.70357,110.18857,131.86565,113.069496,276.81168,215.14346,172.51096,42.620327,129.73299,73.908936,39.77987,309.85468,100.280716,113.529396,65.17308,98.87499,83.61863,43.61372,49.505936,163.99666,393.8539,66.301254,11.801174,330.83084,232.61537,26.318012,83.44482,88.4489,111.07444,226.34398,307.0238,43.811356,144.3827,117.87979,168.0883,24.449684,32.219196,90.749916,7.6023803,124.2123,120.28715,144.17188,107.92678,152.64804,27.209476,17.678139,0.07393741,115.67846,312.10306,71.69958,92.59332,59.56864,329.8005,16.112297,276.00336,206.59572,153.20685,385.27213,355.63745,306.33417,31.356625,312.7749,174.80937,67.73268,230.96225,120.3098,93.18348,20.276634,23.984264,34.30591,211.5577,281.97717,48.062675,195.96461,147.5244,350.6031,266.53976,196.43057,298.98163,128.09865,119.628944,128.23341,389.3166,102.62536,188.96579,82.1744,472.83792,46.89979,185.07866,141.90852,314.5823,97.22382,225.09772,199.01855,142.2154,18.003422,222.50182,166.6061,28.243895,138.26685,74.43612,73.38567,88.46188,14.225835,58.887753,54.386963,245.1764,229.33806,180.28592,13.5234,136.79791,37.95708,200.36787,171.96844,370.88928,41.27987,210.8235,20.66809,186.55577,216.9955,262.9929,138.0678,40.08723,6.115354,288.00113,258.8382,192.16858,318.7598,82.5248,215.00941,119.85178,194.80602,5.345385,33.00878,299.83313,210.56705,20.956924,287.98068,68.73383,105.81036,11.037876,43.224148,218.83243,202.91016,102.93878,239.09355,453.68762,188.92079,65.05317,49.50393,279.3783,51.558662,143.26247,394.9385,19.687405,362.5114,154.94641,52.820175,150.65108,62.498516,53.108253,100.97088,170.27385,105.077644,253.2685,86.753174,130.6414
SPOT_172,2.5088582,4.161195,132.86548,335.24323,79.801994,99.49722,152.71985,67.58473,0.6149881,1765.822,458.17142,79.01338,264.7191,332.2402,61.640625,157.32568,26.497206,290.87253,108.90995,329.63135,68.65867,163.30624,12.126393,22.102482,1409.4226,181.05518,23.290216,521.15936,25.793728,333.4008,72.04276,621.3182,70.55268,87.599174,304.43683,34.003067,127.23665,3.874508,256.9584,266.3013,48.647926,13.254256,277.21957,138.0182,46.161312,158.13506,204.85408,10.000808,100.008675,256.41528,115.98093,1.9706177,173.44382,105.02135,162.61665,317.30746,104.02836,33.161045,226.70013,159.88719,113.4311,89.798065,53.618797,114.82179,85.39759,187.00891,24.612427,93.19042,290.4793,206.31082,226.5926,25.378525,82.1091,153.03464,63.126705,121.31267,44.994854,0.3111161,117.638855,260.20862,56.23831,16.420801,264.31696,8.634764,70.56794,124.55852,72.62007,49.627064,54.815716,74.87476,59.795345,154.11604,62.03574,152.14896,140.59456,89.50779,43.572758,11.105422,308.09067,94.19463,302.53864,320.54547,314.93317,47.01848,95.93767,36.79577,221.49242,409.94904,254.77719,47.815918,182.20375,314.69812,40.943897,419.10327,215.56497,176.88759,179.53276,348.1973,79.986496,12.940277,134.61665,47.358585,140.3878,316.67184,65.48364,296.04932,174.89993,81.96686,43.924446,65.39956,132.4758,101.75828,14.960446,35.83448,289.05487,86.45351,214.75917,218.19223,84.649216,227.62968,138.25603,185.76007,11.106781,108.992905,185.58417,99.426476,215.13232,194.6716,46.86275,39.34168,37.696438,112.479614,24.809639,240.3725,67.45412,188.82185,119.82033,142.2139,82.066505,48.454075,40.81979,41.74695,82.99718,188.7842,348.87512,400.83426,180.23567,166.09187,223.02425,114.610855,0.45509255,46.517147,288.3843,26.58071,258.6239,443.9006,185.76872,13.577953,271.15396,65.88511,64.67056,465.62115,235.7602,101.07665,301.11032,160.40721,35.413177,487.5216,102.02431,175.69347,137.89336,279.42722,124.61594,156.24089,266.28812,114.64891,0.6614891,292.71338,164.54178,42.62554,109.83799,59.17115,7.0635505,241.2176,295.61237,28.051157,130.78488,122.04677,0.9477358,6.8215837,185.72816,291.07538,3.4055958,192.50256,95.44813,266.87933,12.628253,199.27666,53.30574,105.09059,99.00663,207.52406,55.94909,47.592335,55.85399,128.74365,52.86278,9.948857,94.624,280.5696,74.732925,374.85355,12.108087,42.17933,90.79703,76.033676,160.95473,456.82855,0.8789997,357.8572,176.72862,179.94353,7.375279,37.510986,257.35782,98.511505,110.19241,80.82089,156.99135,230.70683,109.903366,58.213173,134.3094,16.294334,53.37401,39.776833,118.63188,110.74599,128.43437,236.14806,69.07246,140.02231,177.94463,11.622026,65.76018,45.456867,171.77554,199.65776,48.168987,159.99454,195.85455,190.50246,73.528015,159.03012,135.43634,79.072014,43.13938,352.96835,126.45505,166.69273,210.96227,166.74435,121.92278,42.227604,109.07347,53.514023,151.41061,65.38373,264.17288,57.4628,19.05064,130.5777,2.6986365,148.80075,88.10082,255.29274,217.76541,136.14621,74.322136,274.4852
SPOT_173,172.10034,255.07095,196.6026,74.96138,464.74716,285.03918,175.96783,284.982,13.356175,74.505585,27.83939,214.65013,3.5871005,43.684544,168.86722,523.5773,204.86165,31.982006,176.53152,80.668686,303.5951,0.3602636,222.1428,458.3715,162.15196,531.3462,173.31181,143.28847,42.46528,125.6045,24.921534,168.53761,17.500546,86.68758,58.099876,141.10664,839.3022,270.35434,107.94532,16.981754,154.55873,158.19922,22.831932,249.5735,79.26889,328.2685,352.72232,130.9295,150.64842,529.85657,105.85163,131.29886,26.743963,220.8336,144.92374,188.2989,253.13034,59.413635,145.35452,269.09387,248.54805,177.81737,67.601685,142.11398,45.402504,5.695995,264.43872,202.01796,16.458466,125.77973,206.64291,56.54592,157.95757,5.0522895,178.64903,54.227844,76.69496,193.26569,132.03421,143.64131,453.72736,80.69495,102.913185,148.6051,189.6463,97.82242,250.27026,44.310257,1.3705236,166.03693,183.21782,95.55889,94.97845,87.11395,196.12703,27.973019,223.48015,37.299637,298.01224,191.17026,291.43365,198.1052,211.31091,120.532005,155.37811,299.93594,44.781094,98.71074,59.503883,54.481174,245.80849,86.64433,112.64177,349.86688,70.172905,70.36666,212.33656,28.521324,68.11979,55.040234,10.732515,86.32435,64.74696,307.64108,105.087944,127.204994,180.19992,208.0819,153.8425,144.1776,239.10828,32.175327,113.163506,29.538696,97.572266,286.05264,269.45853,227.3963,372.12207,163.13153,209.39075,218.71254,102.39084,191.7185,134.4743,192.1511,168.96559,82.12775,65.90719,43.32658,125.1721,59.3452,247.01738,6.9864345,49.04231,182.48924,200.6049,30.592592,352.70764,265.36896,202.27394,25.804205,314.84784,161.40472,45.930824,23.138956,206.8003,113.63651,74.92982,62.11544,84.29048,185.26291,32.338154,77.6779,161.33537,150.27946,135.63005,393.67426,31.834726,17.394884,84.11863,51.8319,159.35681,15.980472,82.4061,94.33662,79.93198,191.5,93.693565,48.708107,227.80548,44.258163,30.753115,201.89058,90.1566,93.27549,76.572655,100.007095,22.304457,44.411,318.6077,26.682364,457.66473,436.98788,216.88988,330.11923,97.980515,218.84479,54.46307,69.499794,119.6382,146.80945,131.27058,473.7384,97.276535,164.52419,156.80487,313.94492,191.40173,277.8682,95.12068,82.62694,9.452884,67.34675,133.69482,63.530804,255.20978,0.53468096,40.226097,102.919365,64.29778,108.075195,23.982607,240.2093,178.24753,2.2094822,148.08188,47.340908,102.64811,148.55716,44.948967,147.62349,214.81859,52.82891,130.29605,189.77847,271.57758,237.10315,9.173881,153.76993,81.24185,36.64368,86.944695,220.54504,172.63672,58.366825,5.530996,128.96901,48.461952,70.107025,42.561058,29.787113,45.311497,20.927227,387.27628,168.02727,98.631035,269.63678,145.97095,102.86999,342.897,317.81357,42.65062,104.16,188.52116,212.10193,231.05373,107.6204,115.3817,230.7057,251.94635,225.34058,248.3893,84.248474,98.4085,332.93073,175.50221,16.666468,33.47444,9.603899,386.70404,304.38956,294.7685,87.682335,2.0430024,150.17256,38.321285,146.26932,186.749,72.34319
SPOT_174,21.696898,34.90339,102.70012,307.0753,96.34582,157.31232,24.971476,186.75479,159.00134,178.8236,364.10654,101.81215,136.01036,60.167072,124.91803,167.46823,288.39725,219.49626,10.495541,226.322,112.703926,118.01646,29.418303,29.269201,204.21193,146.60495,106.02413,88.74015,111.48181,56.269085,102.308914,114.19884,26.570324,68.41845,61.080177,129.54309,79.10383,169.6735,23.525269,31.112257,161.77588,42.232285,35.074154,184.39575,57.90318,183.7276,136.01189,60.149338,91.21967,277.95044,245.46152,51.427216,96.31297,273.05533,68.09237,37.356747,154.46877,263.94525,25.47347,77.21744,162.3547,20.974598,130.85081,148.56366,95.508934,47.8977,222.97227,57.918842,152.25323,146.32027,184.98398,147.50061,246.46812,34.606735,28.009108,126.69747,251.82335,16.589516,54.643127,70.74145,114.58324,15.0380945,34.110313,58.416286,35.694073,26.65181,255.88269,324.22168,80.67444,195.86922,330.93506,12.866145,176.77994,135.53438,48.337376,167.75601,5.955339,229.96602,305.21002,45.942604,230.21376,55.884834,326.37045,52.917538,173.6457,245.31888,37.273293,146.91382,322.86404,71.76357,153.06729,52.667213,136.97708,194.51537,6.8944426,95.61352,168.34377,316.57172,147.72215,400.17636,44.032276,74.89505,301.0061,198.48163,76.74313,71.951416,215.44765,242.17738,173.55064,174.7411,287.02524,88.20241,102.966095,129.01991,78.638756,177.37538,51.948242,250.62975,64.191086,132.26521,65.446594,88.45849,180.20622,169.49759,97.41289,92.577,105.95041,53.29366,13.075408,255.21683,108.50138,263.035,28.744112,54.616005,41.098804,0.116007574,202.65147,146.43097,36.699005,52.31441,39.84754,114.89806,135.96063,75.71505,132.77249,64.50078,17.845007,208.25478,85.382774,41.284073,300.10013,188.08072,106.715034,317.33777,75.59723,330.2726,49.95501,57.24432,52.197075,291.01245,126.895,40.630642,251.43768,157.10004,91.752,208.42238,25.715382,53.119633,44.327465,15.632656,272.614,57.288437,68.8311,90.693375,109.19811,157.06113,252.02965,183.60933,120.48927,240.82195,63.143127,251.08545,130.66327,12.547574,310.86594,336.10672,279.6075,255.37204,139.60602,139.14917,73.48492,133.83974,216.89825,335.4561,399.89935,93.647095,370.8868,244.8232,85.97664,169.86559,46.965645,5.590885,296.65143,118.33432,53.81958,6.988804,116.64892,70.14059,232.90106,181.44493,57.766994,185.4274,85.88347,82.26196,36.892475,74.57482,124.521,26.864489,6.8822365,269.70978,198.8093,252.68224,539.89014,55.61455,98.73119,115.59014,138.93935,161.81981,139.7623,202.86365,30.130428,193.00046,340.55756,35.26484,86.5414,104.36588,29.668863,63.51353,70.06211,16.646168,61.439037,273.7121,155.48265,75.62935,108.74962,137.88654,152.1899,301.94302,76.62385,26.20069,144.7308,118.55466,447.80386,123.740395,102.62095,37.763252,146.0612,187.57333,38.428284,108.14818,262.10556,183.33061,138.71648,33.32402,4.9465175,168.34067,192.599,116.092,18.25637,192.93129,81.17877,60.58947,60.849037,73.604485,275.86996,164.78008,413.0663,151.73938,64.362366,145.37352
SPOT_175,69.10452,75.49041,137.13899,213.64008,155.13786,355.4232,82.55413,28.12836,272.99817,235.40205,275.80176,215.29095,86.19836,58.768757,37.67796,102.07711,135.148,11.510832,272.97577,367.02884,236.49449,83.49809,73.38091,368.4444,83.70203,69.939674,337.3807,46.873672,9.129889,12.318134,261.7763,401.85724,119.23241,98.97626,257.71622,20.27531,56.579617,13.557653,216.12338,25.059147,109.68013,145.55765,127.924484,42.016964,41.24932,145.26546,321.55402,80.89979,394.5311,166.78114,140.07349,75.45587,28.427486,161.18903,77.58284,103.767586,23.825954,222.32857,158.38681,78.23201,66.05666,18.821062,224.36168,242.47012,133.72217,79.388374,170.52544,446.7477,238.50308,139.39444,15.922907,185.26093,64.07752,76.130325,152.10852,222.90959,134.74036,169.51776,238.30434,139.16287,172.23393,222.40665,53.55019,205.99344,73.03246,343.669,9.88217,50.74766,101.65939,53.96725,145.5314,24.62466,5.8669167,82.33338,98.1484,32.910507,131.27855,43.224346,81.219345,397.09732,154.8165,329.87732,318.29095,161.16064,199.52362,373.767,240.7276,114.84347,218.65186,164.74878,295.82666,57.895916,217.44089,72.76566,121.70811,167.34729,56.09138,248.46066,166.98224,24.138304,24.904526,355.0727,217.40338,5.7881374,35.720173,276.40396,135.28568,365.95163,174.17734,74.60961,244.93698,186.43932,7.8948555,83.98445,127.60267,375.93536,218.35503,9.639101,13.248958,126.2713,10.29142,327.84848,275.98743,210.355,66.96074,75.52901,1.7670856,475.89865,199.33023,318.0777,93.10853,350.76587,148.98979,346.55206,140.48256,29.729433,288.28888,141.31981,54.386276,45.54399,144.09598,196.25755,217.71764,240.8885,309.71777,57.332962,35.264183,46.55977,301.44595,128.81114,14.832504,140.18419,154.41496,336.3359,96.95527,160.05582,64.29123,167.43088,128.20337,138.35318,115.4923,80.29026,205.8898,114.10725,82.4688,261.90497,107.3342,74.32356,104.99048,46.06846,19.820826,167.6145,147.63892,306.30267,114.8371,363.80933,211.58195,211.60425,66.962204,22.241064,82.27057,228.48526,48.195095,39.08258,235.52925,73.86824,68.838356,141.78548,51.52233,144.18929,20.739037,37.217747,263.70905,81.09171,106.160706,4.100933,132.06897,98.719635,32.791836,114.91007,16.705917,479.68118,227.68044,164.1035,14.054322,250.96013,68.11121,272.4252,14.876419,54.89794,123.32766,190.82243,183.00655,28.74636,37.709957,31.83615,19.452578,58.77849,273.17038,402.53787,260.62192,3.860298,8.548376,196.69637,136.37363,307.85663,142.45605,50.35169,50.74284,112.83914,76.95397,186.18587,229.10925,47.275024,85.61712,18.973972,208.22917,300.16364,77.987434,172.79173,318.72928,82.11755,82.027275,113.07742,320.80237,34.903023,223.85837,120.64574,46.699715,216.55214,27.740921,19.417814,271.33057,150.38765,11.288393,22.35566,41.27237,50.810226,152.8236,166.60602,133.82886,288.962,344.9804,253.93106,184.11859,19.042973,48.240875,61.95127,9.251851,187.74178,257.2556,120.7676,9.234625,275.80667,95.38221,288.70016,301.1811,78.59443,213.54073,56.272026
SPOT_176,233.88809,13.671199,278.95816,260.3871,170.99962,12.780118,130.03705,26.067242,298.47818,115.49035,213.50853,201.60048,71.184166,674.1683,265.108,517.13116,6.444842,113.21261,177.53809,212.22058,186.55882,102.86752,124.50714,117.278046,60.219204,180.5845,145.86185,155.83658,208.26886,110.65566,89.97932,160.49437,439.36566,140.9861,210.2985,36.331802,306.22635,127.25783,69.04522,145.96416,208.98947,195.31815,120.1886,185.55127,92.7325,267.6822,193.61353,23.197918,292.76138,426.01334,178.14069,289.99155,165.83437,85.874695,233.95709,438.1803,42.740753,266.05673,187.66566,456.83395,134.00192,2.9044962,11.244372,4.5719213,189.84857,296.1665,214.58188,13.914482,252.34634,37.33404,36.536575,39.111362,380.65866,134.70473,372.71164,313.84763,40.867493,54.14064,369.388,205.5112,137.00023,138.8115,49.752205,68.476875,43.777706,126.44044,265.1336,133.02255,226.39857,271.05374,214.72693,44.208275,117.80579,163.47253,193.38068,338.28867,197.79665,81.23935,51.283,615.8483,319.20087,122.286644,164.2307,136.51637,54.576252,348.1314,92.39956,117.01463,220.2024,83.351425,93.687874,0.38213053,291.4546,189.18912,183.57837,352.89227,179.31216,221.12167,96.8981,292.1685,273.28052,2.7666323,192.21326,23.124578,204.34239,241.69255,33.153625,119.04981,270.73138,314.72134,201.52715,544.76416,123.71866,121.84325,39.71186,510.52124,94.61846,155.03197,21.746784,112.319916,124.59375,323.93344,64.62513,222.51398,76.07449,67.894295,126.811584,231.50111,179.60085,39.884125,442.6645,175.59702,111.6069,358.46927,84.227104,193.43301,38.506496,81.36401,253.53111,55.79465,101.14626,110.69364,121.25875,257.58188,66.33748,26.0026,407.65323,139.58244,1.4329228,190.5101,120.44011,76.43858,65.09922,44.91991,84.008446,170.85858,73.25795,108.801704,84.18599,29.794935,204.65117,271.60458,206.4819,129.71466,94.143425,346.95798,6.8897715,9.307788,60.685955,192.05269,162.61288,68.77523,170.52484,66.901146,136.52325,239.6624,190.31479,81.04362,552.6586,174.95345,241.69223,202.23824,300.78195,239.01453,111.125046,242.07884,322.55313,252.9281,193.20341,97.301445,360.76642,65.23319,181.35228,303.65976,94.02253,71.36081,208.61514,234.09041,198.46933,43.59438,78.12463,97.28531,106.14744,107.58951,35.420624,88.6336,258.3946,217.27055,180.62016,240.77242,143.64322,333.5166,282.77112,394.69904,52.730114,50.48792,54.49739,67.53273,182.52315,433.73398,71.93958,7.3670244,99.99478,71.50039,25.348925,210.50476,157.07199,120.96441,379.6514,573.0785,201.42572,101.41377,0.24903795,161.31071,129.32869,262.6739,175.3058,86.52274,381.82626,1.5553272,114.752335,209.8318,14.034545,134.92262,40.320858,14.17108,141.31464,8.168643,160.10197,47.055786,232.24077,31.958008,107.61974,59.964333,130.8677,228.73045,23.317991,192.45712,93.03932,207.14612,56.023293,241.56084,33.577503,248.3726,13.212024,203.74411,34.378094,35.004112,196.57896,194.9631,196.06259,58.335873,70.86035,108.85843,89.70898,242.64558,47.052765,184.91777,9.711076,31.633158
SPOT_177,151.97554,79.938736,111.96625,5.5009084,163.45638,162.41621,252.1665,208.53394,1055.639,367.66595,248.25552,42.219,119.27194,371.86102,282.1244,2.623954,229.75073,74.536644,314.52994,580.5551,175.04916,393.45813,150.16049,20.099827,287.22043,105.44659,176.25688,228.48975,268.52304,71.72327,844.3283,774.14215,56.20876,80.17756,93.19479,64.278145,116.7236,46.72069,0.11841421,281.5039,6.486808,74.43145,31.459469,65.848785,347.16815,263.5953,9.37867,216.32736,225.79074,11.084357,84.38634,330.3021,283.7302,239.00493,87.616516,167.72015,391.3015,99.22666,153.98705,76.90956,105.90139,339.05124,294.38132,75.249054,28.74141,112.9423,249.49724,208.90201,64.371445,218.84122,60.056705,52.59854,85.142166,42.021996,45.321724,14.702195,36.82783,245.58716,196.32874,110.56049,181.56203,103.191864,13.708208,15.884996,101.10198,28.239023,21.421427,96.55314,165.03983,149.984,67.17797,125.49672,315.55252,103.67763,179.69728,326.08914,29.766176,270.31064,120.048,5.989998,52.37663,89.56196,167.62424,263.02872,230.76021,246.25797,64.332184,9.289319,278.47446,162.48203,25.496054,436.88104,72.917786,401.93484,134.27733,352.68176,214.3208,57.231136,314.56644,161.3262,286.62076,384.9681,197.75302,61.016914,272.23242,226.42348,235.86116,100.67958,55.59946,197.38661,20.468582,146.26036,193.3433,203.68753,120.890015,158.8345,170.18167,55.587246,56.76553,286.33694,54.968887,319.9538,101.86283,117.33701,193.65341,100.27864,262.34354,209.14859,64.49995,243.52875,298.7593,191.9957,205.99652,206.01868,330.03937,91.37104,88.17026,122.49442,63.984596,252.04956,42.767277,253.21269,251.94661,245.81429,238.89143,130.02556,130.0844,29.286474,113.68113,248.72356,125.07113,212.16344,63.10081,53.817547,129.32114,494.82138,147.31778,99.79618,269.28354,309.2838,32.498924,235.37573,323.0814,148.76422,61.65521,23.063143,50.87622,176.13287,98.34181,69.59796,106.844894,187.10625,103.91408,174.19435,70.67786,106.097244,317.4502,118.90312,254.94296,66.8581,17.308933,63.83053,298.74603,192.36784,102.39801,89.62597,221.71785,204.37408,247.56577,223.4461,12.661456,38.67309,264.0783,264.98248,120.82598,103.60807,375.4264,245.4241,59.295033,177.65305,207.5899,268.76422,51.00635,134.24368,265.1508,250.0063,126.07825,16.14355,32.287617,89.66156,258.12347,38.52378,49.170723,206.14561,191.08965,89.981186,237.37637,308.41986,23.429861,198.82755,161.32693,309.01236,290.4534,60.62331,143.77164,97.40828,155.65816,272.64676,120.89337,17.433226,216.51833,9.907734,138.71208,473.57104,124.84905,108.94315,76.705086,26.098116,187.37892,155.15126,352.9651,394.83884,151.61179,163.4655,77.65117,17.90393,108.86245,40.761265,30.399632,333.3585,38.454082,93.065475,151.39157,62.038155,352.06296,0.013214545,196.436,447.95825,168.88963,67.92325,113.91674,108.936516,77.42331,12.588539,68.40958,183.6147,105.76389,133.6736,364.46265,320.98114,95.29671,205.65704,396.8476,237.05249,137.32375,18.866251,315.3261,173.69043,2.7542331,39.556046
SPOT_178,124.73834,495.30118,34.841312,131.07089,137.90216,37.05333,24.329079,44.371017,478.41202,67.283516,1588.9198,628.6714,83.58084,220.30193,70.66521,20.103518,109.63471,97.207,58.434387,65.12614,143.818,60.739647,248.45026,361.05936,579.0506,49.440487,60.255,210.27045,101.12791,152.17354,239.69455,682.1269,1.2656988,18.249043,118.77629,100.06266,150.58054,74.5846,54.580063,241.91699,105.03052,316.22443,119.4334,124.10751,131.73912,173.98822,396.60464,256.4016,179.73627,33.435818,62.85583,13.5019045,28.544878,202.74182,40.266693,108.06107,156.82535,95.85674,49.092754,77.03737,155.62273,80.86427,8.418722,281.67368,46.611073,88.78183,79.47373,56.176395,85.32166,63.76333,77.802284,145.19205,13.689295,117.56863,52.606236,142.27293,22.048536,170.2353,205.99063,4.473009,2.8662384,107.18639,319.5441,14.597212,268.36032,212.74834,244.31654,89.35913,214.65352,60.34012,103.00865,50.63428,1.7434716,124.80887,157.96745,221.03561,249.82597,99.316956,126.192024,225.95038,417.03952,185.96066,35.02242,75.40483,347.9943,212.95824,317.7896,259.54294,114.42547,235.06975,294.31253,129.98566,62.870358,63.29148,16.903322,54.556545,6.1190295,50.396263,44.837906,51.98143,94.36055,198.22414,150.66663,70.2362,61.08799,156.41876,49.935276,118.94906,118.57156,17.019377,246.45941,171.254,395.43658,71.05659,310.07513,87.98323,169.63364,184.12564,364.64996,68.288475,182.68304,214.27554,26.501966,364.92358,374.9215,105.19317,272.10107,251.24254,188.60997,199.4451,160.51428,349.11136,368.17496,98.62949,307.01144,411.6609,164.53021,245.551,271.15942,13.8415365,101.894,129.08058,4.5266104,29.55885,39.909378,204.2382,38.6909,304.77103,44.635662,394.43625,220.89781,15.624107,31.427519,151.19759,28.837221,176.85344,239.46652,61.849476,64.01668,410.63293,48.08334,66.89905,165.76622,94.04799,183.29541,79.676796,221.50015,75.443344,247.72131,16.256372,6.9851584,587.73395,182.97665,367.51245,49.418983,18.962196,392.10214,242.50214,87.18019,83.65472,199.6013,233.52876,126.2056,234.16818,7.282785,146.69272,146.92203,10.999138,115.842224,300.04553,100.54194,155.86612,45.10681,111.629654,66.402916,343.7918,161.35625,17.853472,27.17955,19.138882,32.683613,25.56885,29.01972,227.43564,78.86688,211.77728,271.26755,290.04892,229.80156,117.55757,87.9136,178.12209,47.66381,108.46543,190.39957,254.16943,95.70372,12.504062,0.5239898,143.57645,70.411865,76.741165,8.381052,87.60315,144.37083,37.262424,213.40547,85.133514,22.79221,47.718983,114.67963,221.2634,245.09903,15.36771,151.83186,102.10107,24.104404,212.81145,132.2199,14.687707,133.98196,150.43636,164.25014,139.16388,53.507263,88.10455,73.36171,153.78316,186.15868,613.48944,127.68094,439.0659,148.03429,57.322937,172.98714,46.805485,70.544395,52.24235,132.4801,117.66626,2.84527,11.603397,238.71724,184.43658,267.39862,53.001595,199.01163,469.4981,15.704566,103.899864,12.839472,78.643036,60.251892,184.99324,66.062096,246.38158,67.431526,273.7322,23.412289,229.28075
SPOT_179,137.04112,231.6259,267.93585,22.641006,62.687233,107.09507,152.84123,155.98239,0.11046621,165.9155,46.696533,367.047,211.63316,501.33575,162.84996,104.564125,260.91678,168.293,159.41055,208.53043,445.81253,154.51889,36.872845,320.04782,14.2731,60.858307,67.52423,330.42303,106.89302,343.31677,70.38346,87.24168,28.650898,69.230774,278.85913,269.5024,132.51364,92.03467,322.9126,12.7178335,93.0433,35.60777,1749.4688,683.49194,538.91,183.69829,222.20695,118.81437,217.89653,228.03098,226.69711,33.612137,36.023476,74.904205,182.59392,32.10585,10.058706,215.44934,139.35765,258.34747,339.0762,19.982208,114.70104,172.97163,136.15227,104.31814,270.66022,332.7015,129.15468,113.856186,120.4273,273.28812,26.270529,225.72305,26.477869,4.535526,125.03024,27.25846,186.99106,19.790022,131.14122,71.98936,79.48286,51.282307,247.22498,53.917305,267.82938,117.85114,153.06844,39.562973,48.338303,364.71463,390.3714,57.048466,183.01791,247.98282,30.886095,32.295784,190.36865,231.35127,26.328974,9.749069,112.4551,153.8429,29.032156,16.232803,24.143703,184.91455,76.40491,95.39513,110.58656,118.03721,198.42018,12.724287,184.10489,48.783894,157.34225,271.25327,261.36517,160.35469,183.54987,234.14256,16.731602,166.84416,99.89804,113.00906,138.73906,29.927774,132.02713,9.220821,67.565544,38.833755,55.283504,43.175224,167.74391,21.906492,273.7004,62.84065,165.73643,548.2567,397.8032,139.0132,169.4336,292.12573,210.96239,261.25012,36.9734,89.09523,115.08442,165.11478,33.946075,294.56824,289.9156,151.30858,276.06442,112.71547,67.75135,21.953161,309.4719,219.41762,6.3397985,93.777336,273.90048,93.7624,27.38127,109.04485,99.94765,146.37589,615.58307,19.789177,31.892275,29.487095,273.21802,8.771046,124.66429,67.87665,249.26558,232.23279,207.6451,158.304,66.449005,184.31018,134.35846,44.536194,53.611366,119.98518,46.745823,130.00787,2.1512938,120.43978,199.38515,23.169538,321.56158,134.01308,280.2321,253.99109,1.7914119,2.1644425,22.608458,120.2502,400.6287,271.9674,205.97168,18.34727,8.87119,123.41341,274.35623,308.54263,219.40388,270.73944,117.84688,145.5353,105.98952,32.34309,148.9386,220.95375,84.85824,399.008,17.582773,142.6179,394.187,10.563143,147.48495,117.50676,13.976959,178.57573,5.952878,85.60586,424.4394,34.60754,95.001915,127.40696,14.952561,21.092913,10.64708,284.7591,407.4399,174.36987,10.567706,11.37411,81.816025,65.34056,89.914314,183.72215,93.79127,40.700863,196.77771,112.45952,172.26657,142.10403,173.60481,135.10948,153.3238,28.411331,368.06784,160.94296,77.29196,308.92654,91.13321,99.12346,402.40488,146.374,27.259779,48.566647,174.28915,52.11992,147.38933,41.437603,19.834358,177.97482,73.55079,107.39353,159.70227,125.4053,43.82078,108.16247,47.165455,38.373295,279.6964,24.809223,73.0516,3.2184477,353.76364,30.231228,45.85202,356.6495,16.628347,78.82499,62.35768,408.34848,180.48615,261.1797,221.2485,170.0868,117.65375,233.95287,328.02017,213.54172,221.51907,186.4598
SPOT_180,397.86743,57.544514,37.08873,353.17828,444.397,115.28676,423.751,68.8143,180.13974,373.89053,140.52704,141.84343,132.58986,21.393518,406.22012,1153.0696,96.597,36.751457,68.30003,34.064045,72.431625,157.5733,160.95493,59.185276,208.73712,315.0559,5.33599,59.542942,200.83487,225.54898,225.00006,235.13667,301.76828,187.93536,152.14023,98.20101,35.08088,10.172254,140.5143,129.5452,42.68931,48.60902,203.62294,142.44151,65.04576,8.127291,214.16342,188.43137,15.601883,280.46735,94.255424,231.87929,277.4521,42.422607,288.6375,98.775566,105.0846,200.11185,347.33008,281.21884,75.75885,324.3566,183.80971,194.05733,89.12052,429.90402,166.12917,87.17528,215.54488,330.0951,95.06348,259.41556,115.33721,155.29164,185.68765,52.91072,473.37793,238.44656,88.86021,148.73196,250.52548,200.02454,248.91338,18.523954,94.99986,184.72218,8.198794,175.01166,54.541153,274.74814,320.97595,59.157284,345.81235,56.90927,38.34419,31.656927,133.2004,51.075886,505.206,145.53496,5.4082227,121.44778,163.92957,78.66509,94.77704,178.35919,14.81022,14.204901,20.637093,27.363567,49.88593,372.51236,97.34748,76.2016,141.66132,19.53169,173.45746,543.43494,369.14905,134.62979,66.383865,26.63756,425.2118,6.1666384,425.11682,135.08899,208.97072,129.61525,211.63065,316.9584,17.043715,149.40468,94.15766,273.65643,66.26309,117.288635,157.76338,3.152793,92.55752,324.18015,194.36726,15.8825865,246.47623,350.0929,77.62512,20.000242,122.61246,218.89903,308.8732,118.43751,53.4185,260.4469,32.396973,27.657282,16.730722,89.43956,105.26898,5.2311907,221.63235,186.55414,137.39531,20.166803,58.37142,117.03598,107.17855,91.266815,210.4006,34.642227,288.40674,61.53949,188.87062,1.8254656,55.757454,33.580906,149.79684,161.97728,153.70601,99.65915,194.1496,76.63148,102.42302,33.427193,132.15897,38.039562,94.190994,137.02446,113.503525,177.10944,189.58922,43.581234,264.44604,121.84171,231.32686,163.72102,7.1696877,40.151817,186.53503,119.13648,47.06678,81.04285,166.37294,19.49665,205.98196,131.8002,319.37628,55.25788,49.82823,79.0945,49.776596,518.80853,79.54146,156.18437,153.90262,561.7758,250.0053,71.305305,143.20589,164.1981,242.42462,203.09406,216.7947,111.64753,164.1848,186.4491,72.19797,122.21348,180.21808,133.07608,4.410451,6.7127337,194.09698,401.93506,151.88931,171.49892,107.25393,144.96654,83.38664,151.30515,12.753031,148.33087,100.47924,74.06653,103.68216,31.615488,19.104752,65.994934,329.63846,140.56029,358.2857,25.130142,110.34695,37.456593,206.28479,230.3178,164.1035,80.1324,121.55416,21.291407,172.08653,68.13914,58.125866,52.660194,317.5177,91.986786,362.3332,74.04024,210.57227,161.07112,161.2272,112.24863,126.78405,307.03967,65.82845,184.70145,78.6827,153.37148,155.56653,158.06628,114.386,218.12991,22.183844,7.879983,42.09756,159.44923,185.19499,1.4134457,179.15375,130.62233,107.40143,21.62895,92.622116,44.056984,13.284721,115.753716,57.958992,328.97623,30.010574,122.6996,55.202473,143.11555
SPOT_181,26.515617,122.120186,192.57259,158.14449,118.94594,187.50928,230.1865,77.64728,33.905243,244.49934,52.909367,75.45267,297.48767,135.48814,231.5347,34.312576,121.274956,1688.7545,97.5625,51.422577,111.980095,22.791199,328.44244,7.5549746,87.657104,113.89614,161.573,122.85544,97.73625,28.750614,225.66605,339.25287,79.89865,8.054418,13.332793,176.7256,255.53818,160.61763,141.86058,323.75137,353.32272,975.3261,133.57664,189.55162,692.6661,256.83096,185.23636,97.37922,246.75104,301.1564,193.77243,78.80028,369.77924,301.8682,10.722723,99.79204,264.56888,80.41104,331.49783,231.46487,246.9648,79.247284,202.64891,88.82941,55.28863,449.0039,377.90118,55.939896,366.3769,47.47615,440.8969,290.23572,112.63703,132.25998,34.959126,87.100136,142.89813,198.87717,124.9131,171.70403,161.8639,63.542435,108.28287,115.320786,3.7934897,102.65653,363.71454,131.53535,82.95868,186.54694,156.00717,59.576794,145.7345,7.12814,275.96182,27.028751,338.93546,371.28275,82.447975,75.28952,100.62466,146.98697,22.268358,210.37297,90.06996,249.49908,261.49857,38.927265,182.78043,205.4746,77.502266,109.55281,311.0206,61.12015,38.005306,100.04724,25.347347,291.50195,5.2574415,127.66193,32.89119,93.40611,79.447205,96.99971,89.991806,213.62053,12.460763,176.14948,205.45157,56.158295,73.544464,73.91807,330.55118,47.96954,309.31802,139.65773,408.86478,97.974174,93.04984,43.085533,188.29115,198.25966,3.34594,77.45886,256.46683,146.47562,11.8241415,151.88318,104.482155,12.307564,176.6608,8.744745,291.61826,95.83453,209.13797,36.06398,176.01067,100.62088,406.7618,155.69978,108.114365,233.56436,92.2447,252.77545,236.96948,487.77756,36.349598,190.82744,102.675865,57.577236,109.528465,6.209334,50.936077,68.86843,278.6415,43.50823,391.65598,49.7331,408.42795,102.29669,45.49954,3.5748422,30.56296,209.68753,394.34967,81.84548,299.40732,89.39517,167.14528,108.741005,13.066497,56.98763,15.3887415,382.73898,82.79506,110.8975,247.82474,69.65993,57.776493,176.65231,47.015625,154.57603,3.8175187,62.147198,76.99532,239.51515,67.87504,18.702925,48.807644,20.580503,458.9246,345.49908,23.678925,146.13264,224.29433,66.788635,54.418293,286.0246,105.17623,321.01517,286.32083,79.00795,29.729698,0.7646674,74.34332,14.81307,6.404641,127.84365,152.01643,79.11369,42.605225,281.43076,20.840055,200.51855,289.9435,237.092,268.54623,269.6172,18.492996,99.295334,257.7091,54.5231,142.42429,10.023724,359.1406,133.91368,61.840862,226.27316,267.0874,48.236835,364.51572,69.140594,313.84738,137.38664,52.415714,55.28029,13.00575,236.185,45.8064,367.54858,175.7295,23.623035,16.946697,59.717865,221.97235,190.37721,136.26212,165.5208,238.1368,154.71274,31.628616,149.62132,56.626255,159.89021,109.5812,53.51652,68.127335,205.36427,98.42963,82.30381,363.8229,68.406204,400.71228,29.015402,17.08206,52.976036,226.46103,238.74243,17.47732,112.87633,290.7162,23.603552,16.694866,26.083763,230.91673,329.18896,270.6643,223.42653,58.673874,141.18802
SPOT_182,148.91298,283.9787,155.89091,608.06116,302.6928,166.23067,7.9751663,85.335205,256.1605,526.50433,79.22304,140.62071,168.16522,25.051695,13.9937105,878.8173,66.19114,70.40434,84.200485,132.21202,175.74239,304.9781,165.23323,282.5768,163.0325,754.6361,137.19583,40.49549,22.577057,23.18629,78.71343,164.36697,310.854,149.95154,298.15015,89.11701,146.17229,97.7377,274.2199,472.403,64.64509,26.820942,33.469673,169.29071,109.87121,207.16037,249.16502,163.32304,123.73911,90.87264,158.99945,82.76405,74.765625,297.67004,183.56085,135.39386,328.45584,352.38556,16.549877,31.122503,80.5621,29.615442,30.955576,26.106096,114.56707,152.78392,219.5602,197.55933,98.2652,153.53181,282.63718,29.086288,141.472,99.211716,152.1141,64.72408,52.276386,44.34228,172.49796,185.75089,36.88964,199.73788,464.33038,15.33288,49.268017,43.607452,63.687412,152.47086,78.9431,327.8703,361.6547,5.8163576,201.88191,177.99747,205.40424,22.977377,10.960187,158.57164,424.39792,48.635674,38.467278,7.7454724,590.1406,310.56445,266.95496,14.957783,105.34804,209.26358,49.6554,104.201546,365.76086,69.265015,76.86596,146.87944,342.17603,116.36689,47.95808,69.906876,32.82586,284.00766,318.70273,327.70947,319.7429,2.6868658,69.534,120.80612,62.34887,167.72427,55.423473,128.29626,187.21906,31.374823,173.62549,93.22541,240.1138,66.10646,245.82597,139.15665,361.2665,245.66803,59.738064,47.25871,2.8706946,141.60756,216.10857,310.40012,242.15648,168.33095,227.72894,279.4899,125.80746,133.27136,174.13144,152.4403,80.01661,72.80688,214.62029,112.20372,66.03966,99.539406,27.377323,481.02014,156.70088,78.53855,76.16591,60.02696,213.30092,59.83716,195.37483,53.740444,233.67639,221.85104,105.66843,102.48768,236.3475,189.70268,20.113867,91.53985,290.40634,29.320864,31.600475,17.605888,322.83902,241.6156,69.24163,142.89748,62.945972,193.45932,155.12206,54.371113,17.899889,29.133268,27.333344,91.40456,60.64255,91.629036,105.33886,21.373648,48.498787,220.62062,127.80998,199.823,319.07614,105.36562,128.02138,135.21979,46.063705,160.70447,15.758512,120.74332,254.9624,0.38230184,127.50355,185.11487,154.94856,14.725611,191.37318,69.81053,56.869358,186.38776,162.67838,40.09715,117.16147,25.08153,456.69424,251.74377,217.39394,31.527052,127.22326,155.43907,51.866966,273.50977,39.526474,317.83478,71.09004,82.043465,22.731947,212.93674,147.41063,292.17505,9.257032,570.2832,18.375895,75.623116,39.043552,207.08081,200.8605,111.40652,159.3038,60.042988,28.680933,134.79575,307.5514,132.51067,183.22903,339.00323,313.98718,156.42447,136.40355,147.30788,81.86058,69.8496,126.19416,140.91063,148.09967,118.75199,126.361206,147.79703,113.776955,82.80174,198.49956,69.132614,124.026054,411.07056,326.00955,84.227394,118.64023,311.3882,108.12488,84.20644,22.802633,224.88455,181.6181,251.97202,277.21423,202.64752,57.67141,160.94615,262.9327,170.11623,153.58711,34.424076,163.05566,333.95853,6.597417,218.55652,446.0411,163.51654,211.4828,168.41026
SPOT_183,418.98517,227.69534,98.92494,917.49316,866.93134,38.996258,41.273624,179.618,178.04243,247.94115,218.2706,213.47365,24.922234,9.565097,104.33966,952.2806,63.551903,302.06833,395.1323,329.04382,414.4355,0.67173654,364.06537,82.45144,80.77537,231.95276,281.02502,113.26148,166.16873,287.24878,157.43436,151.38518,136.09149,303.36252,82.38056,16.88779,550.4141,222.26097,123.73621,5.6591163,174.28967,17.307926,87.82606,21.864557,57.43687,15.452666,152.29706,179.82285,38.48807,127.89491,86.81133,162.3885,238.17212,40.53297,65.0042,38.60723,42.12496,468.12128,107.368256,87.40095,341.6503,293.43085,86.761475,100.020874,0.77059776,62.315525,78.420616,75.09402,113.38277,10.83787,232.12543,290.1496,459.41507,133.33365,59.617455,309.11987,187.6766,105.986534,87.61505,121.650764,71.35355,10.735071,58.73258,46.64648,45.16131,180.12326,81.48434,91.653336,80.53456,228.60472,351.41083,167.90033,64.10811,219.12141,79.99893,129.86247,12.474384,232.59721,116.834656,15.849914,89.952286,76.98127,44.482826,261.96625,409.41214,74.65558,307.34885,47.898758,188.976,88.477806,7.8871818,20.984272,335.0812,154.0311,108.858986,128.34071,285.59958,7.290983,25.509678,78.00295,62.797203,357.79272,159.25725,115.983505,109.701065,40.749077,63.22105,252.92735,392.59415,81.2747,284.7768,110.034966,198.60449,167.24355,236.80696,181.0895,219.74039,175.3786,24.781584,110.09835,99.79693,275.3688,59.356293,159.0925,338.10678,148.96068,123.263214,303.93082,5.175345,117.29099,271.92538,228.97934,120.236465,100.32139,265.50598,114.53398,52.10392,121.36523,217.81679,165.63692,159.20285,374.01392,48.244953,20.727024,136.05959,172.46494,177.01723,176.4021,18.957457,97.80672,20.27198,72.78906,20.136518,77.6436,63.652405,567.23505,34.815575,123.28844,5.518599,61.860367,48.839573,34.73744,30.75115,349.8402,151.61076,127.79548,36.865044,239.7096,220.61603,163.306,65.86655,7.8924055,98.26487,41.59841,131.0302,150.82222,343.8094,216.21147,25.383972,54.313004,26.593472,233.2947,54.348484,186.58852,89.38368,254.657,150.97247,175.16983,103.2835,83.139305,76.4449,205.27621,320.4026,41.60862,198.35019,225.22116,272.04398,10.771724,237.35477,59.993725,298.6529,113.58031,90.92976,65.46286,168.02232,173.64394,242.26813,312.60272,130.32497,111.788826,100.34691,72.06094,72.2493,78.73837,186.83174,334.5362,72.196594,321.87177,12.036097,204.60643,202.44597,264.96564,49.26927,276.5196,8.695318,25.731308,372.32425,62.577316,171.50798,76.11254,52.57132,100.29636,69.381744,44.90328,37.732544,145.69534,367.4402,46.73004,126.1054,47.783752,460.73447,66.72596,207.53554,175.81232,227.94847,89.067635,179.36862,50.473316,0.6798481,71.26386,22.230291,241.21776,32.01777,189.2678,157.03014,3.3092391,18.623295,56.275986,96.55758,271.53833,201.64261,417.30963,139.69052,71.57832,2.6164815,125.47157,29.172136,5.1305256,93.82822,86.975006,235.70808,225.14703,178.71616,290.723,289.3999,430.12793,83.76998,118.5654,30.06399,24.338594
SPOT_184,109.011215,353.0832,5.5427814,33.338257,119.034485,19.990124,119.542946,99.859116,13.102291,39.056934,119.229805,224.49379,178.47147,399.98383,70.76228,90.2062,413.9288,410.90353,217.99591,91.768295,220.9093,195.28868,20.301928,18.015833,11.44548,209.90326,58.062946,36.90458,123.96239,75.72669,94.52835,131.15814,305.96957,18.730932,47.478264,71.489265,84.394615,115.33118,58.24663,70.528206,52.114418,381.58423,267.93973,1512.4006,663.7096,138.12175,71.957016,247.10902,175.13828,227.20016,49.997204,249.49915,350.49756,264.904,144.45595,0.6693246,71.37775,125.72677,168.44945,220.76164,24.542038,82.49395,93.63465,183.04861,238.90141,222.11102,174.51309,211.66824,42.674404,170.71027,35.352943,30.95992,193.86903,28.721693,24.49772,91.05427,227.94096,159.938,84.38366,528.246,64.08365,68.56599,167.92677,74.381805,24.915218,87.6371,87.11729,121.6533,28.220098,258.7103,61.954865,9.764466,358.3171,134.41954,0.11559509,245.30331,53.539257,18.410385,170.26997,165.0891,194.05504,67.65975,117.62444,163.29915,126.12759,11.85619,4.5254354,185.21385,45.78254,364.27487,214.67685,175.63947,175.80713,505.03253,282.5029,392.85928,103.273895,118.51132,106.14126,264.54306,217.21321,190.99763,32.65498,4.905261,164.46893,45.435158,40.70986,87.60924,116.198044,59.672108,578.3953,162.29887,239.92282,153.41687,94.94049,467.89713,92.22365,84.972084,43.184,360.92413,74.13999,265.80917,185.21,172.88313,423.3966,314.08258,70.994545,5.5931473,131.61353,22.476131,234.17642,19.858292,396.71527,121.84345,2.6986897,392.26862,110.790405,312.426,51.80888,90.707855,274.5264,45.186504,194.88356,238.32622,30.275179,46.947,225.7325,46.843613,62.388615,11.7026415,56.461853,72.75272,274.32376,615.52716,336.29074,181.4492,34.635876,309.06537,268.45877,248.89763,202.01944,43.41211,29.288057,226.65604,219.4502,26.54435,129.18105,371.93018,160.42345,45.127033,284.01697,65.02623,119.13563,139.98624,92.29392,30.738144,202.3212,202.16551,90.9837,362.6084,54.57201,67.18469,20.010172,598.22125,11.432061,136.35913,14.6563,9.986319,183.58261,285.16275,132.55513,61.126884,292.25742,125.59125,325.11557,60.088264,99.8046,191.7691,111.34766,183.22269,71.24868,93.234955,104.344826,126.674255,300.55127,15.778074,283.4866,7.230169,34.480965,149.65364,58.23293,158.5815,130.97514,53.65445,147.655,167.43254,196.4019,172.86389,21.595749,44.54181,19.430752,223.41739,222.92116,85.7391,48.52611,18.773695,485.7235,123.26163,80.49279,54.439117,163.20316,188.77591,264.8425,128.49582,72.3137,180.84056,187.37564,236.6981,173.37328,121.839096,151.73914,261.44473,94.03071,236.4648,111.63399,282.97467,5.1952,260.24493,394.92618,102.56157,12.875745,123.25385,172.00296,233.27678,35.32097,56.755394,230.31375,53.869602,111.96478,148.61778,84.11625,60.815517,124.67407,129.73265,78.302315,81.71247,83.19553,141.82382,190.84767,15.475035,133.5586,248.06621,292.67725,85.48627,43.832035,3.3436866,427.2715,353.2373,36.825172,35.801216
SPOT_185,58.847748,212.32742,323.98138,240.8325,54.305832,170.09328,261.87424,264.4661,48.07673,330.1963,116.155815,71.69807,14.320821,6.26376,111.92208,189.44223,75.39422,890.70447,140.61002,266.8336,296.27267,367.603,392.1476,244.99126,217.34148,290.43768,191.36115,12.028101,347.3883,15.247251,74.07003,42.914803,85.85213,146.17789,87.08753,430.9388,160.23987,161.57964,44.83593,45.569874,100.90332,675.6851,221.05466,1348.3002,552.1321,118.87965,98.949905,88.92498,177.79718,68.794846,36.149624,57.324493,260.7598,314.83008,163.44402,131.6562,369.88275,155.52267,182.18344,207.02179,70.0822,1.8291938,124.29284,75.46234,245.44763,121.37296,161.6484,119.49255,140.7499,131.17902,26.01463,11.29318,453.3484,44.1146,18.07658,240.65901,40.479248,17.770182,24.040548,34.9171,175.45943,242.1625,185.6767,84.03835,37.936996,366.86856,85.40369,125.68222,211.35837,187.97519,137.23082,506.72238,300.69727,190.79675,181.15742,176.35878,416.05762,41.79809,19.20035,80.8568,284.9945,18.675943,173.01945,135.56349,71.715004,315.5792,240.83194,18.231981,177.34605,73.89468,60.634823,76.36451,18.136232,52.34304,108.22677,26.444225,83.71984,66.97483,102.858116,139.47054,261.03342,93.149925,56.730057,253.63339,324.84885,206.28453,105.084854,63.521805,217.66733,31.666203,113.902504,177.51697,103.84418,26.745443,53.792828,71.55209,37.97534,18.697918,105.32402,408.2947,189.86101,89.97377,54.491947,136.96544,450.10013,303.64914,98.721,165.64404,47.5261,54.864902,2.8417344,151.38132,84.61067,34.558628,90.4329,272.91217,41.43206,19.831573,177.37907,225.48134,1.3348128,18.525635,124.09221,103.563416,45.78383,303.27725,56.17463,34.134632,50.984825,213.10277,123.8307,12.860118,16.239983,97.7039,67.663284,73.987144,70.14259,282.50537,263.18793,123.404465,99.45025,129.72174,314.3879,295.92996,115.65035,113.64277,125.4916,28.89453,52.379726,172.81543,3.1033382,113.81522,174.99327,172.0069,148.00893,252.81702,128.63736,270.53314,94.50989,80.41957,284.5473,45.848022,235.06367,358.05334,121.86656,268.0191,71.04664,218.09492,144.36768,120.10267,30.546726,107.30392,61.94196,116.6427,226.9128,58.372444,34.080128,50.794735,121.519196,239.87347,54.76712,49.989967,85.09695,116.879814,246.35167,50.47078,322.87146,11.924321,406.00824,160.17436,3.9506445,256.5021,255.33649,176.741,287.20377,21.390276,265.6874,25.63595,5.2098184,128.43839,127.82305,30.199453,359.37943,182.29001,37.362644,314.602,184.68439,122.26383,79.035995,402.52734,17.34052,275.42902,4.592053,81.4367,99.60168,339.35803,328.78525,15.200476,42.706192,212.39462,49.889942,81.024414,232.36545,124.58556,70.72501,313.06122,135.0005,138.5037,18.251602,33.2592,114.74292,7.031238,87.053474,183.5435,189.32776,237.70885,109.588776,27.589754,155.35997,195.78134,333.07196,150.66634,22.525755,184.26785,85.13365,230.16214,78.94701,173.8857,62.03231,162.43562,73.574165,467.59415,168.99548,162.24297,14.778466,55.23436,229.15936,45.54539,6.2858233,30.993078
SPOT_186,97.192444,160.47504,191.57896,54.675407,32.788773,59.645863,263.5565,321.5072,2.0601814,115.75236,95.85513,153.08815,97.04183,441.13266,24.921999,327.8778,124.65118,38.47379,73.01551,122.60665,224.93973,352.4687,1.3526666,208.99524,263.51044,85.72766,221.9568,391.62347,53.58703,288.98306,17.876953,34.270107,35.176636,264.32358,286.50226,70.38056,151.61707,57.220398,213.6366,122.80713,84.93782,104.663635,237.52527,363.09424,110.071655,14.381109,146.09314,31.38847,10.534934,334.81982,97.14225,169.38681,87.57259,125.36175,111.40242,315.93137,76.40229,133.45837,105.0486,85.929184,203.90361,297.11996,195.95242,50.047626,218.4375,99.874535,217.1183,322.65143,73.49248,283.21893,477.35635,70.15931,73.29307,122.95115,61.96688,95.990685,389.21118,42.973366,144.96284,423.7878,291.13287,319.3025,117.1304,167.33046,216.17287,9.896666,223.30295,81.28745,434.50684,66.36576,349.7448,81.52122,88.19311,70.20377,150.91887,106.88301,50.40613,441.35025,110.52924,235.8305,36.010643,156.82315,15.636103,172.51692,78.69316,133.13849,0.46440786,115.64735,169.52689,335.98608,333.8721,117.694466,24.407976,148.65024,62.532158,6.19288,237.6954,204.21039,92.90507,182.08844,36.893127,98.41555,218.66454,101.19452,110.00378,63.178482,220.19121,27.938173,36.670387,69.0498,231.16106,42.61551,14.136426,17.078936,70.968155,55.584057,20.514223,262.85,396.5572,125.81512,15.617748,11.124266,73.115105,90.32541,171.03728,341.31546,376.90912,25.941908,19.74349,250.95886,102.78054,244.63205,12.361786,74.83643,83.014496,354.7381,27.586971,203.49197,27.228722,62.55655,63.39593,166.4222,132.97879,85.33243,208.62694,178.22493,213.03815,52.455242,70.81222,184.00648,14.009395,249.2576,48.52108,174.93062,151.84694,219.8999,68.152466,141.76643,436.11346,34.5577,184.43289,236.64143,82.32636,181.097,32.239475,135.40874,187.14691,57.80729,21.133842,244.99112,2.8557758,185.46962,324.10733,25.22678,46.716274,171.81839,258.61603,23.076815,114.73817,155.98222,102.901306,154.25175,125.77347,37.21797,47.62659,126.40411,260.91492,239.34248,80.99619,152.30437,33.32052,237.3462,52.249825,131.77017,229.40863,443.68076,313.00485,60.644424,105.57521,187.6392,218.93538,289.50668,22.511118,39.625866,56.38764,106.66685,66.366196,129.30371,309.9113,134.81683,269.1251,16.277618,103.03778,229.4614,210.64188,176.79674,148.0711,144.81609,176.49263,22.63429,12.43582,135.65804,13.852257,380.86206,15.932216,80.12981,150.28967,38.340275,27.625946,34.856796,242.0672,17.13078,310.01022,113.299446,0.6947811,37.501827,217.6746,51.15064,143.01843,176.34402,387.6546,95.32217,169.59738,115.037,23.508352,13.906551,183.87721,43.531815,12.294969,304.72354,113.07863,124.449104,581.5921,38.44888,76.39111,114.78738,15.961243,78.61684,405.98062,135.6755,403.78836,234.52109,179.50706,86.23037,419.7441,130.88039,117.54462,140.13309,80.32814,371.6065,49.993973,124.83417,174.1193,279.2839,163.9,179.50092,144.57979,38.760685,295.5366,304.03583
SPOT_187,37.508087,100.83891,142.15845,144.67589,130.30518,237.50868,137.01031,207.79462,16.374132,305.14505,179.33662,215.02505,219.66667,68.39459,315.97653,21.782705,148.85931,1156.0322,4.457853,338.73276,314.86588,45.312317,8.742936,338.09836,226.55505,55.919395,90.21186,179.74648,4.4565067,137.55844,183.66315,115.22414,180.31618,26.719313,51.93529,343.67053,64.860855,199.43364,121.03802,130.61919,177.60703,522.4991,737.40967,56.755077,1591.3058,158.85004,363.61014,246.14801,252.05678,146.23332,131.17189,123.96258,427.31436,61.756477,153.39474,365.13275,222.99068,192.26492,119.15869,187.49255,187.26176,41.406322,69.73317,171.76396,102.65549,77.26142,90.40761,320.21667,49.895523,85.585396,96.84973,112.10946,243.61545,87.529366,271.15424,116.07355,177.53084,23.25154,78.678,36.028152,341.068,13.702004,198.2318,411.03232,71.93518,46.406048,125.10843,238.04886,211.97113,103.14837,173.9286,33.238907,29.632555,92.149605,57.99226,19.399084,76.66544,159.85356,156.93253,153.98567,239.00394,66.569145,322.10767,110.195465,115.86887,94.97858,65.15287,198.97318,299.04767,10.363072,358.51437,197.81656,36.073486,110.87852,126.598495,225.08594,282.68686,149.76657,42.958492,213.51506,12.32503,230.7299,166.01108,50.09162,128.63904,104.427765,82.65488,193.50168,241.19727,209.36575,72.22734,56.611572,202.12738,28.911215,88.06424,212.61476,161.30345,303.25333,181.28662,100.118645,7.831646,178.62895,7.4859285,290.8271,285.41858,448.26874,243.58005,143.24162,24.766346,24.190212,58.82714,85.27028,171.33597,185.73688,108.659485,138.86977,45.016167,107.423874,102.36076,266.69205,350.94565,81.427635,28.705511,149.38225,113.51946,42.3098,340.24597,73.971016,262.05945,99.939384,172.55682,152.82639,52.933346,30.629671,100.772194,74.84975,340.3549,174.01595,127.28023,190.29482,127.40361,374.54706,21.0157,111.522484,59.034515,100.20797,106.401276,75.801285,305.58298,297.0126,260.41266,58.116867,83.138306,45.362534,105.6041,230.17531,175.24898,152.84984,99.25523,94.00587,143.41777,40.04846,156.80795,57.532692,426.5409,363.5486,3.2524295,178.66858,142.7708,6.4921956,428.7439,100.4274,63.65064,10.891667,187.26746,0.35304105,331.57175,190.73602,93.18241,185.2081,164.53488,135.55835,316.18402,267.53687,84.97201,280.5546,133.45041,80.43934,11.711818,202.73683,167.905,99.31526,115.62474,118.218544,171.25444,1.0946218,135.2261,203.69438,201.88324,108.18364,87.40462,279.39624,412.34857,50.68675,142.86845,149.9346,187.41727,113.0126,71.62382,278.29327,16.087515,431.11844,1.8241843,247.5363,0.43294597,263.38577,99.51549,110.72095,30.022854,81.34787,31.006866,137.8366,22.575882,12.229674,184.8911,84.57697,8.773609,26.139307,409.3135,135.53944,69.23251,172.33778,234.6903,248.03189,39.041656,213.40689,59.05829,126.363716,179.07364,29.047983,337.02673,265.94147,144.95396,171.19139,437.94153,141.43793,119.102974,218.34198,13.375234,87.97964,21.328905,127.58148,55.530132,174.03741,132.97601,86.38748,36.115845,298.6141,8.531076,99.77197
SPOT_188,388.58624,12.060764,17.06723,164.64001,136.87502,169.95453,326.54507,5.075656,1511.0688,589.8631,253.89421,305.7665,118.08623,29.191725,151.12009,1.088521,165.53485,106.11941,49.211407,105.75873,58.486176,440.82486,141.52937,116.179924,575.3927,203.9947,243.19678,43.307404,135.64363,124.91482,589.74805,697.6768,76.01131,64.24117,371.6269,22.315926,129.3506,196.74094,42.335243,44.51404,273.39362,342.57904,346.91263,337.58112,70.144066,159.91156,87.365585,447.3341,20.07407,227.70854,244.12056,51.56465,45.321426,218.84702,135.44897,71.06694,246.12016,33.066315,92.36579,154.23409,95.513794,17.987228,166.32933,224.58093,104.73901,359.70065,546.2023,121.107414,213.01863,12.783297,108.889015,199.25316,73.869095,166.10152,261.22855,8.626492,382.91376,105.78545,12.920497,24.51454,76.112465,256.18445,217.678,147.28809,172.89613,123.34223,206.62195,121.92089,50.474396,58.423325,102.43646,19.479488,241.07764,223.33997,92.03807,141.53438,152.56915,158.58807,167.22081,257.73203,253.41623,68.51134,166.95137,62.26718,18.317162,158.41072,183.32637,190.95195,163.05334,493.63556,34.24597,157.53265,269.96722,54.17801,15.333726,36.28244,89.52679,303.1703,98.661804,83.39474,147.41338,0.29858905,222.66345,41.14878,11.667151,98.79225,84.26358,5.240413,367.1084,3.2918758,7.0503936,15.34075,36.46836,51.493107,66.287895,135.3711,8.711741,189.72078,340.89938,274.10727,161.14487,9.258842,13.956241,115.32285,184.7446,6.9125366,27.929005,367.92038,62.634365,243.40451,194.93391,240.85072,271.89944,58.038292,60.55676,355.73068,122.43545,271.55817,260.8444,54.6728,199.03119,173.11407,8.477148,158.66467,97.109634,34.099842,206.44397,22.971746,94.79979,138.61261,99.422646,198.18777,62.78612,77.10584,150.83644,153.94487,173.76193,154.3613,50.25934,84.35948,190.64746,276.89484,163.59259,67.616325,61.60671,163.74487,37.876137,316.27612,42.35135,9.932764,79.33539,2.2175767,150.31017,137.42897,136.16507,85.01693,196.10861,208.20508,171.34363,93.06588,209.82314,208.74017,153.56241,68.40421,39.159737,132.92618,66.83449,137.81439,2.2465029,43.937725,318.02692,184.69623,52.41078,77.4787,348.62546,487.5896,17.15208,403.17618,61.110336,125.84181,528.17224,196.04337,232.15897,170.77292,175.4399,83.57044,411.04678,76.435356,103.30814,65.9807,17.104744,296.64252,124.3984,101.43003,413.1354,86.327484,70.12307,244.18507,290.44977,157.98364,191.00592,101.771965,21.838333,223.53586,52.103806,87.266914,15.707983,117.45267,69.381485,335.65488,93.67567,156.14386,32.646103,106.16194,161.15047,140.21898,104.470924,314.75082,330.3985,9.714077,19.100256,256.9277,275.9766,13.145941,109.59036,168.01585,169.29765,316.56937,161.69011,267.83807,260.55997,21.93573,182.96309,45.370445,279.54395,192.4951,308.0483,182.00111,44.22517,203.358,147.93562,66.33467,81.885185,315.37146,112.0347,34.787186,269.04,191.0618,454.5407,49.00449,119.88632,128.9621,110.5186,230.41353,285.04074,119.765625,212.67213,25.174576,94.81727,221.61531
SPOT_189,694.9537,267.28952,71.31695,156.31784,857.8045,88.31956,140.49228,235.68292,116.94091,77.29374,190.36237,82.66325,35.631363,197.63535,75.66657,15.978561,92.1085,97.96645,196.99045,424.47394,26.786676,15.775984,316.2813,23.136402,30.925892,579.49994,187.1213,161.87312,53.117207,38.393852,40.13686,54.495552,121.54954,97.71985,65.53826,51.423645,208.21724,26.417446,118.76977,16.769945,117.56752,116.54717,91.41655,85.536064,38.963123,38.275925,109.27108,160.91049,331.30676,363.9614,373.29913,9.001309,72.93626,152.84929,136.4287,102.16847,237.4307,324.4892,259.3209,135.03561,48.614635,69.59187,58.89059,202.85489,73.83566,237.66386,235.57002,23.98738,19.179497,119.995735,502.2383,189.44846,331.59976,5.5235853,328.81107,60.959213,157.4079,275.03867,281.83743,169.78911,65.422676,135.71309,145.94493,265.5209,131.14775,21.577229,191.15698,12.565354,49.449253,88.9602,28.215954,293.33313,186.25127,181.64226,159.85088,418.77716,148.05032,172.51468,39.110756,233.01648,79.93072,122.41574,316.82364,42.860653,39.463177,7.188594,149.43468,1.3561285,59.93363,166.07076,58.623943,90.827126,120.52111,140.40411,210.10207,28.871866,282.41797,10.782319,170.68697,295.04828,230.7769,124.07228,116.183556,155.68724,228.0904,89.51966,153.19604,165.59933,224.6992,80.81109,228.85547,175.83739,16.573072,5.2706776,61.21623,149.3465,293.1165,111.60016,149.91306,206.51892,50.847736,92.14524,157.52994,91.09497,132.33492,200.93318,96.13328,162.87024,95.04467,288.19427,46.24089,350.6454,266.8995,203.56023,261.78848,208.7874,306.81342,98.038895,123.53804,118.42724,79.10359,152.31223,226.40466,108.0742,154.30336,99.18294,244.21298,42.68149,198.74416,186.93628,162.68921,128.317,251.81104,109.0105,34.08032,96.201256,413.53595,193.03644,14.78048,90.00259,273.83862,66.21284,380.08853,338.35037,57.1614,324.62408,56.59188,13.770376,196.59267,391.2316,64.6976,397.1133,122.43331,125.221886,86.30876,141.90547,171.04405,75.08615,70.86694,166.38051,40.35808,86.83414,7.4189534,368.35013,50.320908,356.50192,151.49117,256.03116,95.08621,131.56696,222.82243,332.5018,43.830143,15.218686,88.21305,387.64645,354.01053,136.36327,359.45758,165.79414,79.516014,169.15775,250.91641,146.79663,355.9723,209.97974,53.678818,45.834133,164.94156,203.19958,19.395636,574.15137,160.06172,215.64346,208.56274,165.78989,303.02863,73.474014,204.26361,406.03882,169.88887,291.59003,33.65982,171.73375,119.67899,6.549545,219.06686,201.25078,104.71935,48.841766,168.42896,260.9931,244.48024,383.97675,34.378616,66.652985,98.77682,123.29946,205.49101,40.00022,261.25983,39.394104,188.96716,97.66161,75.16659,19.261911,134.70456,154.9146,173.73988,154.80298,94.94508,37.94745,353.65823,173.13985,73.05256,48.555065,18.19768,47.167976,82.1341,20.89993,599.0392,9.940117,92.94127,5.5136533,192.18474,193.0431,12.647496,85.86784,55.715332,235.63345,216.70132,6.2188067,111.664345,347.00763,143.66202,234.10286,134.71133,267.16904,255.67194,388.74908
SPOT_190,133.30559,110.4791,169.87712,195.12154,88.63585,79.15426,77.68735,153.30426,164.06975,27.976408,130.56145,11.630622,68.09815,450.62833,44.784225,133.23526,78.24655,27.116444,79.24705,37.888245,447.61902,17.476452,469.224,394.02737,91.73542,15.56389,97.879814,107.80491,201.35913,360.44757,129.14828,92.564705,296.3551,90.96183,417.55453,51.623226,250.10551,72.45237,172.37006,234.76137,33.78586,108.79904,153.03764,108.40814,57.30292,114.9932,171.79587,96.44835,468.4465,115.168045,144.46466,229.95203,85.812096,106.05943,246.10776,103.39362,64.867645,44.532986,214.73413,167.65439,125.51824,106.66348,203.25189,141.00638,182.34067,29.046194,239.28424,298.79407,80.33151,24.88042,150.11769,13.632653,177.12897,196.53241,2.1257224,46.820957,154.24644,171.6916,8.608874,4.6201553,191.63023,44.0892,36.747257,238.09338,158.142,16.166403,204.63377,217.26239,88.45449,170.29352,58.714226,212.96336,166.06065,234.86299,149.03285,176.33708,218.06558,20.320276,61.929214,14.587659,15.781596,14.932897,127.019005,11.33429,263.2155,132.50485,154.91866,101.55155,222.01208,21.765882,59.296356,57.25714,218.86589,70.888824,588.5832,289.65076,140.37909,324.09366,9.3931465,194.99902,6.9566417,340.0554,140.44469,40.49507,19.552462,131.65453,143.98557,213.95428,22.308147,226.4026,62.09681,244.74956,269.93628,3.295106,121.30224,36.662674,178.31592,270.908,89.07024,122.86722,465.82242,186.14912,110.34485,15.027831,57.925823,54.521538,239.59793,318.55765,109.41733,342.54434,204.34543,139.5156,218.17711,122.041306,93.39348,30.327568,114.04031,83.32788,178.66356,218.52292,624.8789,149.03758,263.30807,203.48259,47.973,3.1342597,87.82472,73.17435,53.528957,204.57657,44.705654,205.915,9.659865,36.926174,183.8409,386.05078,2.6960428,0.21996707,334.5964,74.9711,94.89996,10.751491,139.33768,219.01677,254.94365,175.8133,139.86842,45.22654,2.8507588,335.28424,417.13174,136.7701,88.37627,78.00022,80.45775,59.424915,70.89515,73.00901,196.45552,12.430937,57.894566,37.596077,78.01575,138.51207,144.72765,83.67235,42.455578,181.06055,68.2721,59.86994,52.627506,8.622319,305.67264,68.24586,101.000084,62.946125,11.173338,172.4601,94.25974,346.61465,183.6998,97.48818,40.4153,15.132803,250.42105,113.430374,30.39649,60.466442,58.56784,204.21082,379.3471,229.55031,210.7519,128.10841,94.44582,183.78854,475.5455,105.48214,197.6261,52.844093,100.24196,103.16884,271.47928,99.71918,44.809162,438.00967,383.0305,396.1276,313.54825,26.720348,127.26764,118.492836,51.935345,215.34418,444.01944,361.75235,0.16781375,211.82304,221.32819,130.25551,69.61235,101.52321,124.52415,68.87816,222.31116,137.53676,241.65916,50.81648,482.2843,244.20818,21.44404,477.791,306.58932,189.66003,0.07370089,183.86995,160.19086,164.50716,213.72928,170.90692,294.4798,169.74023,86.202194,353.25955,46.849865,218.95099,100.10647,77.91061,66.25649,217.34262,167.5791,59.592495,79.264305,128.24072,147.15935,42.54208,51.77928,64.89005,262.40338,268.00327
SPOT_191,140.78479,176.74644,57.13668,260.97385,68.85232,215.3681,318.95584,118.27966,22.094263,124.794975,90.09545,57.934063,159.2345,107.72391,84.58268,436.97958,15.750597,1678.417,250.43509,8.989571,489.9294,141.00955,34.591362,96.4402,28.355999,360.7717,323.88828,54.81116,141.651,44.158833,48.892937,229.88606,164.53012,42.42082,85.43543,175.28128,123.67669,83.00845,157.83986,209.96509,158.41685,135.46477,141.22801,276.88293,664.1271,33.266373,292.1677,143.90852,298.99503,32.25336,239.061,316.99915,369.94424,357.1924,245.76596,56.81837,10.706235,21.42794,111.76059,9.181416,81.64796,39.55375,37.69754,9.127571,115.360374,112.63269,36.143414,238.64745,44.088028,114.86678,189.96461,263.24216,85.54081,94.35114,120.74525,229.74796,0.6697768,14.15761,166.26215,153.88097,235.33234,85.5087,251.0667,94.09303,42.951466,110.833984,277.5162,53.300236,4.6877055,154.9857,64.37134,160.02882,91.2736,65.51091,159.40967,39.259933,240.90129,294.9097,49.209454,139.73236,129.48143,42.187958,227.39554,139.44366,86.86749,134.3974,13.794435,7.202283,184.48485,131.58673,225.78029,70.42291,93.31228,71.05379,36.228554,89.90946,281.14963,20.040224,129.60533,259.11975,208.7902,31.567287,41.69043,10.532764,137.9994,73.81286,119.88233,235.78847,194.25955,62.056328,193.44144,91.52702,46.906433,202.41339,68.71746,355.26675,12.195095,28.256567,68.70339,358.61853,219.50092,262.6864,379.81592,89.63648,23.228216,93.28964,172.58182,35.44096,55.56565,64.86187,172.59593,47.6043,17.935179,58.993122,169.8492,228.24446,2.6681693,68.08938,342.6832,464.4578,156.13004,25.929516,102.69092,7.350073,230.66714,75.44237,255.77074,263.874,38.708202,109.373695,235.29742,120.49383,398.049,77.59458,7.625228,25.781296,198.21735,214.7028,146.93622,55.44962,49.624626,98.97889,134.02898,166.20546,153.55061,99.47426,60.31218,202.63618,61.505535,66.60754,93.23809,81.08445,85.59991,158.95154,176.232,158.42876,26.712135,349.77557,246.84468,237.33463,192.11845,8.7078705,6.363953,63.584946,190.57874,136.76355,117.41894,126.8113,252.37018,134.08722,153.69029,51.715553,66.23279,56.230812,257.15405,126.90828,142.99156,285.6347,35.59435,220.72833,164.37656,61.79535,264.18646,187.63599,2.5046318,415.2632,198.0237,148.31499,231.27092,103.800316,118.68822,85.12899,134.0176,279.39825,130.18918,19.677195,32.01066,58.281624,34.68707,91.07151,2.0879736,31.328331,182.37654,291.2514,201.21448,303.66138,40.398796,169.0366,170.61565,181.5311,81.32267,99.67478,62.890076,200.78647,418.27188,200.05553,161.28369,106.06083,16.71384,292.82074,235.77917,32.767284,116.50201,37.74714,9.369995,327.01828,199.4728,191.40422,452.34674,194.15973,119.71438,57.57508,172.75522,173.50587,25.681316,251.26672,33.749386,93.36618,201.75739,167.37944,204.0017,291.78607,104.25842,238.85536,190.19894,36.066742,250.85643,176.71202,192.07161,78.5565,1.3787011,143.70312,74.81817,202.10576,156.94307,130.70724,26.118036,75.725746,299.93182,65.79021
SPOT_192,105.82798,32.259586,173.3175,225.95496,96.40314,119.3124,104.68284,107.990425,253.66359,312.06912,225.80011,101.02597,146.4142,117.91672,487.5648,164.85732,66.45729,12.760195,111.84867,67.648254,93.16848,69.80429,15.024417,23.075216,204.08066,446.5227,344.48224,231.99144,115.64532,133.50134,65.26434,158.77132,9.096422,8.819342,123.59783,136.63695,173.82521,91.784424,23.133022,63.80231,148.14719,135.99309,163.42522,138.40112,155.88191,363.07526,116.69763,151.38483,30.960356,109.28061,225.38849,175.68954,55.323006,273.22104,181.18272,402.577,177.4918,15.622259,226.1393,43.954025,456.7286,211.07784,129.61241,36.73752,24.285574,200.15569,62.310688,125.78425,295.532,40.3991,160.98798,76.771416,162.58229,403.38257,142.2988,114.39063,1.6914728,244.59698,25.906258,159.0506,316.74042,78.953094,48.411396,148.58025,274.63452,347.38763,20.498426,203.85191,137.4044,68.3658,162.00354,196.38019,93.79848,149.49323,180.01459,55.328125,63.36376,58.539078,80.12384,9.674458,27.670687,389.28195,19.008093,115.12829,143.88081,123.242096,89.39511,53.48576,29.89236,132.03539,93.255516,132.45567,130.60928,168.32416,102.30419,48.725742,44.387985,76.49068,208.52908,90.42477,294.24435,133.7692,142.87418,98.44575,100.24536,62.64241,127.1229,455.8557,147.78944,161.91043,514.73755,88.120895,70.540016,54.516064,190.22356,225.32103,350.38666,147.79173,147.57445,106.69072,28.798666,192.45395,109.49323,61.91551,3.108687,161.34334,135.95569,49.150074,146.41402,117.66962,42.278217,72.07278,60.30377,24.139093,109.44733,194.83798,33.119663,398.6553,148.74023,185.39455,17.216532,212.93848,130.2195,1.0920368,397.95837,31.176619,114.015564,107.014496,365.13702,80.321106,222.75546,113.92243,21.188597,200.72475,214.28152,13.096317,446.58496,292.1975,64.71779,92.757256,108.29205,96.20105,124.671776,153.19247,108.30569,259.2994,243.59073,162.2847,254.81949,51.633446,22.0677,116.17773,208.579,109.76013,51.70746,144.12083,73.646164,195.32071,514.2426,90.96039,154.77194,186.97432,26.323284,60.686058,65.999985,104.692635,66.74519,415.50412,18.257433,100.94408,2.6342032,82.804306,67.879074,169.65176,190.43335,94.65067,104.56116,91.9894,54.095158,196.84676,202.27563,53.46091,134.60571,154.72655,139.0291,385.66733,23.49215,15.807649,176.06178,279.34845,11.076276,211.18782,82.10934,300.3177,6.9476857,56.597717,62.419415,38.87775,131.46294,11.241136,3.0826457,190.06664,102.81209,377.94894,223.3203,2.5307322,172.70801,64.25998,5.501888,209.10484,149.98067,147.37405,21.459185,88.22248,71.23709,230.85355,325.34076,433.07736,275.34567,7.864566,216.43665,108.35808,197.38565,459.5978,266.2391,82.22916,138.40128,289.63025,68.408676,223.41411,33.91322,298.816,37.131348,199.79425,181.55167,172.75276,216.03928,52.072662,131.59946,193.36635,95.23527,69.09737,238.60262,163.28516,73.81014,266.50842,50.701073,192.3122,88.70863,277.42743,49.85969,121.9775,233.5812,213.67136,137.3998,63.021027,103.92005,22.89064,60.16912,12.862729
SPOT_193,508.56335,232.71802,147.74925,480.0532,204.24593,109.58009,204.08699,269.93048,97.68692,249.60603,104.172806,264.9713,208.32016,62.862843,147.38287,669.55994,198.31247,83.48194,243.05577,82.49511,16.50355,180.78769,155.9974,149.6628,126.7739,1167.7942,65.111,79.65577,2.3751335,14.486527,62.91499,91.97208,225.95828,133.02089,159.28186,216.29117,360.0466,199.04654,147.27367,284.50406,285.9414,214.42793,136.68591,208.15163,353.2688,196.94371,45.23011,157.13081,83.68947,26.337719,34.342983,24.854965,56.67186,231.81511,171.53595,26.599249,232.07921,361.3888,215.13322,231.45653,87.37326,9.1138315,52.072845,51.88402,87.84546,82.81381,68.60888,74.70231,300.18765,70.12022,22.463913,102.867,2.5898159,300.68143,277.14114,172.45001,345.3487,18.818918,63.75971,238.41103,44.062233,166.58794,167.36983,149.75629,204.05504,91.96901,249.30692,358.99094,125.57687,112.46308,67.65382,181.90143,279.8435,157.82056,176.55371,32.582607,36.999157,32.835625,185.04642,10.926718,26.644499,156.83563,440.08017,355.73752,143.73381,40.12956,181.93842,62.34047,202.13867,266.36752,57.17974,263.08862,154.84494,521.82635,147.01884,78.717926,12.744969,231.2773,129.87497,239.50461,218.34224,158.21906,18.986862,429.84445,245.83308,18.632164,199.1986,175.23645,114.25251,1.1243621,27.2415,34.890434,135.97452,1.9732937,373.31793,218.76427,121.71795,241.60104,39.368736,240.851,308.34592,262.37106,272.02304,360.94144,360.91965,105.1196,142.48619,245.75638,58.08091,46.339787,18.137949,229.0685,124.43725,29.82985,179.83809,212.96579,102.230446,107.5042,389.10513,43.172596,115.73476,27.81138,193.4032,129.30856,22.604858,110.08598,45.05118,25.59891,54.00517,26.64735,74.907776,12.71476,8.916324,261.11008,95.27157,46.511875,334.7487,28.803955,49.183304,387.23807,284.2614,276.19235,140.0986,59.9525,41.7804,91.95725,222.06006,175.31787,81.72444,213.18031,183.06639,352.74417,299.83902,2.6084857,179.7071,6.4014173,176.31215,386.1629,140.52428,287.2993,180.0041,91.52008,1.0252285,81.84181,367.80423,56.61441,30.49876,15.419306,283.50027,269.74637,403.95078,273.50055,71.579994,111.26829,41.0521,27.015394,75.59849,163.54947,273.49216,40.34182,25.489365,156.00468,210.55365,8.269658,94.53123,195.48419,29.075191,210.54765,62.24965,139.38762,70.74479,42.499218,219.62335,31.110561,18.975021,0.9923618,79.30582,63.297596,138.3757,77.306786,12.881064,107.78933,183.91716,189.12009,150.6138,124.53882,45.786404,14.528451,15.043133,170.64328,91.088486,44.80563,181.52562,29.731907,19.624413,134.56047,211.16255,1.50548,302.52637,130.70085,395.65308,129.22284,49.105732,72.186646,144.04556,20.340797,236.68828,203.82016,72.72538,82.6415,125.69754,98.484566,81.4855,119.983826,134.03014,93.421524,6.7506647,233.50737,196.85362,28.295473,132.4497,61.967773,197.67775,207.38538,17.257816,345.06866,23.778591,208.44131,64.50694,42.49798,88.92493,306.40002,363.42932,121.860085,233.92067,406.0096,133.65451,142.39859,61.862312,25.053688
SPOT_194,90.81373,50.922043,36.3757,84.504295,89.95007,128.28523,417.06012,114.89566,24.680456,357.03165,132.81421,171.01544,127.033226,95.524,85.67786,102.43325,31.49394,610.2817,212.16325,76.11025,511.4458,22.57347,27.25506,237.16011,81.715904,221.19322,208.69142,17.772224,10.365391,141.77823,137.91655,157.315,348.4059,170.72408,127.90481,99.367935,110.235344,8.382283,133.22641,461.20847,21.32377,146.87996,726.3119,241.00818,818.9255,89.75609,70.40227,93.88288,207.14326,24.157166,30.591356,7.4423685,331.02728,72.02971,200.9522,113.81723,61.102844,59.199116,31.227348,51.35294,48.587814,380.77402,66.30366,16.02948,42.17643,92.27969,72.25957,178.83073,91.85133,159.84825,320.92682,216.94196,159.00713,36.25411,218.74467,67.820045,40.615166,293.4232,77.01299,58.88709,62.700706,85.216675,36.737907,232.86113,194.03365,52.668602,180.20013,97.43954,414.28528,300.46118,0.13714662,295.16718,77.71211,116.808754,14.868296,104.20105,192.73242,169.95526,163.62373,110.68955,27.220789,93.33176,86.8394,107.048805,318.37387,215.47151,306.5959,135.16107,35.156967,5.294044,255.36987,210.74138,65.5368,354.47122,23.688068,37.455578,223.19962,235.65285,194.39879,12.975531,204.92845,16.638126,128.47478,155.35796,192.34853,77.84302,30.31004,184.33737,229.94365,89.621765,50.744553,263.6812,104.30649,168.27046,210.79102,0.27798018,273.31653,164.0522,307.29156,58.286163,12.631798,251.0394,244.46878,118.07322,159.41937,421.3054,469.0657,22.184801,64.157166,177.16429,200.64496,130.68883,42.695045,89.45231,81.24087,109.891174,17.124683,105.089714,149.84608,184.53789,264.8842,65.14484,43.31788,204.39523,221.01967,223.83786,110.187294,202.6209,122.63081,100.37464,280.89798,30.325575,137.67238,16.10865,7.8018293,310.97327,311.83044,200.81085,313.74777,146.09949,73.67682,328.6554,121.26592,103.22791,169.52371,324.9519,506.71228,362.06088,180.55856,34.177383,213.93973,109.71371,51.033604,131.33478,95.95461,309.74283,6.543912,93.163,170.75816,77.07019,87.958405,42.86357,48.936275,465.22888,217.24715,65.65326,131.16998,13.654962,12.778088,171.07811,107.81078,23.303053,246.61841,139.72699,192.5286,108.55454,42.17144,7.9488125,26.443005,197.08157,186.56036,258.24814,158.08153,78.20109,240.92844,165.35461,49.56496,127.293144,6.1577606,17.77492,195.66962,98.54081,20.753214,26.724506,130.36269,115.691605,5.329649,270.8045,147.87996,18.873697,262.4501,247.2645,114.72915,133.16472,350.1069,125.96177,101.18075,72.96576,160.00246,131.82541,17.768717,123.8787,65.43253,142.16737,226.7904,238.63858,115.840775,96.07822,160.4381,124.82488,144.14627,184.4007,51.595306,176.14555,174.43126,105.82652,67.72526,323.67404,13.114474,209.02281,155.66391,8.933323,3.7129698,268.52588,246.70444,17.026213,113.33412,154.31291,203.50117,248.1721,105.04919,64.10116,300.58627,348.88843,288.50998,138.05827,34.324104,39.740276,11.920005,72.06737,124.47427,204.1311,70.89462,157.23299,355.23407,55.535667,98.60192,290.76416,59.23762,141.66669
SPOT_195,261.3664,3.9199765,23.626305,159.71194,109.039566,260.51154,103.87173,115.427536,505.95633,904.59845,210.48337,79.999725,56.286694,306.30707,94.30392,176.78009,88.73775,108.32575,84.66088,95.953224,292.69684,9.287769,164.85226,20.405611,498.34363,139.13995,7.555616,83.70759,336.3524,213.9496,1863.2273,1038.9663,132.47981,111.93225,45.87567,30.75342,149.48412,14.590116,75.078964,102.84817,180.98698,85.04525,155.54083,19.483738,238.10695,311.81555,84.05796,129.7928,88.893875,301.61972,211.74617,382.4076,148.33607,180.55138,358.03348,245.5236,26.545048,70.45736,209.69714,106.26795,137.21751,4.270059,44.452404,293.26794,88.005104,104.45594,36.402428,216.5196,168.55638,144.63708,1.6842695,166.33966,494.13367,150.06247,41.60244,341.84528,449.01004,74.79312,97.995636,26.99991,132.75664,54.158176,29.154673,252.8974,197.63954,1.9705198,364.04532,14.764374,91.041534,22.852333,54.15841,214.63313,87.74687,380.64215,171.01201,119.53243,86.47245,179.61256,179.36249,29.360281,77.07562,260.39737,63.106842,81.12275,104.45441,149.89706,8.264811,74.65817,228.28723,139.03825,2.3742359,163.65813,59.028736,449.241,271.30045,256.4384,61.49977,220.32332,122.14618,7.7219934,216.96071,118.88886,35.338287,55.159767,210.40515,70.56717,252.03302,341.25708,222.47992,144.5337,65.380135,138.96132,78.04255,149.29984,113.9976,29.16077,107.96318,70.29949,23.819408,161.03549,19.893147,170.42024,65.84517,86.07044,201.09796,46.885902,41.17721,150.43056,8.552742,184.05443,306.77158,47.728172,90.67759,110.056915,173.10855,506.4272,86.387215,12.657897,102.03381,140.00812,38.482555,176.26907,330.0263,103.30531,116.96578,61.689873,38.74383,57.458374,139.95236,18.189224,202.41531,17.828506,24.358837,66.75386,250.51337,211.81349,8.682623,67.271675,217.49733,124.57381,321.08426,306.93942,151.76382,134.27298,221.56061,98.672646,84.184395,48.04662,99.47803,255.01988,11.313587,122.37764,51.84988,124.0047,114.786156,231.92027,257.91638,73.55926,203.52405,237.8707,77.00413,252.84418,60.240135,125.25558,40.837967,239.11655,221.5729,359.53372,145.36337,194.75612,68.26567,88.65259,33.191933,115.475716,246.31993,41.13757,234.52126,329.76675,112.665565,223.0319,262.2802,255.17966,159.42451,204.44168,381.8891,423.43982,158.94008,149.97945,135.84512,130.52536,141.41722,38.770256,15.656086,84.499664,298.4392,123.05361,263.9641,73.06761,183.45409,269.08414,185.0384,178.66853,119.88572,152.62881,266.38425,85.43308,210.07808,32.75519,47.561607,252.82054,351.62784,31.97625,11.886276,143.41344,247.34666,163.81206,161.55507,445.00482,199.9349,59.277725,58.96093,38.379215,214.78651,290.31516,311.84268,83.3258,204.32953,40.25947,16.390606,309.36368,66.35969,80.85312,140.48787,5.4536433,308.91824,110.63465,241.21123,221.66771,57.021053,51.318054,315.62445,26.603815,16.019285,23.061352,303.83423,25.903393,111.51469,242.38725,193.59987,141.72136,284.39575,29.946692,80.92314,35.679867,244.14151,153.00603,87.1247,91.84943,255.00636,153.50179
SPOT_196,47.004753,363.10947,2.0431817,299.20566,49.573788,288.7182,100.82505,173.9134,47.337315,13.091401,74.004906,197.99649,97.21284,171.7207,74.35783,14.337971,15.973678,351.23914,72.04886,31.91855,100.332954,142.68594,153.29466,105.14685,69.92524,77.391525,247.8409,147.79372,78.72047,82.387924,9.627194,227.91328,292.90784,207.14168,409.51752,88.05318,176.92836,78.67781,327.51434,485.3857,170.67163,141.28348,174.27382,261.3916,986.74567,222.44284,162.35037,86.406784,221.53699,259.53992,304.78833,47.672253,77.624344,29.487906,199.32317,118.348206,216.78868,141.85728,335.31238,319.12473,87.5415,163.1161,139.85194,283.14594,66.96628,107.89139,259.8514,58.72237,126.26235,356.98517,281.85226,53.777946,480.55533,153.1508,85.42268,148.5987,450.27603,319.93222,133.75793,269.0002,66.554375,65.51228,24.184835,107.28962,12.2439165,155.03967,147.7581,1.5277008,41.157238,22.866861,175.13562,10.311544,132.22446,179.1962,435.4274,73.59039,141.38504,220.16122,80.31235,233.19194,27.848356,207.87941,343.6942,69.70674,88.97134,166.1117,7.0371065,192.8954,202.16296,16.023699,91.30988,471.22104,122.87775,110.48911,9.94227,55.825005,53.29012,42.206036,206.534,379.92804,270.1007,4.4445944,195.54138,126.526375,50.371826,68.36826,180.61694,183.01746,444.76935,29.879478,41.727554,171.33069,50.368534,259.60413,95.8558,72.1064,138.7062,57.981762,177.78598,96.465485,271.45822,377.29312,271.26477,163.02939,199.48816,136.77907,37.616455,88.08101,131.07634,109.82674,213.16016,131.12575,173.92055,80.045364,157.54419,279.25024,228.77031,54.49714,132.17378,251.37074,183.39867,380.67404,119.48902,101.82417,135.22275,88.26238,116.502464,159.19565,43.585785,55.6553,154.36725,62.532234,57.409306,381.01758,170.86917,38.34759,40.806923,208.144,168.86606,109.310974,50.335224,1.7586329,104.5615,172.93768,69.71762,70.93844,25.405897,241.92032,477.9379,10.00746,330.10233,57.223885,350.75555,59.62047,78.57515,188.2503,103.802635,6.6423836,193.12492,25.244696,52.509197,121.151474,265.68857,56.436897,34.421192,298.7916,245.12195,268.16705,34.430786,150.08173,89.28835,152.36523,136.4716,333.74338,39.598755,126.02773,12.548638,65.67847,83.71431,76.53382,152.37195,214.32764,284.1004,346.63675,84.090836,217.81268,253.10788,11.890445,49.739746,21.099398,37.86778,296.52393,223.13528,288.8041,35.0453,382.4515,134.51308,200.96587,65.16866,11.183009,0.36480984,115.87925,166.21172,112.77513,34.24896,468.38382,286.23044,22.94861,110.67307,74.017044,103.28648,238.41905,151.37369,143.78094,266.92593,105.918274,58.0998,102.768456,23.616638,154.57915,288.0669,275.482,147.40515,449.92828,118.472275,256.76978,78.718094,41.31142,20.985771,36.604805,126.397095,127.10228,105.60159,96.45201,103.50048,31.460844,159.56026,216.45782,38.572056,197.80716,79.504906,23.948002,336.15567,59.24074,24.370739,150.42616,221.5535,39.48272,47.117836,129.48685,43.39122,232.02942,159.29169,77.58123,43.483315,233.44641,253.63683,56.32345,51.430225,31.169275
SPOT_197,259.79807,16.346037,134.68213,27.587812,192.44846,11.218495,125.284706,19.9309,443.83624,625.05054,739.00354,291.29263,189.77586,394.26978,12.807326,377.85712,320.5506,159.68814,230.83597,395.41556,73.16158,9.585313,464.62375,117.24619,72.58388,45.005558,173.4424,63.432854,242.1423,154.93666,1143.5621,768.8046,207.92618,103.8719,206.96902,9.41463,196.55197,189.49298,196.58038,175.97044,32.857933,134.49074,180.7409,241.97997,129.3048,258.58185,78.23192,127.40759,140.26038,222.88075,43.92478,32.77511,230.7565,244.57326,87.666664,278.86188,12.649291,109.2859,436.48215,154.79845,55.986923,6.5672936,223.53233,138.94983,302.92056,73.347984,57.1414,4.0943747,71.902275,32.069576,185.12929,11.936213,52.20885,365.97348,263.57526,188.4026,313.97675,247.84169,268.98965,112.58936,38.0798,70.49194,21.785585,315.31995,25.21048,309.5863,67.15972,117.81566,322.16718,146.36057,73.29326,67.06536,287.92917,172.86823,102.23591,41.92107,38.71459,13.7066965,369.95358,228.07204,497.7807,79.74378,252.49069,33.399582,356.41516,134.24731,191.67928,231.05284,175.99931,289.55792,36.600815,116.61094,239.48897,428.37814,95.64896,9.309625,279.7254,121.94872,343.52203,125.3004,188.53708,88.2969,179.1067,151.98717,138.9535,508.21686,406.91922,155.5625,122.603485,52.31659,24.104183,128.80098,151.6996,151.18451,23.254648,252.17267,54.83184,84.205086,114.743645,162.93234,6.7270417,51.573296,139.50172,87.50974,341.51706,55.603893,68.99301,337.32297,118.918236,33.78928,28.631304,199.08928,0.99130857,241.48007,173.33363,106.331436,77.6825,114.65295,255.37766,195.26428,9.00352,210.45462,32.97757,228.78992,85.03342,165.7843,93.97312,68.305954,150.17395,49.065987,393.08783,100.69733,347.36694,0.65090257,57.990417,46.955475,305.34348,81.84466,437.7669,37.65999,29.301739,276.28467,11.658763,52.718796,27.663694,25.842842,106.03046,13.625923,155.81937,43.01159,9.045331,116.84881,408.52673,34.70497,306.40924,161.40375,108.43986,272.27237,170.22696,7.815568,3.4714963,138.3878,276.342,209.53362,61.9476,75.5828,172.1209,92.50848,78.667465,174.86429,66.46191,298.9246,178.60074,239.29013,185.61609,126.38674,112.890945,390.9371,142.94424,75.414444,133.86174,55.142544,184.9971,206.00676,144.89365,95.79777,93.75445,40.5511,84.453575,130.90274,347.2759,310.1999,69.48575,200.66678,153.81645,83.49279,323.57022,87.825134,55.552082,120.07084,87.767456,91.72813,159.79504,24.170538,228.66246,53.933586,115.76734,114.48132,131.18806,227.56679,201.97124,135.17657,267.5441,111.14699,88.15207,152.55229,263.83572,109.54439,212.67415,117.98381,237.66632,0.6659372,157.91754,127.67373,15.543265,61.972164,208.40404,32.866787,144.80786,371.65076,82.103874,152.39958,137.6057,85.76844,129.77388,146.94376,46.263775,38.03283,79.83896,94.170296,95.16998,1.741198,23.153915,196.103,66.560524,104.2288,202.87904,144.6883,46.486233,9.90434,223.86159,216.05386,110.402596,15.336029,219.40639,38.258686,49.186455,194.48605,209.11603,137.96242
SPOT_198,58.319828,159.40257,2.3705578,135.30232,129.29883,83.99864,212.87209,18.059116,1748.8405,961.35486,446.51462,333.8765,72.00997,36.955437,96.42185,29.592514,412.403,213.64435,317.86472,58.69081,485.94006,12.549816,324.47443,49.283333,23.973898,329.1052,48.758724,295.77997,220.04214,261.21173,1565.496,550.3958,252.1769,238.22433,34.337753,181.45685,162.20152,84.49978,32.184586,51.521404,226.10252,22.96651,62.58711,121.53597,48.948425,296.15292,388.02887,361.49756,36.87052,64.605095,143.68228,156.61986,19.827883,199.12514,198.3718,88.56031,248.53732,150.33977,36.967598,210.90402,151.70827,47.05513,73.94042,75.86449,132.02219,263.95486,196.28627,337.7375,189.2205,85.10069,74.47656,102.386284,48.91898,150.17346,19.276964,124.87095,294.62558,238.11092,130.28197,5.624935,205.05579,17.772966,29.011703,311.03622,46.921894,232.41156,72.50927,30.413794,161.76466,86.16866,189.3115,159.08598,21.130491,224.36316,210.04628,55.806286,128.41858,271.66245,368.75842,89.43779,37.332325,96.14112,51.191006,273.30237,270.98483,297.07938,101.45958,531.1153,77.943344,76.082634,204.54958,153.58517,507.16003,60.113525,314.8755,5.2915764,187.4125,183.98047,35.83241,121.539795,520.1345,52.161953,101.15422,278.02472,303.2919,89.44381,80.178856,15.538647,9.586853,49.408432,4.993446,52.890617,242.9355,268.47092,244.69226,148.17996,43.298214,214.19095,48.53208,157.94704,159.846,279.96964,40.863026,4.8317795,29.666729,137.7077,42.52133,575.5236,80.646904,57.956116,174.27731,90.69191,69.84162,287.09583,107.60598,59.227932,209.84155,123.244255,153.04703,118.81907,255.69385,251.89322,154.91566,64.49545,492.03104,75.30803,30.156038,100.58226,31.545702,256.52274,35.017796,52.97528,198.63904,227.38155,14.961246,130.98491,42.83608,159.72234,257.18622,397.53003,81.49018,41.03065,146.38312,240.38452,27.41463,100.66587,64.83569,46.39514,389.21927,21.526949,14.810142,98.16879,249.74887,46.643673,62.091743,23.495476,3.9206948,77.84367,95.23458,31.700806,89.8632,39.379135,261.08084,208.11949,420.29617,299.28748,231.34586,186.24661,38.94965,175.80186,161.60158,261.75122,141.52199,96.74722,88.03642,127.30309,148.25102,149.09596,446.68845,286.96902,38.42292,224.92917,33.57613,74.849815,356.05225,70.28464,161.00958,82.81067,301.9417,0.4234369,37.72253,53.951508,63.355404,176.00224,143.19408,61.6223,30.183048,200.2381,26.489712,148.94038,79.25087,105.96593,215.81697,20.726809,63.22811,105.5409,105.55933,504.25946,292.6707,103.103935,294.4718,88.009155,252.60822,155.50412,431.0831,13.569928,14.892374,1.8260273,166.47127,38.371346,226.89484,211.15605,132.92067,208.88618,119.70674,70.303345,48.800705,188.91083,11.899345,102.83615,108.003975,303.2381,45.01117,223.354,191.6163,226.11252,289.96906,6.2765527,68.82813,16.750086,53.658073,268.3902,85.909195,320.7511,30.63891,54.351334,77.70191,89.44571,207.19904,95.881256,336.54004,313.62744,149.98769,32.419365,95.45675,80.41375,155.2763,355.5845,92.4673,50.49839
SPOT_199,47.985825,209.3017,306.7308,403.98965,23.928003,348.47205,162.60197,20.234547,8.348348,194.46024,214.70258,85.67859,196.69896,205.26031,59.33668,108.68309,89.48252,740.80914,68.47188,71.55853,31.373129,236.79567,118.87569,383.06418,235.80638,8.552849,17.11152,141.91458,339.0543,147.39032,102.601395,36.208393,59.860554,305.8761,326.0307,10.673225,421.54593,66.01935,279.19345,129.20226,272.58774,117.49323,483.84897,505.4698,284.05774,412.5189,70.529526,55.814865,42.038593,144.95819,52.77133,194.68175,253.6167,53.42868,9.514138,115.48667,174.29713,222.22432,129.9598,748.3921,212.26256,106.39134,91.939354,233.07866,203.37352,227.08258,140.3868,325.66785,187.71199,185.32008,12.662688,64.73094,243.64464,54.05441,251.95305,182.8846,104.2601,73.390045,57.03783,255.39754,77.26314,144.78816,27.138021,121.62599,24.996153,218.7841,31.730934,143.02722,187.32239,229.77509,141.36392,266.38968,173.25095,99.344765,219.4009,221.74124,86.70742,197.08975,175.79413,153.19618,2.6364174,199.99376,106.12883,119.63467,45.1534,409.16132,37.032883,48.94775,277.40848,97.71348,239.91826,76.410355,64.83639,59.345333,19.262789,31.488152,64.486,76.371376,18.081823,290.09747,140.83495,203.76465,39.882446,134.61397,150.7378,273.16486,34.23506,288.9235,218.76987,129.19211,336.89377,299.49707,241.52686,85.31636,128.34499,194.15521,49.860485,537.1621,310.98032,55.843464,7.1001863,153.60217,35.750957,218.62276,2.7262948,139.36774,65.823044,52.490402,78.12608,230.01498,112.49041,179.3164,225.8631,93.20164,48.74879,61.3447,185.60323,16.3573,32.98687,189.85417,148.32652,154.28645,100.981834,29.306263,187.78427,8.821599,255.52637,128.67847,227.20021,24.039108,58.487965,125.3944,194.32085,355.69427,144.6827,124.26301,357.749,18.630823,78.29523,255.15536,150.74869,143.85132,179.69771,70.6668,233.59341,74.79417,239.85725,468.78485,167.4432,110.190575,85.160515,334.26962,159.88243,82.87814,269.84073,19.779274,121.83236,73.87257,168.94563,159.58725,68.64928,92.37217,53.65628,142.43303,171.20009,227.96664,22.049915,352.37668,1.393973,74.76973,36.80358,102.10042,231.63765,27.610466,37.871758,56.887985,85.26398,71.08789,70.35168,4.2939844,45.54249,152.94745,231.98183,61.309288,35.198742,251.04282,211.56192,70.5877,178.99448,10.303475,338.33652,26.765032,23.151276,33.553932,152.95879,145.61555,145.80048,53.689064,79.596405,30.588478,91.32818,388.8739,467.07446,16.891054,166.17401,118.63889,193.84932,187.50462,95.07811,356.63852,275.5977,173.98375,123.41986,71.71202,36.94186,141.77724,45.675636,68.03562,4.24721,24.030598,344.83243,37.918774,51.241936,52.352234,194.89482,191.95636,24.833452,36.308582,54.74886,261.514,351.2258,58.446747,348.66382,22.514862,106.139595,156.44302,112.33109,57.121155,294.65698,430.35812,107.481155,480.69962,84.63455,272.1477,129.29503,137.52914,89.11688,49.212196,46.65714,49.458393,15.252372,73.208984,146.79478,129.05785,96.07368,126.33416,197.82797,25.381824,392.7551,1.1515654
SPOT_200,45.41055,101.32155,61.39835,874.0933,97.207,117.50031,75.24726,140.73668,74.862625,164.68007,175.73383,352.84207,319.3314,56.760284,82.31253,398.15982,26.422297,187.3833,271.76187,72.17002,654.9711,148.43141,133.0754,73.385376,55.88663,235.96025,100.47897,145.10384,97.129364,51.089863,27.312387,394.53976,28.876013,210.32341,127.314926,21.10372,895.6709,9.533441,161.86256,220.46718,150.42772,241.71965,17.281273,164.46541,25.245808,102.84866,268.84445,279.71567,137.73941,225.12265,258.32172,253.42667,281.21463,462.9851,112.60611,39.382973,131.96028,120.878296,114.24307,36.747437,357.48636,148.15866,258.19275,57.97389,41.446606,192.88702,50.12005,99.44993,87.95506,127.233795,150.6357,71.34316,9.633054,126.09613,152.39594,126.15656,146.63062,75.15507,135.93188,128.77034,206.51999,70.78649,22.131765,158.20944,393.71643,112.280846,5.791598,15.313072,250.45284,215.825,238.12057,294.31778,398.77045,84.66914,248.69493,61.513577,273.48184,138.12256,81.16384,44.03845,16.579786,80.53452,53.36229,45.504707,78.171776,350.4662,35.09786,183.2172,201.757,124.19967,148.83882,200.00362,159.73419,127.219284,137.8164,202.896,145.59055,23.303793,11.761188,40.296204,76.19555,123.38513,22.137585,269.66635,53.54665,61.201122,154.31126,161.20996,56.591038,266.73602,140.968,220.56296,87.8396,34.934727,145.74225,128.38577,124.84093,90.7473,85.526985,2.7414072,135.10121,70.63171,195.35573,337.58115,306.06296,16.590479,16.700785,128.82834,73.351395,201.7075,355.3235,368.94318,298.33713,43.128555,16.102287,192.32472,7.979717,246.39757,89.356384,34.693985,318.59964,133.68465,1.7256392,109.43938,115.651535,152.61406,100.939186,219.03946,27.758602,76.31903,102.98727,68.88336,77.765144,425.96817,254.72093,23.357183,49.06285,27.633118,100.935616,221.80725,120.03352,133.16165,120.22663,72.49274,87.88491,198.09096,119.80189,18.17109,191.6272,76.97153,326.55194,73.89055,93.67776,124.662834,45.601254,98.86196,277.263,35.217735,209.30713,11.541654,52.946064,55.335114,403.48492,109.51599,286.20108,97.766205,72.1471,129.81728,11.584196,103.30096,92.29565,27.63337,277.33,387.19278,223.70795,150.70117,66.40061,54.840305,34.065464,542.8739,34.731804,469.45734,371.30533,83.0971,37.797997,2.88206,72.14888,82.98035,121.283066,220.35403,470.60394,140.57686,483.5376,14.7236,206.71933,9.617057,12.766525,80.150665,181.0539,181.34546,65.40047,122.13841,118.33438,337.93127,111.490845,101.7456,113.72624,21.611872,0.7448911,179.49953,224.82993,407.18762,254.54536,69.794846,156.33427,9.997244,3.3793426,29.946077,47.039417,235.15146,28.195488,249.90485,315.0715,393.18112,22.866392,58.859303,96.094536,1.824745,193.55923,120.662384,59.393597,35.616524,136.5991,221.31859,144.8971,166.20377,311.33975,196.2625,218.40598,165.2108,195.27046,142.54071,63.59741,320.167,23.09873,192.04951,82.864624,81.149704,2.2580988,1.5081,83.13299,159.82341,451.90918,20.853561,128.99002,95.18462,469.80975,88.48218,79.47397,224.74548
SPOT_201,321.93167,76.886765,296.15155,66.479675,59.699738,415.49573,161.278,218.56787,128.34079,392.27005,119.34574,95.98212,120.71461,47.43362,79.81662,51.81778,26.12544,217.68257,229.5502,21.14947,104.44248,295.55527,31.401772,346.06793,75.915115,19.645851,195.85887,172.00194,271.63782,4.7010612,74.08095,98.28369,13.689882,145.76366,16.961678,362.03458,235.92242,25.218489,278.52338,273.07367,176.30392,277.03046,54.13731,154.90895,12.097818,171.8106,118.41881,230.97244,253.65999,184.10866,271.15826,273.92136,2.9129746,4.2061687,211.10588,95.78366,109.14049,166.46675,206.88498,35.93894,250.62396,140.64207,107.474464,266.04272,125.39375,69.244095,379.84573,168.62476,142.48543,70.34789,70.277725,113.93783,59.815132,344.6153,37.572636,404.73538,114.79191,49.448376,160.47186,35.410023,80.848564,62.512787,44.552418,381.33377,409.02713,58.865734,226.70262,216.1708,196.69553,98.109276,119.411835,102.817986,129.3396,11.756404,215.42348,103.75961,77.61104,125.87801,139.46216,173.60788,84.83648,401.93228,145.08897,107.59873,243.04643,39.268284,185.25993,132.21288,173.87204,104.60291,262.11676,174.12158,76.443634,257.50076,307.15317,50.295513,37.34719,207.06378,273.49823,336.83984,26.178946,168.28917,257.09262,116.59597,194.8093,38.438915,18.069586,68.45498,79.770256,139.98662,55.32098,248.62584,290.1986,124.5678,128.17023,209.24382,85.4832,149.4524,248.70665,6.795519,114.55637,335.9811,126.86204,43.4929,288.09186,169.24103,27.993587,113.09115,245.46695,213.26373,12.085898,188.45314,263.9804,341.65857,29.64036,87.05718,3.29769,42.229496,78.19254,177.18816,131.0038,22.594746,36.978413,83.83989,350.17688,145.4777,18.505642,31.07263,70.14679,53.760727,44.351845,307.20078,44.839317,23.59713,1.4960451,31.430202,5.738599,72.91792,24.294159,177.8406,118.40961,404.26886,126.3132,134.12975,28.221191,91.31533,1.4337628,197.61537,58.293167,102.33254,92.93172,146.74702,157.3787,68.75542,322.47922,86.889946,154.05063,330.04816,316.95435,258.1176,491.61084,341.39987,21.687168,120.68201,232.22786,396.21854,117.903404,23.109577,219.51344,69.97681,90.35632,109.15422,106.27184,182.88412,200.08359,93.23663,243.57324,149.16353,107.82359,81.43459,161.83376,105.55696,99.103645,216.35873,53.831844,214.32283,107.91051,104.15165,306.09103,177.39995,218.55794,127.61121,229.22151,103.20792,82.838234,52.485443,74.24428,71.12024,180.73994,262.87192,19.691364,122.12823,306.40793,24.266592,226.33717,214.51682,420.62427,58.272247,369.3743,145.81172,276.14478,5.17235,164.97928,275.44623,30.343948,237.51987,158.89883,237.87894,72.57126,80.46722,36.300236,325.92233,127.74953,304.4361,117.12484,331.75064,179.06844,13.864116,114.27044,287.58395,25.527267,70.66284,96.38588,21.577757,126.14402,32.4632,90.6188,207.17758,86.85062,86.42036,315.50455,380.45102,182.62802,215.0382,73.266335,105.951675,285.29333,214.57259,37.64879,202.0634,54.996307,87.15972,95.74378,33.945797,88.44899,24.679426,212.94693,367.5037,111.12285,142.34644
SPOT_202,598.3736,190.94493,250.41345,323.3394,86.62901,184.4475,208.26328,40.519268,15.266281,146.4293,51.516117,372.0523,52.65652,153.58069,15.854956,644.116,344.35403,117.70029,85.62109,191.74136,253.86504,152.55444,214.54063,205.65889,40.14297,137.25308,277.88144,315.87158,162.33763,292.18027,196.45335,112.70105,2.3242605,112.52836,86.1235,149.59407,792.72845,489.20874,168.6169,143.12917,169.60275,277.37048,16.246613,241.36285,70.76617,143.2522,225.33322,277.54898,121.659515,51.319103,41.235172,136.46799,31.009834,40.55161,70.87462,48.444183,206.10411,158.12357,0.6196777,110.31873,180.28772,166.04413,249.18446,103.56096,115.64082,211.0291,65.13449,384.13815,190.72249,43.80556,138.88034,11.445886,311.5642,42.912926,75.885254,523.4657,76.9843,179.72482,22.129457,191.93391,216.0837,99.816864,217.59099,283.67923,84.15009,260.04276,52.038208,137.61227,126.52714,83.19667,88.98247,219.92252,164.45633,48.75797,298.75272,53.109997,55.943382,253.12231,161.17775,25.589304,377.585,24.4972,117.59485,72.96137,205.58199,47.221645,399.2693,249.41089,158.3739,98.312904,70.00485,297.90933,115.411644,110.833084,123.83979,34.510487,174.12776,194.18938,99.500084,296.71503,292.65753,0.7845175,164.43866,189.80367,217.31723,66.812065,297.60788,32.038315,103.252464,105.47248,182.1368,150.7857,203.74812,49.983913,20.739649,108.74334,215.70926,100.531746,61.25863,131.13919,81.89321,45.941048,108.91055,130.57556,41.771835,202.8504,21.932072,173.65617,196.7709,159.34222,311.2056,28.953985,158.11517,100.57556,56.0582,79.713615,16.560547,248.2516,12.613268,90.25351,20.25244,226.05125,56.138054,43.54304,37.845757,88.63948,64.88909,64.64148,222.97708,139.0674,402.0244,98.279816,365.40756,76.82127,230.29337,52.523506,123.47014,129.2903,339.24664,518.5302,44.659187,68.267914,219.49937,195.80978,136.13182,347.11176,368.28583,62.38506,243.23978,12.380233,165.00566,37.91629,204.24323,288.32883,335.2528,75.74221,168.59308,26.10133,392.56378,268.7237,32.0917,260.50626,285.60352,20.860643,81.07734,182.03596,150.69466,233.7748,92.316345,337.81717,61.109367,59.350796,151.60428,62.25405,91.25392,147.66068,212.88933,150.18152,232.81735,25.438044,177.24936,274.76556,23.63523,13.933771,84.53332,150.79514,98.43932,27.197191,235.2053,233.09845,177.35442,92.27642,60.722294,4.5059085,245.93745,79.70679,115.652016,177.67737,54.919033,174.79243,225.545,44.239216,23.25117,171.89326,111.48675,203.12013,24.528782,167.08073,72.87044,11.2104,375.48596,66.86643,97.1433,70.03715,50.47918,125.303024,162.14923,126.933586,102.18003,29.09306,211.04547,48.585453,334.8305,125.427315,338.1572,304.11383,115.56049,266.47098,169.24855,156.65575,213.30182,55.652393,59.12314,75.69846,415.7721,135.5129,230.11899,147.15639,9.899945,11.124678,160.22763,5.579032,89.06296,86.92868,209.67012,37.283546,156.35776,15.008654,46.768425,125.70271,41.15363,180.79556,277.59924,20.398678,116.4424,192.24272,73.854126,91.82431,25.81064,45.976196
SPOT_203,93.93619,109.40147,305.70993,15.788384,30.447876,291.6193,53.311623,101.16428,74.08075,107.25707,150.23526,226.838,130.75731,55.19354,265.90698,98.949104,43.717648,356.64703,343.49576,7.0495515,375.0863,40.64133,145.9621,152.38776,47.970573,105.74508,184.80399,20.78335,71.98231,101.98597,45.33026,38.578163,25.493946,268.8306,151.90102,124.34738,200.0705,142.9223,77.00662,198.78969,117.503426,241.74347,167.68483,119.309746,158.1593,85.462906,316.5789,150.27376,242.50601,244.4007,204.64943,44.437553,52.082176,198.5714,183.51593,110.56405,261.4572,45.44833,192.17377,205.07741,149.13972,40.473267,81.77977,216.0854,43.525017,88.89123,57.13795,176.58017,137.2435,213.21848,171.65678,286.03192,117.27957,254.73592,73.90934,72.53257,177.77661,186.65608,173.49153,12.251559,31.498833,121.46535,17.70535,345.08676,621.33453,6.0342617,519.93506,22.670145,189.51216,57.11936,198.09143,111.4667,55.37,11.037779,23.281548,26.813368,215.42987,164.87181,169.62878,265.93445,220.69559,64.12954,39.80679,9.877647,113.43074,2.6157098,287.22745,91.58321,3.2325366,271.94498,63.052387,89.8456,128.45586,208.12161,197.0514,174.34123,29.802256,5.3863654,80.38336,173.02309,21.69596,174.1381,13.342241,90.7328,161.17468,269.06522,47.44403,50.624844,229.07445,103.51842,222.68013,351.45325,151.85036,145.6735,107.85743,281.42468,213.79892,165.17741,99.65046,99.79629,228.26067,115.92021,264.304,46.617317,69.734634,231.2031,361.70905,218.99913,268.49094,108.341095,52.670124,145.39935,148.2295,320.24185,111.89135,184.5647,142.39386,125.60584,11.80938,200.25609,162.97182,13.176962,220.63959,177.9617,98.43541,293.43887,6.006682,475.93494,171.88191,176.77394,196.90506,27.628666,205.74028,55.767895,82.262596,7.5430994,148.5952,47.146614,151.83609,263.8636,80.68752,78.429054,45.627247,155.32697,259.47388,264.43625,34.85676,335.14697,12.782203,237.75983,10.755693,48.10115,20.920181,39.514877,46.322414,40.60145,98.701836,42.04217,93.451904,273.26312,162.71756,133.66418,296.535,332.55438,253.83574,1.8869954,192.53339,59.6208,84.49295,106.97826,115.15335,46.634228,128.511,512.73486,33.016884,174.45648,53.50862,43.168346,114.266335,2.3495686,227.9566,227.90436,223.3791,155.48552,126.48741,165.48138,33.530933,334.9864,157.60179,6.5957413,180.76956,14.584641,151.02278,24.148647,102.42409,20.193655,259.33984,160.7321,194.61719,452.02255,212.54129,123.463615,155.9362,61.28847,126.79474,318.08728,91.52182,119.47474,91.3247,112.79042,241.28183,269.03714,98.03326,172.71263,215.89673,549.88367,54.950573,50.021164,59.330612,31.271004,116.02255,218.14595,181.46916,46.258858,127.922516,78.51388,84.43905,88.882225,34.754253,147.94197,267.72308,53.7582,106.750275,442.13425,102.72178,88.14125,12.298353,299.84875,98.18361,98.91176,160.3394,155.71501,205.82208,46.592,137.57823,69.43326,36.063084,68.98297,89.23339,76.66225,28.16254,199.12346,237.0625,78.4866,66.99325,105.16919,42.73768,137.44139,139.43759,330.77576
SPOT_204,388.129,29.669128,298.85385,79.03705,31.94799,109.27615,41.940563,7.682277,1282.95,57.905727,637.95154,324.25183,65.46494,312.61447,384.1399,89.68866,287.5888,62.852238,15.838404,172.95264,12.6900835,424.736,46.573395,271.0136,209.46419,98.13469,97.05862,189.28555,215.79445,116.45836,333.89636,225.36719,46.60495,127.146675,181.76352,157.43866,299.65112,136.32147,139.61014,225.61601,89.72775,45.569405,122.73532,414.3553,173.63261,323.992,2.9213548,11.221564,101.59733,141.96204,324.67325,76.49499,374.61258,3.5660462,80.29007,293.3775,181.89758,124.21443,185.35875,271.19968,180.66064,216.37434,145.89159,252.63785,43.19035,19.681982,110.9027,243.2025,35.24541,456.30893,64.4109,288.6183,73.997696,162.20879,19.257051,195.76237,100.45986,87.93362,150.9286,300.22742,35.479275,69.11954,424.7451,217.92824,2.630572,134.40742,3.9188528,53.292316,145.76112,49.363834,179.50943,103.39742,128.16458,120.76344,172.9704,252.0315,94.88487,65.3627,158.47044,151.4798,91.85749,121.03711,77.94499,14.266341,159.80605,75.55167,310.82462,149.7039,33.123398,165.48541,75.30672,22.91398,381.78702,235.09856,42.422752,184.47018,191.22073,157.50696,28.17543,258.0843,211.47049,82.47232,47.965935,106.44025,10.378286,114.59668,119.05493,291.77463,190.51686,244.18446,25.087933,194.87428,360.04935,372.95477,36.60281,91.22872,151.75478,43.756977,129.89005,117.80994,215.66759,198.67438,110.32878,221.97237,137.74895,175.98354,30.444454,105.87699,110.51205,104.45644,30.211945,132.31252,95.467545,164.3245,115.48324,109.415474,5.525529,4.837327,30.1348,144.01749,167.80682,116.85502,61.76695,78.26694,10.239055,218.18451,12.946057,1.1254394,274.93137,192.662,115.34912,192.67076,30.588392,189.10814,234.75014,127.711105,91.79284,68.639,366.65768,171.35341,108.474365,61.61356,94.898056,12.509243,120.11643,112.282684,244.16994,292.16733,122.67582,92.14865,221.90942,27.880758,228.7319,112.077866,93.781044,134.5211,58.486538,60.702484,173.67601,85.64983,29.072453,298.06177,85.9976,14.1527815,4.754908,166.28978,78.81721,71.560326,97.409546,43.444942,278.33463,415.86792,87.78101,63.176956,383.69073,22.33209,63.596264,78.99587,198.6041,15.728314,209.96042,151.56972,35.89954,183.88774,73.85985,110.49528,353.088,79.287766,188.42836,101.29493,154.2776,24.430674,74.05086,169.67456,166.3246,179.19894,32.295525,180.35068,21.881104,110.12503,231.44116,215.22159,118.36939,114.56849,161.3604,35.33311,59.41852,430.76044,157.8708,129.25941,3.317776,61.72089,60.757298,194.84814,241.60912,229.89511,80.28452,44.67936,123.72456,258.54944,165.3394,276.95502,86.35693,135.25201,219.16318,94.60888,316.90207,7.122425,151.26634,145.95198,59.35274,113.23498,180.48515,197.56245,105.46346,245.47148,25.875265,170.46536,266.55762,345.77637,170.17648,118.275566,51.996994,160.1422,227.48582,172.30067,150.17937,249.84674,186.03336,286.90958,333.8879,80.752716,73.939606,151.71562,174.17555,74.83363,194.97643,62.11129,82.27713,64.53066
SPOT_205,209.5639,397.3344,91.61465,800.3058,436.30756,145.71538,110.40462,242.98303,110.03561,33.086365,237.67552,242.9338,275.54965,97.456566,166.00586,1096.5785,271.32718,148.53195,35.487255,224.59203,139.2224,32.862297,105.29135,116.09335,113.6597,24.582405,81.21823,158.61993,43.402588,19.84152,14.696423,7.120042,376.61386,103.37301,130.94118,44.441353,383.94843,35.748936,327.19943,10.814341,149.64165,375.35654,117.54898,51.210022,132.12405,89.2005,70.50776,321.16577,108.652435,69.57935,54.88653,26.900208,241.31334,82.39028,90.279724,500.06018,166.83739,193.15561,282.45703,235.08224,254.45302,242.82716,289.75244,43.152016,44.276226,206.03284,227.49126,98.31911,162.0186,49.053574,119.99632,266.69138,107.14865,190.02698,93.586754,135.86311,301.83472,105.29748,198.27284,110.93316,243.89468,149.28923,21.594501,359.45386,259.06894,203.78632,130.57155,272.08978,21.647743,20.697525,37.286747,87.14592,177.75674,86.87071,126.060005,238.1865,309.33606,381.6656,191.38596,405.6196,18.183712,118.764656,229.87894,78.49153,52.157562,87.605995,58.007507,321.5239,25.007734,61.016525,62.753788,5.3034225,221.21632,165.87688,218.35722,139.62447,129.96465,53.326736,218.99374,114.08511,228.32222,195.121,242.06348,50.32447,61.88023,142.30225,40.50129,126.49201,255.42807,32.664165,30.717419,327.35532,34.482754,0.89702463,244.05865,140.60304,16.803854,84.13123,183.31174,181.59044,20.817766,151.41922,36.123505,319.5573,7.6787715,184.09499,224.1904,138.21275,142.03079,198.70857,318.31448,34.752056,69.6397,170.22197,134.12912,14.034463,3.7454402,185.95616,204.06741,120.29633,12.176684,180.14827,270.40323,47.935448,178.87755,65.387825,183.73653,133.9839,230.20245,241.88629,13.463909,197.55733,168.4205,93.938354,102.839874,126.18856,60.072792,111.168594,77.89447,213.28429,129.18591,61.274334,219.3827,141.07011,124.39996,94.38608,248.77673,24.166279,17.196348,65.493164,87.61913,394.87268,166.4331,16.208147,19.101128,393.9066,151.61723,243.39365,129.64961,304.7764,169.53825,212.35834,173.07349,251.36197,76.326454,168.32518,103.159935,219.80136,203.3588,98.24149,424.41345,19.924847,510.068,200.9667,89.82199,97.92594,70.71115,182.62314,146.55655,217.54326,165.67232,115.6715,372.74817,181.05205,183.88515,202.75232,128.47514,83.55534,121.90828,119.43612,77.76909,109.6566,3.2084148,86.68429,24.499397,9.510198,49.51075,39.9873,209.82756,19.924982,115.797226,14.543476,198.24979,362.3981,117.99277,2.272442,254.96237,36.908092,6.0231915,126.747185,169.29866,37.94855,191.52324,158.08815,43.06909,36.640835,138.87872,77.65832,135.56238,128.77545,119.153465,52.747105,14.486503,78.65999,161.07314,266.83383,320.87628,41.905964,245.61597,145.027,4.7431717,162.50143,547.64417,9.070517,283.01196,173.40138,142.63753,321.20108,171.8879,80.93712,157.7494,42.71356,0.76727676,4.643342,297.87323,256.92096,134.88843,7.712879,209.46825,250.44127,120.04386,302.99966,303.76675,103.73481,82.86028,133.7779,116.097435,115.277245,6.7448115,27.070173
SPOT_206,44.19277,151.90729,29.770412,90.92026,29.074427,109.81047,118.31004,98.05297,1484.7472,991.72,1212.4471,345.63672,281.34543,104.09361,292.06802,116.4339,229.79613,41.25466,219.42957,33.061153,174.77623,52.555702,2.527822,139.25969,84.41335,262.24954,56.782505,102.08902,127.199936,283.1758,322.15845,1363.8132,386.84964,63.749176,13.9983425,55.806164,25.339245,61.233383,151.17809,459.74042,198.13991,87.34503,50.44009,33.04009,135.58057,295.72568,160.69629,79.37186,274.3405,489.69226,242.72084,196.49217,15.640649,100.11291,238.39128,243.90941,399.79715,236.6462,48.561146,106.78286,4.6488404,123.24659,64.19526,33.1925,40.201607,26.744822,161.29515,135.64282,242.5852,8.852196,226.98764,61.651405,155.92305,14.441586,461.50235,245.72868,121.9184,31.941555,72.72051,217.03587,82.28412,53.17907,267.0411,23.62447,43.733635,63.692287,8.213838,195.78117,82.46583,187.8109,89.479385,7.9756517,110.92426,223.14384,145.25896,102.68823,163.45305,193.77554,359.059,474.07138,97.611885,233.3571,81.61185,99.413506,214.93135,27.252533,246.96526,13.911729,219.93706,33.328156,188.7886,262.69452,49.72955,240.84581,82.78942,306.1247,130.13062,145.65588,82.96083,134.53967,93.1356,225.40671,2.7915046,56.033993,248.83836,17.327307,318.733,254.28462,197.05966,78.866,613.17615,75.25807,272.75525,286.87927,200.83261,130.29816,33.71176,313.50037,353.1877,149.71906,619.4735,30.425552,113.81331,477.40436,181.49567,387.7465,25.906843,99.51986,83.90231,32.27867,105.64918,224.26784,180.71396,36.793053,152.17844,165.7273,347.88416,228.40614,147.97675,394.96707,22.830456,11.600724,72.094,216.88835,165.97253,110.99121,187.5999,120.88198,113.44435,24.03182,140.29895,429.274,54.40469,136.4315,165.31807,117.02261,2.7001545,325.9255,94.1513,106.36076,264.59512,13.536002,146.75337,94.572845,201.52702,165.63506,25.888042,48.827995,555.1159,116.75234,198.1454,49.21212,81.3389,83.51958,256.8364,134.61691,221.09839,47.205673,65.58465,122.08475,282.6654,355.01535,145.72028,138.65416,78.93021,207.5487,87.468056,135.17859,236.75865,163.00066,90.493195,9.236952,77.41719,206.84578,27.307072,125.414665,189.19826,315.75327,7.5642934,246.21292,248.93843,307.78772,278.98495,56.87805,98.43121,56.14784,346.74576,58.693233,230.11351,176.7444,68.1058,144.27942,57.6689,193.5835,216.14333,27.199123,60.66572,27.087952,79.127304,120.29929,41.46574,210.45515,481.65475,93.89267,46.183727,199.7907,292.5653,290.6767,229.24077,40.713684,569.58453,211.54802,165.69972,100.64856,161.85945,365.7265,277.39438,31.078726,133.01169,199.03047,292.0667,194.39514,58.066036,260.69696,8.639652,111.05066,163.22128,113.07072,65.37258,152.69977,21.081696,144.38536,162.94469,284.4585,6.300775,199.85072,195.56969,14.93517,230.88593,112.26932,254.13733,68.94489,256.33356,87.21291,130.95723,153.81421,63.49554,216.93668,30.737906,219.36757,113.628555,162.00984,358.47336,140.7489,101.72708,183.23367,143.74405,250.30992,127.31717,348.03534
SPOT_207,174.71175,229.03593,132.09935,139.32076,59.69101,19.716063,104.5016,90.37082,39.64827,73.051216,48.26243,458.43582,212.60733,120.996284,94.48615,274.06787,57.532497,1918.2911,12.023094,23.23627,24.158508,176.76976,7.5122795,39.581993,27.394506,238.6354,72.37085,10.346017,211.96725,93.99148,576.3705,80.59307,78.49476,112.00038,48.412544,226.43123,81.708435,265.43964,48.340572,27.65998,127.403305,231.91812,379.09,174.10056,411.82275,96.183,93.58835,116.90746,473.15436,131.90222,286.30084,89.69475,108.59274,26.662392,33.466213,383.46814,67.11701,114.934845,255.94229,60.2628,194.99686,107.74023,9.384903,61.479443,172.1599,48.472324,240.11375,237.71661,114.4174,200.42818,20.283777,70.92894,71.06681,285.66946,96.823906,75.201805,52.97842,194.06447,71.65215,21.865246,21.654833,275.02954,70.6284,57.08895,347.88895,444.55795,81.62914,221.5073,489.30093,327.75592,292.60815,209.07585,105.00244,338.97342,83.9772,40.94448,320.48062,18.375164,7.4533796,402.98468,170.25496,159.49684,91.92018,478.11615,207.08981,235.45924,280.40198,77.69731,17.678509,125.95173,129.21246,144.07771,290.73013,56.09198,165.11542,46.66287,51.499016,281.5244,57.453144,49.63331,209.19351,76.792725,164.09358,213.26088,136.36287,117.072136,53.79004,128.46745,253.73747,352.393,161.53902,152.21342,152.09984,64.18332,124.23117,25.170439,29.941757,197.6949,196.44531,9.199574,114.202034,0.16601516,181.57628,141.48813,33.884953,198.99902,241.37228,2.5120797,134.64438,205.73466,226.34952,339.6561,199.327,28.3955,174.85376,12.231132,68.262474,54.76368,178.61057,120.845245,184.71655,32.160168,136.20886,181.6665,76.1004,95.97719,333.77695,125.59383,105.864525,113.31201,137.00005,97.19475,93.50466,154.64664,23.958858,39.46602,58.70806,305.10022,102.79609,316.4866,23.555653,131.90826,179.0244,22.145277,135.58707,53.48477,154.24167,252.59764,145.20302,197.9096,170.67029,48.41596,58.58354,125.52533,274.66907,79.42479,32.484814,83.14132,171.86057,14.518533,87.05455,187.86885,15.6177845,108.008865,178.35114,157.1128,176.61542,346.21292,57.9712,182.33075,22.670303,125.595276,113.23989,85.39598,196.56856,74.37423,20.380339,147.69418,40.94556,260.98596,539.83777,113.33205,217.6631,217.94449,94.88702,231.5524,63.865505,116.79212,14.752034,25.267553,114.49917,75.83702,188.45627,91.63902,44.198353,100.079956,174.58826,168.09674,48.80012,191.89029,72.38564,430.71252,137.66998,27.238512,250.5648,78.93194,24.941809,124.72266,121.24155,58.301983,391.44342,50.866814,304.19922,157.96634,156.42029,28.480225,82.6967,46.786003,188.18134,94.34801,335.87363,231.93317,24.331728,96.5254,41.25513,90.4923,177.15396,164.3424,17.912926,302.4823,233.94731,124.42,98.58174,152.48587,148.80003,91.267395,32.516228,29.953985,180.50833,185.69571,445.4109,209.20724,302.05768,197.9569,38.809685,95.92739,17.336163,47.564426,223.13086,26.271498,249.98221,281.6915,153.59557,46.493362,166.41876,127.028,202.31186,164.45839,114.23796,120.331375
SPOT_208,184.5417,232.0865,11.2909975,11.689221,216.52916,80.764305,61.81702,162.92146,1422.0945,1258.4941,964.0309,47.238064,238.9691,310.5696,81.28238,405.6318,81.50273,363.85443,16.96748,35.354317,33.632256,390.91708,37.133316,311.4503,159.97661,362.29498,316.0096,194.84756,51.65513,288.56686,215.15063,514.21857,109.20572,163.06406,138.08284,123.95515,305.0882,224.7874,272.95407,169.3203,153.64742,5.934009,191.06232,175.64867,97.82742,308.1058,20.461372,202.53856,247.87457,22.506172,99.81537,178.39743,368.47424,204.29669,126.91739,28.798285,154.54865,266.2015,9.238213,130.49959,95.67004,209.89655,159.15504,59.198074,1.338934,136.66777,6.145106,78.09877,90.736374,94.10302,248.30363,91.08863,37.792564,263.90213,73.012535,49.59025,105.37495,21.578995,19.248085,160.98384,0.8423583,106.85401,250.35759,191.07755,247.28119,71.231995,10.007441,300.18842,149.34,152.87585,149.81277,4.3012714,27.412632,166.2877,152.20659,287.5487,95.977455,179.75505,122.161674,109.99144,0.61020654,21.72679,87.65178,72.90808,271.22314,126.079575,209.80162,5.651016,75.74283,265.51767,222.67358,37.31007,195.74947,122.832664,143.14601,298.7012,21.763012,24.027338,281.49957,150.11517,126.86623,187.80498,272.6982,413.99783,224.0094,145.81621,130.15121,142.00064,93.516945,157.75111,199.47543,217.08827,225.56546,18.68144,217.56114,125.74551,190.10208,228.75574,144.18173,203.76021,97.51871,87.007164,114.6849,109.74623,364.5424,63.073227,50.30005,199.44962,15.323747,26.827557,12.1260605,47.75115,246.38223,108.98128,401.66025,79.551796,89.22104,142.56421,45.274826,70.32666,490.05576,14.691791,129.45746,33.631653,64.074165,5.1075363,75.96154,36.45327,224.48009,52.046314,215.45615,76.36286,160.54254,166.93657,136.69153,155.12912,175.78464,25.976234,97.99718,90.26253,152.84746,223.15689,83.28312,55.378044,177.56871,306.94443,81.891556,17.412817,212.61008,14.961497,198.26958,323.2384,3.32764,129.2443,10.267673,34.08344,157.76843,145.57494,140.29836,332.32178,58.561993,39.807446,103.22361,160.85793,8.535393,17.303741,215.55705,350.27792,310.56845,261.6412,217.00497,15.121546,15.279936,30.23633,64.5726,72.14439,59.388397,16.040878,190.14825,240.31007,101.1714,204.37486,421.95807,100.299736,64.426315,192.05476,272.3574,165.99927,522.5461,285.82455,245.9671,179.72697,507.04333,186.62929,107.49243,14.254866,135.7385,159.96815,246.2876,43.603733,50.480354,65.48709,167.21259,175.51607,25.878899,61.955162,261.95062,368.338,125.21559,154.30573,5.0876803,426.59003,65.10946,178.2436,345.96255,25.821213,25.590784,350.1464,32.332832,30.993763,7.4348097,464.11508,13.828357,8.721955,26.052816,150.08855,101.708725,175.79367,126.97147,69.87167,252.42638,83.523674,240.69429,38.216045,13.537929,153.56358,71.20628,85.69593,5.017734,139.93509,5.531729,57.10184,272.4557,101.30825,122.24657,72.98684,25.328007,381.88095,240.24475,34.227478,245.59885,110.63222,23.785881,309.53336,272.05975,85.17741,171.5373,45.165794,256.88553,72.87825
SPOT_209,65.62992,44.640156,21.322779,84.260994,12.106433,148.37135,178.01807,99.458176,71.001526,4.6230154,138.93828,102.054085,87.022064,105.71121,73.77459,35.538563,250.1899,136.96364,60.22296,113.86378,320.22134,121.16607,197.71245,9.8129835,300.34344,71.13399,261.49118,35.279156,79.34738,226.99657,339.26376,178.49461,136.97917,282.52054,103.28188,119.76334,184.72745,8.8131275,28.740028,107.784805,3.4303975,222.50146,93.75139,292.88693,155.58055,384.98553,420.8788,4.737636,95.95071,150.34377,94.61714,139.28217,168.52197,14.872627,182.77818,109.37754,67.34704,8.688733,211.52727,329.36703,53.816788,53.15801,48.53422,188.99724,247.7147,118.298584,105.70404,14.385567,31.78502,77.3234,25.210888,106.65881,8.243637,89.14042,47.065514,42.48062,261.4162,76.93013,514.7477,295.14188,203.86885,225.29895,22.5869,101.79818,283.80307,139.50232,83.41079,135.61642,66.01852,400.4726,173.46571,66.49314,4.2002096,22.525003,402.8963,182.27943,154.97365,22.152348,213.47392,209.67989,270.44104,90.230484,204.11038,115.13967,163.27956,279.84116,233.15567,44.425705,227.66602,142.01764,81.192986,153.39363,6.9217114,462.2449,122.408134,363.67462,381.4409,179.6909,213.47519,45.10964,16.549936,144.95757,37.10279,99.06034,8.561509,69.51573,90.26206,118.73577,161.72101,153.45186,81.52451,203.68498,73.6163,95.008675,70.93311,128.41663,112.998924,68.32052,115.766716,79.90751,123.675735,173.88515,163.69504,151.05023,54.461403,31.258387,193.35251,249.048,15.262565,2.5563786,47.014645,19.980207,245.45041,292.92572,199.0703,51.9326,9.354396,121.493675,312.0379,393.84,129.53165,7.212742,65.26153,447.6203,138.13475,148.08766,47.5565,240.95348,308.7926,313.60645,386.77762,126.02081,54.777836,77.68697,1.2843937,108.110756,53.225327,162.40254,167.58817,278.8042,227.52527,19.160776,125.30882,75.12575,75.79702,238.2783,135.5795,109.57307,327.65112,209.80492,26.923185,18.315254,180.73367,327.18848,191.7749,336.4186,161.97836,15.652553,47.59417,33.58245,190.44821,66.39343,58.1012,83.29882,256.14612,142.39645,414.1662,38.93538,191.89001,224.27127,155.4602,180.04774,81.7176,356.0797,215.95354,31.375084,67.26642,8.8707905,201.77586,197.81593,119.54096,237.36615,242.88655,133.11766,296.0344,194.60933,147.47693,218.61012,50.882885,59.330322,10.645698,420.00226,116.41519,151.27994,190.37704,10.471951,121.808846,162.18694,265.60645,38.85288,175.90779,20.360855,172.11174,40.77069,135.80643,355.79193,128.79346,67.27703,101.2101,238.92006,193.23035,317.63678,152.8823,233.04497,154.31961,323.75833,11.988183,141.98874,194.04813,188.70377,134.39574,160.89763,162.77148,468.2091,44.463943,40.984573,334.4126,166.54712,291.75504,146.42043,348.01556,194.58708,36.54986,44.72387,123.01064,18.955875,380.60156,134.84947,161.91992,107.14084,288.33682,256.7919,337.21863,73.797966,113.419174,204.93314,100.90887,382.82208,156.91243,75.21914,79.09,193.15729,258.70062,10.466004,35.192184,16.510994,197.05354,10.782184,128.80394,264.36475
SPOT_210,254.53203,267.03186,174.90579,228.20811,197.62299,168.52065,95.33334,114.74693,356.90668,323.10638,222.98997,218.8645,110.627365,19.432758,68.00247,296.50143,381.19952,24.92928,85.6191,47.78543,286.39655,145.62706,93.429085,22.652767,240.5417,539.6937,184.28825,212.53671,254.9583,270.20755,58.787445,52.727604,40.432133,79.00485,67.79772,370.67816,137.26024,273.70676,0.5661759,225.51836,93.11751,243.8416,311.2257,367.53824,54.069824,203.285,28.07897,76.80124,193.63985,130.22708,276.72693,336.4877,52.884438,458.08203,109.01277,34.33444,6.2283134,73.52893,197.47218,324.27863,306.82172,168.18867,224.31224,108.056656,78.6088,125.37812,17.303255,86.61318,58.57869,41.042107,17.142496,73.323654,84.38706,53.573204,335.90988,36.590214,3.7280402,275.42593,51.609844,17.36051,13.817516,237.99223,215.0707,141.28822,153.34227,2.5221107,268.88654,263.72778,74.79391,105.370674,378.41455,61.921482,154.07619,104.81104,277.09262,124.42379,91.65109,76.320656,116.42412,84.080536,2.4500182,33.439472,160.90065,408.50043,53.360744,66.17358,65.46746,343.07172,276.50806,279.5697,448.56277,317.48056,62.881863,81.54301,138.81949,121.682556,310.19598,125.83426,136.79274,202.13974,265.19336,189.85338,75.90119,53.710716,312.55203,106.793686,153.0145,348.85403,107.683525,84.49214,24.988194,39.90945,257.55457,151.70367,17.326637,22.173136,51.854492,237.24945,14.931866,103.429405,216.87761,15.415103,215.69275,61.458458,81.542915,214.33618,37.70033,185.8208,290.0798,13.270206,402.3339,258.6468,86.29236,529.9956,12.186975,251.92258,113.13296,54.611435,235.59076,27.152672,13.755553,8.316545,205.89018,191.99492,118.754074,37.824512,3.6268036,109.33378,2.3561661,48.306313,74.63957,59.21005,191.11424,19.792076,228.59364,442.30917,307.35748,148.99155,19.040956,106.55602,77.037346,169.15433,245.20538,69.3518,320.98755,63.47862,30.882912,112.24327,167.4596,3.9245791,185.27191,202.15714,103.95857,151.82155,405.12192,233.79486,215.10818,158.8008,35.080933,28.961376,82.581795,240.61304,37.89241,6.645419,109.45215,189.2908,112.41528,157.64624,226.68169,194.04785,167.42574,67.432594,237.18805,106.24979,194.4834,262.42688,55.082375,85.68283,232.69371,94.61658,153.56561,282.75906,15.193729,10.126525,81.19441,267.70114,100.05866,151.39522,140.78078,126.168,171.3214,80.49721,154.89401,162.85316,251.84406,125.760124,95.94458,243.2425,97.22692,317.9495,68.60742,119.01767,203.78851,103.45522,182.40208,66.14362,405.91473,262.76547,181.25662,28.986753,227.0442,127.448135,81.52243,34.406654,6.3117247,4.4407954,443.02307,26.747522,114.4804,66.546776,286.2313,121.17366,99.32679,209.67026,32.292824,296.3582,25.219492,362.5644,102.68562,22.854685,380.9011,217.6474,26.531277,192.1329,158.26183,65.93644,491.68066,70.786545,20.177334,69.833694,32.70237,118.30115,22.232141,15.234003,2.1975627,74.72508,102.27006,152.4066,7.869034,88.50146,194.85335,63.889866,180.63339,28.699833,23.602707,192.06915,249.6952,546.8607,36.270596,378.16635
SPOT_211,669.06256,4.173839,207.29977,176.58182,704.85614,174.17793,24.17134,102.51723,10.220166,31.950954,64.339714,203.39468,26.292269,8.716085,53.177593,336.15213,63.035625,86.63674,139.73596,158.544,77.31551,22.190231,109.1689,141.58954,170.0687,111.95765,158.21654,22.627668,54.00048,49.10036,333.70447,121.24869,7.9840403,124.030365,87.33791,263.5242,1394.9946,125.107185,56.095425,62.348328,93.78613,101.65332,244.33527,257.10547,116.63303,75.94575,30.625362,336.76498,207.50882,206.23848,156.41026,119.838066,118.648254,105.302414,63.41079,91.796234,180.84348,26.335146,218.256,82.13451,42.169785,244.98346,53.98839,50.197456,423.3933,9.163169,1.7813305,16.681467,327.37772,63.666897,92.34471,168.83823,251.84547,176.29115,23.180466,222.80673,243.6502,377.90475,0.9558399,56.01433,120.68447,76.15839,324.335,146.92651,429.6115,70.54917,172.12445,48.810356,98.75185,110.504295,79.58895,324.69766,228.5226,61.10118,52.6311,139.85104,44.479008,226.18399,72.71623,49.15663,363.53192,165.81664,73.08996,96.15165,165.6338,34.718327,360.2097,254.97423,324.938,146.35919,130.76413,221.36906,50.77102,12.055025,215.55397,116.54915,423.53003,37.413742,213.3619,245.44588,175.94647,300.55637,38.662823,97.45766,45.560726,211.97429,254.64392,146.74205,9.522847,153.46005,78.976204,12.660098,266.32053,105.0134,74.277115,121.131744,26.382149,103.52927,11.213211,224.16315,51.43551,260.30838,89.015205,141.63248,286.01373,155.5872,48.90127,46.943077,70.07634,78.153336,445.33502,103.226685,85.8683,197.88742,114.168304,74.69106,42.9274,24.280483,153.80069,132.92331,155.66458,255.38121,70.86231,77.3795,28.357647,105.5677,15.822662,264.53854,154.02711,299.3439,121.17831,296.3206,165.75896,75.32898,120.210846,21.958302,219.7524,86.760666,227.62936,213.18701,215.60457,29.519657,326.4641,375.889,67.595024,380.91656,190.93271,107.78127,242.70204,29.37392,15.414983,275.43164,267.99435,100.0673,57.794716,3.0444758,95.58529,144.00955,169.08127,144.61017,17.666044,48.976387,388.5186,311.7973,98.23795,162.85162,192.60904,242.4915,412.8213,180.0524,103.22135,29.39821,305.52832,111.042496,96.88729,11.284162,313.76584,266.30035,21.083868,204.59084,276.30978,47.764214,1.5198262,23.964825,157.87508,215.72046,30.709005,44.055344,104.81787,155.12076,359.1517,282.51224,6.472563,54.19566,115.135506,201.63394,315.04956,116.06655,24.582142,24.684307,338.5237,77.453354,65.019905,406.39154,32.3886,146.16466,283.8634,51.242638,47.45317,24.734484,0.83706063,142.7095,61.974304,4.2177196,143.7827,1.5354236,117.977554,80.20183,63.18116,235.61848,108.44163,336.78333,99.96568,207.71793,166.4961,88.538345,174.52153,199.765,0.6291373,110.41569,293.35654,99.969345,177.37561,162.84685,161.69675,73.96219,88.9341,228.14944,134.51901,507.48068,190.31383,264.0073,36.523365,52.46934,304.1504,149.03633,109.39705,192.49187,322.25818,144.15614,25.059755,179.24352,18.95284,56.676674,104.48893,25.216812,270.91162,78.61038,103.501305,26.989155
SPOT_212,273.77487,145.16501,263.67786,30.925228,248.92047,21.123016,146.73895,16.352465,175.02649,516.64844,17.9441,46.996624,54.834366,195.08633,130.0818,845.0813,87.675766,162.76903,295.89713,36.93116,342.38675,314.56342,101.27107,63.35036,24.282114,653.7165,10.294963,321.95218,273.11853,146.3107,96.725,108.12855,110.42654,115.200096,21.806072,108.00049,338.7279,168.90082,85.46694,261.60016,310.3894,54.3886,60.55116,32.301796,346.5835,3.7150474,111.04811,126.8874,6.8184724,377.81,32.19851,36.72621,276.39594,243.78737,79.71735,232.32582,78.15767,64.95181,273.97678,236.78192,349.49216,22.327702,143.03755,208.38773,175.92828,122.10694,490.74493,271.547,32.33218,137.94627,99.61174,88.41582,186.1967,174.2086,99.972435,266.88254,187.39813,262.3772,141.08475,6.178294,94.595184,103.83376,302.3333,108.813034,141.77315,223.9351,247.96503,167.3273,69.73544,71.93544,84.155556,263.38263,90.04909,159.45862,89.48722,25.925686,204.82578,112.15287,81.04351,142.21735,173.1592,260.38968,96.342255,92.55639,207.74777,385.93637,210.93503,200.42574,217.55717,21.53102,39.92235,39.079803,164.3407,156.69293,40.634357,44.83955,128.89954,64.17416,264.36475,255.9607,137.0283,130.70328,93.4673,53.725063,301.00955,29.167027,6.800865,214.23662,27.763878,137.31607,350.23373,7.182058,276.0838,22.313171,96.168434,19.556911,91.201584,84.70441,103.22632,54.603195,127.93452,306.22858,51.683784,21.640766,249.1947,65.820625,203.70628,154.78188,81.89936,74.99817,109.39829,47.72971,40.11161,29.58278,142.44832,26.38658,40.12982,178.42973,37.84598,120.29894,449.74216,357.33563,184.94376,167.0008,153.6426,256.16403,480.08447,86.70012,275.88928,4.6030335,46.69176,163.13197,47.794563,31.159142,368.9113,410.42563,55.156876,78.98162,193.14641,12.141229,76.294754,128.7625,265.45627,95.51369,373.52997,314.43005,275.7716,343.8953,226.72676,94.47739,164.05765,629.12036,43.906097,254.5669,198.30017,19.279638,245.33041,336.36288,142.29338,56.355614,189.64868,237.78963,62.850037,24.741508,231.0042,9.693249,9.230111,132.85184,379.15173,374.31445,144.21147,125.368904,75.877525,23.527676,90.02414,223.75739,174.53183,7.354402,250.51193,286.64044,42.630703,178.17989,162.60776,240.96735,227.93742,209.51732,50.082233,249.89967,93.943535,86.64075,105.318665,41.429157,28.733276,179.84709,158.29677,49.67315,134.85045,116.269394,353.67343,37.580494,135.35283,36.70132,171.06705,66.23091,81.02201,91.32402,41.057346,49.13436,77.99063,197.36496,182.20212,246.61417,171.29042,169.69214,74.82551,31.539417,140.2872,24.264606,8.265136,249.3219,23.786545,95.551445,47.741234,42.316776,62.355164,125.6023,225.60805,57.53001,116.637146,212.09741,305.6011,7.6358285,72.80993,265.31647,54.556854,46.57769,244.5397,40.947613,147.70723,241.70451,32.59027,97.81897,219.1128,113.98371,18.174639,112.908714,313.77594,208.78369,114.31599,349.49777,135.79762,119.21894,213.66782,2.8391967,124.101105,52.906963,326.99966,79.53791,171.82635,159.96915
SPOT_213,127.791985,26.830166,5.948897,89.279274,132.24292,109.031166,56.28663,37.213474,53.67698,75.69136,38.28483,91.7632,52.56119,315.97705,176.3127,99.54879,114.2638,276.46564,53.48065,123.04103,16.154005,321.8252,166.30365,175.46944,90.66663,112.5692,193.01003,235.36852,263.36905,175.99763,164.71109,116.90971,270.59174,320.0182,178.81024,70.993355,140.44998,496.92554,45.130566,173.28119,62.751873,460.99298,1728.3307,214.73228,331.83875,40.54951,170.61613,287.8584,12.408424,26.230795,371.0865,166.47871,25.184368,122.61844,131.33217,55.405872,50.734035,356.0785,320.80646,29.246778,277.38358,52.409576,188.55348,159.57242,288.83606,104.60964,210.75404,118.818695,93.38606,145.08427,206.18289,103.51237,68.52542,233.8369,78.96137,89.67263,62.927746,143.29996,206.4798,78.18494,60.45178,68.240685,449.95264,101.767204,293.30753,52.080376,123.09404,78.184395,106.87487,228.84029,60.668396,349.97986,308.24207,54.147884,74.91474,68.7553,58.47873,115.31211,29.314634,230.02599,34.075195,36.194324,47.65671,142.67468,153.38806,193.7503,31.785437,199.1264,60.234497,250.64977,123.566635,316.14944,56.024467,126.31525,131.91806,193.94202,63.609653,200.41255,113.54042,10.045427,267.84943,48.554287,153.1887,59.589172,177.49146,101.631714,140.44005,17.198053,25.335903,211.13689,346.4214,271.4288,119.35833,164.22816,221.17734,147.90482,84.676544,231.8778,6.8872495,24.297956,73.92599,251.0855,15.069239,317.75015,22.847206,259.2868,115.38534,38.705,63.673485,330.68958,355.78513,160.94055,231.42157,113.30879,34.79255,111.74306,298.81183,14.389306,132.79932,358.77347,50.4808,11.662961,199.00386,189.95067,157.58043,214.89859,209.45277,185.9642,37.02493,86.12566,409.73557,82.25634,338.4843,204.60458,433.85635,71.52198,38.873436,48.899,19.283997,58.7622,418.5625,55.965878,112.92894,99.96492,226.54335,295.23352,310.55786,15.297709,122.7073,174.96742,76.96201,244.44676,129.96477,25.867434,357.20993,9.585843,13.084968,217.72424,271.9951,50.93734,261.50992,285.36966,150.18608,123.424164,305.9405,382.1406,69.99892,116.15012,371.0735,62.58766,37.55499,118.07992,185.12225,218.46156,46.724472,4.2533054,28.474062,10.52494,95.26098,187.77429,34.71428,182.58173,3.7031963,128.99951,262.06903,48.396996,144.37997,392.8846,16.516806,279.39505,43.941566,60.020855,11.054856,40.142235,13.296919,118.32939,1.9907182,292.2645,31.220194,216.86978,16.997585,57.772476,255.07245,57.018677,47.94353,113.196014,128.93794,17.84186,135.43286,27.609434,334.24976,14.39957,140.47751,58.74259,358.9549,87.352005,142.17052,188.8585,153.67697,66.80951,199.37282,117.09862,209.83788,63.352066,61.257565,164.4766,98.5236,88.81675,65.29698,282.39413,12.469961,16.960026,107.905754,68.60181,21.396036,105.76338,113.87828,128.71034,300.3652,23.147667,170.29208,77.39109,72.58439,165.56651,452.40234,41.62029,6.0599966,344.5031,333.07397,122.36842,101.28254,149.33429,33.953903,20.976187,26.239439,138.4078,75.440735,246.48158,546.3888,260.47208
SPOT_214,238.90057,229.56757,291.72766,49.458797,54.801086,332.59067,112.998505,7.423579,266.379,32.782803,41.21935,187.58194,121.94959,183.36494,101.88503,165.7316,352.44974,82.3445,294.2067,139.9657,186.43132,35.22483,292.05322,44.76585,285.4553,191.98997,479.96814,161.90443,104.57704,92.286766,10.417701,501.50476,78.49232,105.084564,194.08572,268.04044,195.02237,38.808823,124.461075,147.60558,267.8982,169.009,28.347343,18.025318,403.95673,162.07568,44.572765,84.09199,166.93886,140.68462,62.672897,0.93301696,177.88559,54.501587,43.78322,236.86021,215.54071,128.84978,349.85037,34.477737,45.491283,173.87257,326.22784,209.13364,392.73016,7.8563986,47.49291,10.811665,269.60654,172.52246,26.0926,202.84529,43.72141,240.73328,160.4006,122.119675,18.44113,211.1696,145.2718,68.97505,143.21486,87.33568,143.15685,88.98372,235.2692,217.2906,35.918987,2.2988696,70.41343,20.783842,12.241205,232.43373,190.28372,128.33751,45.35757,56.962486,193.12105,163.89655,321.11722,128.08655,212.73007,84.20818,22.020605,170.70348,253.3235,105.952705,34.393665,248.56732,114.6664,227.8591,307.59097,74.78933,30.524801,58.128216,153.89227,50.19433,169.35457,15.908773,108.512276,41.508495,227.38773,45.822563,31.58892,108.86712,455.8681,234.27902,35.965385,76.97858,93.0483,112.42185,281.1747,166.94107,357.4257,150.0443,150.60689,99.758766,176.63777,335.37076,308.26312,147.11931,60.06842,150.09383,206.72821,40.120037,139.32768,176.37737,146.14781,109.38554,259.0606,31.345673,55.156567,166.19751,0.09859079,110.04755,127.09573,308.36633,83.06738,16.69701,100.199905,100.335945,238.5107,124.834854,72.92917,193.58966,14.914131,116.1333,297.58945,10.329792,40.394672,480.34042,40.16409,4.967938,2.843678,271.04514,98.3034,74.89761,163.0361,208.31805,80.2028,67.32199,379.7452,24.308477,144.3292,186.35632,32.069828,178.48448,487.4713,144.06488,191.43687,139.51862,86.496544,187.52446,232.67685,130.53687,46.159748,59.41001,170.16695,443.1514,16.357697,245.53917,40.830235,73.981514,349.85806,37.19749,148.76024,374.2129,126.9788,341.81656,45.913876,133.27534,180.84232,165.64183,91.82492,39.195694,28.954844,71.00077,11.520004,175.12743,26.613235,8.583179,211.30316,19.887009,11.115266,93.71175,63.41233,106.11494,119.46311,26.843418,163.65459,181.86642,299.37955,169.40686,94.84061,82.208374,222.93752,228.49165,212.4618,30.703897,132.58325,120.62437,75.1167,120.231346,100.42191,2.658146,73.180626,246.7154,214.87456,69.341896,25.58547,169.9836,320.0969,314.48874,150.30096,107.76352,76.01481,129.85007,231.57939,42.028606,132.87517,211.8145,44.6043,142.12512,108.05391,21.27157,63.407566,94.43163,156.86067,92.07013,97.21773,74.008484,176.59494,15.330253,95.25492,120.86076,44.99216,135.80096,31.816116,52.76245,136.61,112.264565,32.14582,100.17384,30.319138,78.88118,187.49132,93.71487,224.35352,89.421074,116.56196,387.91464,58.24531,48.123856,490.92258,77.810326,19.52844,209.46126,61.991917,7.608381,15.992906,108.03969
SPOT_215,531.81256,150.03113,94.63291,1408.6547,789.84436,136.32469,365.27206,533.6732,220.84357,136.80911,130.8664,163.08038,139.14622,192.41818,146.43958,1265.1393,120.53858,352.59436,70.82245,22.248857,690.23804,5.8701015,152.63416,92.040504,18.575005,561.92065,68.38185,161.76494,166.99864,95.090004,144.31573,196.02069,13.297541,312.9011,285.66,10.777847,1296.1686,337.958,54.88385,171.26631,166.8854,360.64005,72.57161,134.6714,15.537262,247.55734,465.8938,55.86408,61.782475,10.977893,52.448082,92.567375,28.499708,366.3011,160.05595,287.56696,210.0655,14.51055,129.83897,107.06515,36.475388,117.852806,68.946625,70.15982,401.237,155.95183,217.13232,218.4894,90.63461,364.43024,443.73187,271.1263,41.776512,45.614483,81.59723,8.421282,237.15802,102.66045,157.85237,183.23015,214.67078,105.69214,115.71454,61.50405,62.652046,57.612,158.29924,248.47615,386.2115,194.42499,4.6730766,264.13586,98.24259,65.54695,28.191439,404.61386,341.6285,425.70944,65.75655,29.80338,63.92777,100.40753,0.5210397,196.90045,186.75046,181.24974,295.3767,139.2711,48.543274,367.81848,121.5581,181.6922,54.05407,209.72108,120.079666,347.91342,164.83553,118.4713,121.79901,83.86617,148.07323,37.6593,273.44482,143.75801,129.90486,71.54636,130.60205,108.48149,190.79247,147.38483,135.06303,8.430179,213.11507,191.77501,92.834045,155.6339,35.745743,159.60873,26.876122,150.26833,385.62042,286.33975,228.52017,42.802742,16.87207,18.02439,165.19934,79.65163,165.90668,191.18217,113.08711,249.63226,9.245219,196.21895,490.08035,87.41879,164.27486,126.33815,133.12369,175.6127,141.73018,109.331474,42.97622,38.602386,20.944775,134.93578,58.670265,298.09534,107.20854,193.04453,305.95453,6.5778728,167.71123,202.8488,212.84258,145.74277,236.81093,44.04539,199.64502,154.39685,23.611547,288.99026,296.99036,279.36856,72.528755,170.23637,266.9622,107.03039,120.48598,47.16448,239.1959,143.57582,14.997876,110.36376,139.65858,173.97682,24.356762,37.341595,148.79616,1.8454783,44.898605,63.531284,172.33604,55.283348,2.8876474,22.531904,240.29916,61.41801,106.6896,106.89642,64.018135,2.6296496,82.78271,227.10732,54.481686,37.871704,87.25917,266.4858,250.33232,206.41905,156.50528,159.15533,80.964676,138.72128,185.45914,420.40555,122.267,301.6817,82.32565,57.019245,104.41903,110.34488,164.33586,189.66896,18.616835,35.622913,10.980091,101.6298,158.62274,341.1461,301.0285,98.4544,229.24701,195.47952,79.69027,157.87004,234.85626,11.046344,58.874863,220.81058,179.86394,372.76672,74.20354,92.268936,38.822662,178.66312,307.3582,110.01943,151.81157,24.18055,26.05184,29.29772,167.71545,14.889037,98.00246,298.04184,38.40569,461.95892,237.31381,54.158916,54.77844,139.83426,63.223675,86.394356,176.16684,323.03415,15.019114,166.85542,178.24242,257.06006,176.81613,227.94792,13.325314,366.42358,94.47033,207.50143,226.41328,208.66646,232.51694,134.08165,288.63348,86.19559,175.28493,181.85338,119.78864,41.534462,82.84357,118.945854,163.92578,36.3302
SPOT_216,215.75835,273.57413,94.55808,285.6122,127.303185,146.95059,133.34213,194.8898,26.74506,100.322975,31.117205,170.02489,285.05066,50.39686,47.17367,178.45503,64.09117,178.11852,203.61719,13.308587,412.7353,115.28987,158.39275,56.17348,154.70476,28.24783,173.27415,86.38294,100.829025,221.4782,204.43137,273.7547,112.801605,13.927438,362.10516,97.02992,35.50023,305.9817,288.48038,259.05145,90.75067,368.9698,1060.43,881.1388,653.6615,72.82283,129.14383,102.05461,419.92194,318.80893,202.69449,106.47989,1.2930533,93.16623,8.527105,89.34915,0.8443049,167.52046,2.6951451,97.3532,128.58534,28.410736,322.3531,45.485233,121.33729,155.23369,245.81862,46.357403,29.507133,120.215225,146.32011,1.6609108,278.55142,187.97702,303.49744,17.989595,135.3245,47.071316,229.48183,78.468864,75.27441,93.91058,39.456768,78.10871,2.566408,162.16356,70.262276,88.93048,19.44505,14.561311,68.9843,91.736786,383.66022,5.7797265,55.67523,107.82951,199.50032,25.321856,149.71791,109.90084,47.56374,250.44897,196.28513,17.340038,45.36741,208.25645,439.94812,342.41077,55.234,199.25839,226.9217,50.159695,145.44606,113.61079,122.753174,159.72943,32.191727,22.875544,10.2095995,98.25479,283.2658,37.866898,105.28055,261.50443,31.65297,118.743195,77.14943,65.635475,281.43332,38.48858,82.00673,117.94784,257.79068,193.4042,217.17314,59.53751,348.10876,244.95589,213.87624,21.015657,192.38747,7.3851695,39.06806,292.68777,219.96503,315.54623,309.8616,328.11685,459.81836,280.25296,42.97715,76.00478,253.89467,58.065308,212.59659,142.07065,220.00206,179.84702,147.68619,97.03864,124.260735,296.88583,122.040115,348.59464,262.04083,5.523641,88.80113,44.537235,163.70216,313.578,102.52598,95.83228,51.684208,5.9129686,131.09879,12.097498,153.61563,151.2388,211.54195,19.265486,186.0841,75.66068,101.40936,195.1576,211.10307,32.107265,224.3384,152.07074,121.24187,412.42065,365.3499,5.2224727,18.490723,37.644844,94.619415,36.4094,269.16724,15.939073,29.626263,164.08067,255.16016,153.98782,300.99512,77.05983,91.89002,73.97679,351.23083,76.05248,235.9811,85.92355,40.9612,63.126095,227.0605,158.03821,162.69815,11.9740505,141.09552,83.45651,15.08823,145.21144,192.51634,78.28067,91.981865,219.77313,38.564957,67.15636,203.18494,242.93907,149.66486,223.87907,92.74069,37.3293,98.13923,186.89514,46.905094,345.27548,8.5834675,29.542898,403.1575,55.736492,127.124565,183.68428,83.1466,42.483112,163.98102,270.7401,0.56875616,230.1746,47.19278,244.0566,271.4329,40.783527,21.684078,99.570526,153.24977,74.873116,88.908455,13.230946,84.589195,56.936382,118.5076,28.461964,224.81651,269.26172,45.77977,340.92126,43.530743,74.41244,2.959193,393.37784,76.816765,48.34803,109.44814,236.18932,180.03644,90.896126,199.17906,72.06228,112.6141,99.69469,206.05333,209.2496,308.8302,69.02082,105.73451,182.12622,186.04698,394.91077,180.28238,163.3468,266.4003,1.74503,57.94382,19.417915,73.237366,176.87762,210.56892,3.5286844,153.96014,196.94302
SPOT_217,497.5806,421.42474,13.524883,199.19849,176.0286,42.07249,115.149956,331.59662,1106.8105,102.09759,960.6167,133.68176,77.61549,29.163378,132.1662,15.662193,91.23964,165.75172,61.983322,58.41576,93.4524,47.317616,23.412619,28.07382,161.51695,130.13875,17.182096,96.31569,93.49645,169.15839,286.7844,39.94437,16.220196,77.26755,32.166195,7.552553,78.34236,190.24716,62.55154,20.178373,70.13252,50.37128,5.327914,274.29648,178.3001,234.82373,66.68095,115.14923,67.11923,155.15416,94.43652,184.41013,32.589836,149.97543,292.98022,71.12654,233.11905,77.92687,147.65529,0.109249115,30.333912,334.29517,58.122604,82.27822,112.65167,146.7281,216.87222,166.12021,232.36507,411.5103,228.34894,261.09323,78.25224,304.0965,85.694565,6.9783316,83.61469,104.61229,0.943224,207.67593,123.687065,175.07231,276.1547,291.60706,458.1654,12.044765,5.2979155,138.86284,229.74974,176.11685,287.49005,150.62215,155.00157,180.29633,83.12372,0.6729771,30.80606,34.259506,88.02321,187.14215,30.173134,65.51786,19.719908,182.44672,242.86314,117.294876,145.57463,131.21527,269.8072,32.350292,104.367775,52.114704,23.034433,39.068455,67.67171,64.2957,7.6648307,35.45853,174.69481,73.003586,433.6272,47.21286,2.6739676,146.34857,250.10655,75.28682,44.478893,24.953602,330.74,85.784874,169.13904,27.479712,161.44351,78.143936,51.156467,155.40297,3.732845,385.61032,422.83685,127.87764,81.521904,88.61902,88.58391,119.17359,371.272,33.837284,48.457718,172.53929,75.27611,88.89768,8.315471,500.69122,89.83855,109.64682,131.55006,197.89098,32.535645,431.2051,42.0474,414.45096,40.26153,201.75087,247.99712,48.69032,218.31216,101.63544,42.763702,140.54472,230.76921,2.116374,174.91328,48.26855,42.62246,190.85638,56.24366,101.72717,215.49927,110.76538,349.4971,150.83395,11.684831,5.917534,214.27734,36.775845,160.94682,229.93011,11.199022,80.52554,124.92107,83.24654,160.08151,187.9918,115.45405,226.72423,303.48486,301.63437,237.72862,85.00716,157.7175,228.84526,6.8417397,40.39816,71.1894,395.90277,33.941216,157.78125,229.77315,73.67494,91.35143,255.83282,78.42466,18.730478,48.704113,163.66475,2.1396751,255.67061,72.32421,176.56529,286.66064,56.41596,106.7864,138.29327,374.88828,53.47907,94.98066,140.93773,86.62118,136.40211,152.45096,165.56583,66.39491,139.634,117.1684,126.33361,64.245224,284.58337,71.40245,241.03775,91.14665,178.39964,352.4622,188.1652,16.03347,74.422264,84.310356,172.84322,222.8702,17.225948,138.22488,97.48563,202.10861,118.050095,61.743378,117.002594,172.1682,126.954994,57.93487,97.03061,239.7923,88.47042,262.61945,23.11083,124.06623,60.915554,279.60788,142.81189,73.57162,383.83093,92.19256,54.477448,282.1251,4.249985,164.35881,162.79279,59.92473,150.61082,178.88794,166.54317,110.508385,367.69275,10.528209,243.5006,94.37154,182.97762,126.30915,267.77164,185.3342,34.979633,118.07776,171.1423,34.631775,74.6964,241.2025,64.223976,63.42819,247.38538,147.46799,123.778786,14.956913,118.88264
SPOT_218,54.8805,181.41415,31.655638,121.61519,11.4297285,233.93967,160.36316,377.75516,15.344556,200.4222,22.655943,216.52548,194.39517,142.7331,386.2321,41.6005,32.591824,674.9684,90.82648,155.69812,208.0653,213.09071,170.01909,275.7355,93.63115,670.70544,130.42775,102.976685,175.58437,247.83513,275.02563,173.9674,46.328304,121.52094,6.847057,259.36105,52.734016,216.38089,430.3574,146.4899,182.71506,1138.3563,1446.9395,843.94135,72.066284,118.13483,330.80502,327.63254,83.721596,230.03667,98.22124,4.248813,189.5573,199.24814,114.57773,278.71494,287.16306,153.1083,174.05244,32.280792,212.06287,50.509193,298.6416,233.2148,146.4161,108.23124,335.3421,36.84451,64.50065,97.98859,189.11348,218.43529,76.96063,268.30634,504.56912,54.735775,63.316807,151.57819,57.31747,99.97776,86.69141,121.32556,144.19292,0.3297489,55.27991,223.25313,122.00993,193.87425,308.36963,46.168694,74.525276,160.59372,9.307058,129.14923,53.802517,128.43439,13.759333,156.03331,207.13434,285.2207,64.40239,329.33414,111.20082,438.92703,167.07378,46.417377,87.77794,94.8365,222.4151,390.56525,201.99675,100.4166,8.61709,25.269552,113.04553,259.62247,127.241035,19.016722,66.59716,190.2411,110.46494,38.93135,53.87382,4.911025,130.43481,207.9144,477.6858,138.82373,111.04149,198.49074,57.219822,125.85241,112.10698,254.47334,108.994804,56.772034,82.14305,170.74158,257.65994,252.51373,230.19289,83.4934,113.45009,57.32168,234.14648,209.64587,339.87332,265.60385,92.48294,193.08646,78.894936,180.42584,115.18967,184.10912,120.470795,29.954355,68.05775,133.50186,79.95058,1.0795871,49.801888,0.10135783,291.1615,158.62177,192.98232,379.4664,128.75537,38.81537,363.1805,87.99228,37.750492,57.723557,272.67783,18.94566,47.59997,15.058302,76.15059,153.14375,154.16327,86.97654,131.12178,163.84029,315.46396,326.38422,92.99517,40.0151,107.903984,27.060429,241.71716,332.14218,157.38638,27.382795,30.879015,114.50823,256.4427,103.61171,12.94997,174.41716,24.835659,50.621662,87.630745,51.97875,333.6191,265.0607,391.01443,279.34106,13.490274,53.273434,50.810276,97.55914,14.799472,94.89525,206.37407,200.5727,155.79893,237.615,67.127815,103.02849,286.38565,141.73318,28.158516,280.49612,174.90048,47.756687,208.12643,394.913,143.4181,142.12524,19.186865,92.487366,344.9554,151.37544,116.85388,162.35373,148.47278,51.74241,210.96527,62.19033,134.81114,65.06977,96.66701,311.17114,405.9084,507.74677,257.1687,20.799046,72.887024,69.08657,141.1045,192.42184,116.93143,3.8727243,226.24892,18.458172,20.147402,247.78693,218.79652,144.8814,192.43626,190.21548,132.43158,93.944885,38.874756,16.762428,29.083424,46.425995,157.93109,83.02147,438.04245,125.85892,3.607887,270.0784,178.27983,7.61016,244.72572,41.22932,38.79935,199.80078,174.83,253.1116,69.01479,208.45993,300.6225,163.30688,0.0065654856,142.04037,51.602753,46.58627,71.71147,334.90677,190.34726,181.74222,412.0674,188.4401,87.2664,237.25414,195.5177,119.78599,0.057802472,63.066273
SPOT_219,22.024559,37.169914,141.95671,201.24884,100.01473,24.304174,313.75714,54.281944,55.77422,52.68166,136.3675,66.08053,336.54156,86.27382,213.82637,110.285515,13.647117,635.3435,5.7082477,35.92134,583.786,49.353123,111.8162,192.24942,360.24832,279.78793,4.3125515,7.6427774,93.31122,308.83398,244.1003,179.2385,213.55765,32.548626,29.292048,276.70712,38.95477,42.796734,209.82614,49.774063,24.214712,857.6388,399.65494,249.25797,196.76018,145.8855,181.57195,268.0426,370.8302,107.67476,146.99615,124.55298,197.2011,38.093822,225.54279,124.34318,109.2439,372.42017,31.827024,171.31519,89.30363,130.19759,360.94623,67.73569,2.839167,175.19476,143.22716,214.78754,217.15268,81.30718,284.09268,194.50037,1.2505414,246.31316,6.294848,231.10988,379.95972,121.24825,118.32959,94.267136,193.7975,24.279144,53.754734,29.080406,266.75098,45.722473,388.674,147.23196,51.21159,155.41905,223.66872,26.789925,14.730395,182.97559,179.44676,30.110561,275.95996,161.80977,107.87052,55.89808,27.249651,20.304152,154.18236,94.762,112.9545,314.1783,216.78369,155.98601,61.901028,28.51549,146.93015,145.64015,120.45389,158.10559,100.561104,350.7248,118.367325,265.3689,114.232376,65.67148,84.470924,116.8837,186.79942,92.23484,290.35532,95.70356,142.39577,71.543495,249.22385,347.32123,196.06001,392.05453,16.501982,82.71033,68.85369,91.87083,157.25203,42.889442,40.120556,126.43235,63.15476,37.313625,166.58151,250.11317,203.02519,1.1068516,379.9971,51.358906,190.15811,424.5134,14.772585,154.67584,3.939897,291.52505,76.18098,59.281662,108.661255,69.94107,138.89667,247.28055,183.81775,45.21627,13.552992,160.5442,152.12766,64.482216,114.40533,94.52542,96.08743,282.48984,3.5568855,134.50003,129.38925,25.63631,54.230003,160.32852,203.23517,57.66243,301.6685,16.32658,261.6784,0.7148256,117.1183,98.03457,28.821358,218.22879,252.43848,166.3317,193.91092,270.63828,23.138012,194.06181,170.43864,13.003346,197.89975,150.10648,38.634617,16.64545,203.15175,278.63885,9.16644,142.47112,69.1288,163.63115,295.41394,34.450817,199.16675,354.5189,350.67932,150.0673,34.326073,20.851078,154.57256,219.7263,79.63348,55.472675,323.1755,65.74497,8.035983,11.984091,93.04115,266.08368,175.43668,273.17484,43.90579,130.44826,45.74588,114.01046,26.302176,4.315977,371.12503,100.715385,35.320805,337.3594,204.70013,266.7572,190.92636,233.93094,150.06595,261.64752,336.06207,71.292046,127.08223,181.7078,84.71155,300.8594,27.801638,102.42677,0.28718507,154.56136,36.15983,162.21472,70.834885,83.78306,44.750183,76.76605,379.1526,7.926051,68.56973,4.88643,211.10477,66.64504,346.02994,14.537375,8.374002,451.39297,170.55327,89.08281,284.4688,70.262184,153.51573,30.022985,193.4336,29.575573,5.721847,114.470146,289.18857,74.14446,269.11536,97.50511,98.854576,229.45036,14.759369,241.92624,65.13853,120.38756,86.43833,291.47537,176.95598,220.99748,25.959038,242.18968,376.8169,197.14818,357.10342,7.8398395,209.2951,197.1277,212.69092,30.409891
SPOT_220,174.47404,413.85422,188.17424,98.9046,100.43487,223.01677,158.73978,19.168703,195.90324,188.23431,49.309788,206.43755,183.84378,285.26083,238.43004,262.944,6.138344,286.36407,303.0572,209.25476,58.10096,282.23157,156.74405,195.2578,3.1651337,11.844651,145.97267,109.72885,195.99504,53.375057,283.14648,332.4041,33.1221,60.875664,29.766394,129.31087,27.519306,142.08,123.78516,111.54507,108.185646,154.94383,69.82066,138.74036,131.86858,41.002354,70.647125,17.235207,208.29596,235.43109,261.53793,197.2563,111.0796,16.295702,60.10126,84.72025,33.994274,53.90178,12.167513,96.315186,165.30263,162.71036,82.30638,0.66400474,80.012665,215.10806,27.80723,49.043804,88.84368,132.89627,18.08911,81.091705,151.25769,1.9736413,279.52856,109.39042,116.466194,92.365654,223.83005,292.2289,179.02502,455.22513,253.18272,9.541408,129.06274,23.283813,61.47202,112.3172,165.54744,163.95721,53.71312,481.6894,276.69748,322.7022,28.706799,36.50716,30.869493,113.11418,183.94855,57.688004,164.1815,152.48882,137.19113,62.536755,6.3332844,74.40931,148.19893,244.14565,70.8287,149.20291,307.82806,72.85456,131.38805,109.91916,27.150084,242.1405,8.723298,50.87048,258.04395,12.84239,146.76065,339.6443,221.23592,174.64122,299.92545,34.375652,16.127855,198.21432,108.474724,47.17426,206.36443,123.12177,51.059277,225.94653,46.838028,183.19363,156.83429,162.38623,519.7991,48.16192,162.67433,82.08799,158.45973,203.92383,45.432377,356.45016,124.026054,68.488914,301.10046,112.12594,257.86078,48.5943,395.08905,80.64871,27.083702,56.51581,11.709112,261.3277,175.15111,79.50567,46.1147,20.071972,145.76222,365.35797,275.68304,33.43622,148.06981,275.99588,22.084959,140.98268,27.935663,52.316708,129.0468,210.8755,159.6842,56.55397,46.890137,36.28502,464.05307,406.667,199.8422,190.56953,164.75377,85.017815,317.0834,111.990005,108.998985,21.588085,92.222145,179.56079,187.32266,140.73317,343.44327,7.4420047,119.67647,123.2553,127.79423,184.08212,196.48035,83.79495,181.3061,25.537338,192.58673,32.328796,171.33922,132.6575,66.35084,143.73387,203.43921,278.887,339.81354,106.48431,38.84074,221.03325,53.040077,50.67795,133.41444,206.50897,145.19246,38.00694,30.49081,86.40961,282.7994,126.989075,23.205053,301.6272,284.36667,205.11386,50.766438,138.79973,425.88724,38.058662,139.31883,240.6813,74.78725,80.17811,91.84505,110.9789,130.68973,10.995498,211.74939,173.08167,3.643539,206.02446,110.80436,106.24026,54.25801,127.78518,179.12209,50.348957,12.996538,400.84314,131.03148,112.77616,84.863525,314.60394,244.72353,83.26053,188.87498,254.835,42.475227,182.48534,205.8866,46.99675,7.9874187,256.6891,137.37523,445.5592,207.57562,208.86647,52.30548,82.18639,83.19246,194.46097,480.83893,145.26808,24.100447,0.89777565,56.30469,108.61245,117.033424,112.77308,83.06328,80.21677,450.93915,15.950557,54.21485,129.3197,16.7463,0.98889697,71.58102,1.5790609,104.74093,210.4191,352.99496,89.268684,47.7975,467.36282,74.4655,82.83587
SPOT_221,418.80444,296.99207,240.08804,39.98235,90.93238,8.726051,65.130516,283.72543,2.8819008,125.60775,95.20292,52.626797,68.905266,255.5853,235.51343,62.662334,138.82048,131.11546,213.24843,84.20994,27.041775,185.26869,59.26476,233.05176,119.20538,5.9893336,168.57002,206.67918,83.83694,28.95989,99.32001,115.74875,105.64344,57.590714,88.93264,113.299545,97.99886,328.5369,77.81975,246.16739,21.454462,116.49813,295.43286,190.41843,194.56227,130.45761,127.91205,157.854,2.2761488,171.41045,53.012386,206.1799,211.04492,26.634327,36.27575,208.16777,190.95288,285.12903,8.136526,79.261826,232.33762,219.10657,72.05458,130.41888,36.583553,42.836895,281.22946,49.29566,295.1744,254.16132,18.608849,78.47832,101.3158,47.977703,24.95018,334.82242,71.29922,172.28137,25.894533,26.763626,297.16684,198.25511,150.61592,33.843433,186.26384,74.798294,233.53268,174.70695,10.910737,304.46136,202.03809,38.799026,24.64743,176.66803,116.36953,25.688553,58.694744,253.97159,235.69792,134.94907,37.629894,92.89617,51.98909,60.255497,70.590706,5.710893,1.2242242,277.36005,205.87004,140.6149,53.455864,139.63129,108.48689,347.25742,64.09072,142.3076,290.4406,24.521801,88.974464,308.66977,168.49092,186.60168,223.96762,135.8917,182.36479,100.772644,244.73056,119.13805,137.17511,120.585655,8.614927,425.32166,275.73776,99.35962,68.46604,75.75667,126.04881,8.07823,10.304811,27.127728,147.42912,64.93512,33.898586,136.9149,49.450428,87.17946,303.56912,136.97511,160.28227,256.4875,170.92598,89.65248,55.669247,273.22763,33.568153,5.4228916,87.607475,139.28731,442.94592,145.8011,176.38115,285.90918,41.79843,36.315517,36.722275,248.68114,244.11511,63.24607,106.76107,118.171936,10.793119,165.39691,44.647564,187.34082,19.047882,67.34242,11.277248,293.60837,146.9771,24.857775,33.82343,179.27394,22.763481,5.3360987,20.504189,21.293224,120.88783,292.42328,32.954697,160.80804,16.640095,134.71964,266.53635,64.91415,126.06297,198.59192,80.46917,7.1442003,61.31246,183.82,315.01312,264.36954,249.89146,303.31165,165.12648,239.58206,144.61229,180.58026,160.52553,10.365051,315.26984,313.80896,53.807995,286.98975,29.215689,37.394917,4.09427,298.1575,43.890446,270.5962,455.3966,40.392467,345.35284,150.4143,85.10079,161.23494,209.27432,18.99405,127.51485,238.70107,221.44649,93.80951,105.89043,282.36362,69.90057,204.95155,301.77707,70.212296,79.226234,128.69281,111.20467,55.572136,57.978745,67.0141,343.2808,209.95334,329.94238,300.19928,201.36787,40.007523,22.584808,387.3166,167.9714,273.27667,36.04154,118.12674,226.53629,25.104025,109.259224,47.212124,115.85534,241.45958,60.344463,82.088524,142.13976,118.9756,324.6547,86.527435,114.71399,305.18762,45.50541,151.15182,250.49045,122.00781,52.686394,33.49439,217.42444,170.37921,311.79987,12.950039,79.32979,21.187492,51.06202,136.73987,238.8806,11.312177,44.370705,84.4043,382.6348,184.35596,91.48813,26.927502,6.022322,346.19748,169.86084,4.143563,21.812372,228.72188,235.63478,60.136993
SPOT_222,311.9963,161.63928,5.1932282,569.9232,127.85086,25.373816,18.70861,32.335876,300.58902,144.7557,14.169541,301.6855,130.80478,10.811775,23.328915,197.2552,41.643547,150.96046,264.97342,94.40702,125.04233,372.11148,25.562721,149.18265,240.50632,171.5763,134.68921,63.71278,273.50635,237.24605,228.0487,336.1313,65.09158,222.8364,258.04944,265.6415,366.18414,14.624098,93.11497,293.18082,45.22974,58.936764,190.95717,107.587494,108.08238,48.639194,161.16171,181.88443,18.52368,1.35484,86.90551,76.46756,230.4552,238.59776,75.24879,163.7066,43.77071,165.73253,66.174805,192.6523,180.14992,173.47757,250.09752,116.99241,153.3295,131.47456,4.7933316,196.57516,278.1393,212.41347,211.28773,49.50016,254.79584,37.211124,7.230577,54.551598,48.696705,229.74643,89.94811,126.54774,66.89012,141.21478,54.666466,37.831806,70.445656,42.623306,379.49545,108.64197,307.6401,339.65024,13.014164,147.77502,69.60234,92.70361,69.97437,218.03389,288.13898,26.926836,22.355783,103.10571,5.0286927,353.65482,233.35107,228.64307,43.81405,68.18409,176.35634,249.69325,325.75116,339.65256,248.9165,208.97382,54.297897,110.03911,289.59805,84.47187,50.218033,150.8031,303.778,155.49992,253.18811,5.906112,299.025,129.13696,141.36754,30.197515,233.14641,40.197155,22.950302,219.08127,376.1328,25.764324,298.99353,5.3030124,75.67163,108.40489,83.91956,51.40834,173.11159,14.099384,234.90796,176.45004,270.58566,331.77252,276.23572,1.3059096,252.97313,67.492,83.094475,383.14124,177.62807,256.9407,335.62555,265.33008,434.28647,41.409687,145.08067,45.21198,119.302025,24.746328,299.33917,270.77075,325.61835,27.925825,255.65884,102.0199,160.64313,15.447197,141.33276,250.57527,33.520527,117.65777,25.85703,262.0482,264.7852,141.34464,68.953636,179.20377,146.92853,70.98479,143.51012,367.20175,194.9401,34.705734,45.19342,149.7257,137.12978,165.27701,98.87559,208.46088,95.780426,288.49905,101.59077,91.77365,148.00043,41.747963,223.64726,3.4218302,128.49278,154.70557,253.09163,130.67842,240.36305,89.217064,22.676785,174.18515,49.55412,33.328835,82.12603,450.7489,88.89666,124.93335,249.31413,100.71593,82.243484,149.18015,111.26775,178.53687,96.84751,111.403694,103.78053,152.28328,84.94827,104.75219,74.03798,25.906532,219.9037,234.96173,56.870415,254.77917,74.55817,46.149166,212.84496,152.7154,249.04654,195.02692,120.38642,75.93011,43.178425,66.58795,108.89604,4.5156813,26.748756,115.38907,286.21484,37.98153,191.15129,108.45233,19.702192,335.42746,11.94843,267.95923,99.60413,8.791916,109.22724,29.523699,67.193726,6.9092965,25.424623,336.54602,28.377283,399.6469,71.26099,331.41296,168.56708,256.9668,97.7663,31.674164,91.16775,153.10751,293.2911,171.80302,39.236958,317.37424,73.76402,88.67931,3.6088743,117.643326,155.01137,237.51666,171.1255,66.60533,235.89474,154.53017,123.01349,20.747746,620.3183,80.57768,173.5286,32.135475,97.259964,239.28738,54.711304,152.86885,156.57297,17.341997,153.6767,75.17436,272.59818,417.28336
SPOT_223,55.158573,58.75878,232.33722,16.28749,82.64239,281.2488,265.26855,205.8417,0.45706606,229.87459,194.64133,46.401405,52.968204,90.19701,144.45386,207.01163,14.877759,1030.3466,63.827915,190.39873,270.11697,127.609406,258.31012,99.502174,160.34302,123.21711,144.41849,161.96971,283.57703,67.46203,146.32037,7.395079,195.56659,160.92714,164.67578,39.71026,243.40839,121.186226,78.30432,478.2489,14.963125,385.89777,1685.0106,451.12006,738.78345,81.33361,335.0126,81.69874,188.66376,103.20776,38.903687,12.416278,165.66246,77.124794,108.487526,0.12391803,218.3631,0.51832116,198.76202,1.0983614,59.15557,256.2693,70.18035,248.69214,51.993996,48.214672,42.36023,91.97319,29.039394,38.138718,2.5345478,143.00696,123.19318,12.970912,44.62944,96.86516,83.23113,62.804115,372.3925,6.10396,255.1065,269.36078,122.84582,228.60178,27.53859,102.51656,29.489231,120.36523,332.06857,180.41733,61.646652,284.46194,44.633102,117.328705,42.49421,132.7269,71.81587,203.70479,90.42622,171.11287,438.9686,110.86694,242.15933,60.733837,173.04607,1.6529229,244.0296,139.3824,252.25987,130.16614,210.67763,18.980213,327.9956,91.5096,71.58354,77.4577,234.57268,48.00752,284.5616,34.365,70.42006,162.89944,96.9829,202.49988,64.254,83.013756,46.919098,115.58159,170.98776,1.1764951,274.89612,20.350224,89.45832,142.45172,204.16643,118.54312,73.22206,325.8681,178.31824,94.42773,260.39096,336.88126,10.899489,88.01505,41.06086,2.5944502,69.663574,105.08206,400.58813,262.36713,77.94759,160.24966,93.20534,74.51615,89.81462,115.519066,348.32193,149.47418,279.24008,11.256661,150.77026,38.753845,113.91998,98.68601,430.5376,110.56851,87.20401,135.3643,48.667458,121.283806,235.37729,2.001615,133.71571,60.07573,112.30539,268.36505,559.69,39.31387,423.25253,8.111374,233.83766,23.146769,168.19766,148.60301,25.172195,34.03698,388.33554,271.26346,114.54437,67.69997,219.42044,172.8835,73.9554,12.323467,27.385424,125.54515,9.027548,116.92586,216.51967,26.037334,6.223321,151.86215,453.56482,172.13208,126.63764,113.987854,9.03207,60.966076,95.19733,104.75678,205.99081,233.18312,117.905914,64.13093,32.771835,156.56476,104.23083,126.657196,240.99806,282.26163,37.394146,56.19999,34.589684,64.66167,88.782906,278.53687,324.93964,20.26002,313.65543,343.18793,162.5301,30.021276,32.450584,201.38933,250.22914,181.07118,244.64229,19.57599,73.729256,8.035115,195.7805,68.55959,177.07034,311.50125,110.727715,72.313995,97.3016,4.38526,28.423115,41.47667,159.52657,132.02225,270.37296,26.9853,110.17003,147.53094,233.19614,151.49168,343.08557,135.54825,179.80148,142.92752,4.4781303,124.18558,51.940254,164.44034,166.23216,325.8849,66.970604,185.47827,120.89952,130.34212,39.92821,71.08615,183.33757,207.01031,401.51892,126.939064,87.66466,53.264984,85.14666,56.79046,431.50137,109.007675,329.0621,297.32983,192.52736,98.04099,48.387352,0.78799695,240.98938,13.447715,107.55863,266.56213,89.77704,75.10266,89.586784,223.55942,165.68465,243.71257
SPOT_224,204.06702,5.317899,241.17801,292.56485,113.14172,224.85347,57.510452,38.00063,1378.4177,655.70374,49.70673,619.5552,86.57645,295.04822,83.82753,7.381241,113.951866,78.70451,89.55976,282.9599,116.449715,206.18152,143.84929,59.282635,26.332197,120.81402,405.63837,48.583645,19.245853,294.88626,619.54266,16.094648,57.729248,62.521015,354.814,113.44345,275.3326,1.0555845,77.5849,112.55606,570.0918,189.33014,2.9727955,86.14432,64.42041,104.11772,63.963516,59.464092,1.9880649,118.08193,133.57112,237.28398,141.7618,198.6918,105.69523,13.946579,287.96216,201.93849,160.3909,48.479904,113.01263,92.765816,42.339058,78.93537,174.39926,224.30331,253.35378,142.90498,270.6371,114.88536,49.34734,9.2187805,57.049416,0.93574846,187.35483,15.048236,210.30263,144.14778,221.1393,212.79037,150.70186,156.61877,105.90773,119.495895,250.61505,196.98929,321.71515,119.79093,108.34841,67.15732,309.7285,63.22789,341.35583,54.290245,39.82616,120.26836,13.486256,10.2775345,14.816512,39.161114,73.94413,293.0891,332.77438,95.39659,126.281815,63.207554,203.39601,68.47668,133.65451,185.9294,102.383545,34.19088,184.36078,99.361855,53.685284,131.3113,41.35906,268.9469,139.11353,165.9707,200.46559,12.624707,157.1444,333.6466,195.12566,21.06114,365.9218,31.868023,88.90271,281.55258,158.26205,75.85597,294.35672,304.7086,10.014686,15.266341,2.6591432,186.65567,11.173741,104.47407,57.687336,194.67519,201.70319,28.62349,36.910843,184.10995,20.104416,172.18336,34.592194,129.47806,25.157703,197.35028,235.21724,28.364502,1.0809276,139.03583,161.90843,4.3616242,64.95651,33.860054,205.31139,88.0706,102.59589,63.644062,119.210686,140.73561,143.89555,131.49516,26.509897,216.21277,237.97447,165.93611,59.3916,50.710815,38.128464,175.82558,133.59334,62.07895,69.2656,16.296833,182.45087,88.131,240.1092,47.574944,62.67128,47.83117,65.98976,42.419456,324.92743,94.279854,88.46033,118.67391,23.768433,85.12625,50.984207,124.34786,172.1585,119.662895,165.6433,38.34071,131.1464,144.11743,68.6515,124.90393,225.90671,64.03927,124.41602,70.64327,103.87885,2.741599,26.159655,184.78032,84.752686,52.150314,3.6618788,138.07602,157.80632,49.902653,254.53256,6.7730055,19.315643,253.92001,10.113393,1.1282059,374.1658,1.6956159,157.53456,80.37546,46.43344,149.39722,259.79034,15.951241,50.64248,173.252,8.408317,16.93086,30.36638,159.75041,135.68105,57.718643,69.23261,17.116875,35.867798,41.619972,151.27388,55.233723,149.90701,545.0269,2.4382854,46.849113,222.57642,124.026825,85.71041,179.91139,183.53902,25.420786,64.28157,140.91505,117.89001,46.180676,184.80856,6.8985724,29.737982,123.58767,26.859419,327.77118,55.71603,203.23546,107.393585,169.8987,376.22287,61.172466,129.16505,55.146683,40.83408,85.54003,125.29076,121.46748,67.40493,10.777095,239.24557,39.63903,49.7269,7.321879,109.05381,20.883944,242.23059,464.03653,147.46176,67.68018,360.1535,249.26564,220.91162,276.229,143.33347,170.8642,173.73727,196.28317,14.466506,126.19084
SPOT_225,154.62048,102.9246,58.644627,47.58193,86.05937,163.45926,326.3325,167.54173,165.81139,68.98182,66.77939,370.9821,51.636665,252.89915,172.72377,67.7015,189.82231,312.0961,149.79109,131.59058,174.25749,6.408671,216.74931,44.486927,0.17106715,42.89409,144.36243,210.8074,110.45123,12.083074,103.0798,99.81946,127.431076,291.33102,35.86555,179.49321,139.26366,52.227936,38.02817,248.21402,25.286287,302.29553,318.1977,77.49856,113.39397,82.6821,302.49673,114.69587,216.35454,185.84209,115.227036,200.58806,163.51569,84.06036,48.525463,276.87183,91.04561,84.89077,270.80804,11.279297,9.931953,330.9748,116.15322,131.65544,32.26086,5.8338904,140.10881,145.08553,2.7504249,11.684682,0.73309284,188.28981,147.0805,284.77682,205.00775,0.30738533,179.05913,81.04194,206.66174,291.02484,174.96953,14.042058,249.39285,508.0536,90.30695,178.14297,11.15416,108.562164,80.351715,9.990985,172.66275,265.94666,17.72153,122.89754,80.287735,46.041298,211.869,13.602103,129.7757,93.09128,102.915535,317.07587,196.34349,130.47101,28.230412,132.23872,81.08791,199.3213,205.12965,37.439026,24.92051,133.68985,47.48815,239.97775,6.5124645,207.01955,4.3831525,381.48453,290.16055,213.59032,37.15313,29.190086,140.53172,233.89172,370.3714,134.65672,128.02095,177.77219,237.84766,227.66821,181.69254,298.16077,97.662735,95.13355,107.26042,239.13765,326.00192,70.15079,133.95491,126.42986,90.87982,79.501366,48.910477,195.62192,97.763504,196.05757,23.734766,56.09495,40.29004,249.93718,65.17763,201.98639,47.656326,162.09422,82.25672,128.34933,47.76281,49.801,59.306057,294.68436,112.20175,26.646744,18.7582,62.63648,0.0284515,129.0735,127.223236,73.866325,19.59425,309.20096,53.149124,58.98874,154.10889,263.57642,91.25502,245.56567,33.121803,0.29525644,246.70323,332.06506,66.491394,334.02823,62.860863,84.93247,178.69789,59.367725,59.8994,85.43411,62.460934,480.67215,111.86932,357.55115,6.7026634,4.4370003,56.6732,111.73806,49.29659,237.54355,320.13116,44.102173,21.218506,189.19876,487.78366,72.32063,55.205585,144.3487,124.39146,162.85997,165.17126,74.01476,215.13629,20.170252,50.529697,110.66172,128.00885,78.07084,111.68109,340.76453,252.29765,147.40494,49.140766,275.22156,117.69949,187.27,199.82767,88.585815,186.65144,74.73603,128.28899,198.65442,140.54788,88.50522,158.34822,378.28885,229.00511,160.08267,163.91563,447.8884,10.273787,45.978035,207.57288,79.67315,142.78638,63.212055,386.6125,292.7913,52.01595,56.02543,6.364461,144.92453,229.29254,130.76135,87.807785,416.06067,125.531166,229.81773,400.31625,115.87709,406.50037,188.95961,295.91983,248.89041,374.06992,82.90376,133.30144,96.39737,5.7371492,27.364653,9.422781,56.904186,43.128124,1.1190224,79.60884,77.105545,67.64477,59.188385,0.3066674,124.71965,13.310749,49.964314,371.92175,179.8747,46.769787,3.6452615,94.458336,135.87802,244.69597,217.2082,209.18169,113.8285,121.517365,44.40639,3.1742418,79.146965,336.93298,165.92265,108.35392,137.31384,387.70065,32.596756
SPOT_226,67.80566,117.21865,145.46265,305.66165,211.26979,147.86826,8.773501,253.81557,511.57004,75.93792,837.5039,178.79619,210.51636,312.31027,27.555151,278.92426,26.217129,295.97052,88.840935,247.65846,228.6485,143.17139,179.93042,203.92961,292.97,190.53995,116.19658,212.69441,149.20378,124.70064,368.2333,1115.539,200.60347,121.311935,248.41,211.50995,172.17722,103.358604,229.21577,129.61522,28.57291,33.726227,7.3970556,111.49515,266.24503,222.19035,216.8977,169.65192,114.371826,128.41393,302.34613,118.5381,21.883707,227.21147,84.45506,108.246704,122.485855,177.14906,179.57495,121.207535,147.17212,4.3515377,10.882117,106.22143,179.39615,125.75324,18.66632,21.575117,174.37492,53.942974,97.040306,0.9357513,116.905495,48.34561,159.66278,36.67701,24.976116,101.02122,155.36702,27.717031,251.49619,192.23152,230.99968,218.15793,86.197464,191.16234,111.30022,202.1685,109.9423,361.98367,107.52443,202.97655,70.841415,3.9285393,38.638557,125.5307,149.46861,278.8423,437.43588,117.87577,38.279175,117.99417,50.495728,93.74917,24.35132,129.51582,71.3864,30.322886,110.02283,30.89156,192.94029,299.64627,56.044098,244.98224,196.65137,45.6476,34.356747,118.42736,339.7406,334.39142,119.043915,98.428276,121.11121,22.853241,9.333341,149.09888,263.5566,143.11168,371.721,176.82294,150.04083,31.256857,40.50546,105.62206,338.29938,5.106867,152.01077,80.10179,52.12024,62.752403,26.875437,29.942919,177.10165,9.690182,10.187129,56.42973,158.14645,253.44798,43.90399,239.59633,235.65791,60.97433,220.78549,299.67056,30.398457,156.66425,252.7446,63.07998,76.9731,48.58636,187.5858,263.3004,117.23405,32.272125,97.908516,19.881552,54.241875,135.9748,132.82533,68.52286,188.55676,60.552547,142.71074,171.44206,14.226928,401.80826,126.94802,84.34207,142.152,9.213864,223.96384,74.0604,195.64275,221.70146,136.55553,157.07408,75.04899,369.32812,107.59719,183.45392,334.4776,201.23267,204.42706,21.744045,41.668724,165.79814,480.9698,36.78963,172.71364,76.51506,148.69386,58.332954,35.9291,226.32968,130.17395,32.503433,34.398632,52.960022,13.861019,273.6894,151.7557,82.13508,109.93598,140.82227,20.816406,272.9111,38.794445,68.77206,130.5817,7.3171105,47.77203,317.19513,37.15712,82.59545,332.54642,35.659954,165.40282,327.06915,8.921675,235.09358,108.911674,56.629078,133.24916,123.81285,0.7284842,118.48499,46.740913,192.56737,169.6954,178.15059,60.322815,51.773003,129.11781,215.51271,41.838615,23.620491,209.67493,130.08421,114.35848,186.04546,146.50487,61.858795,391.99377,230.24144,109.79804,104.384995,36.020348,215.61574,219.32378,30.998955,125.888565,139.42677,177.59113,256.2636,229.41418,202.49895,144.93732,166.45485,32.579674,11.925642,66.10784,347.78574,314.2321,55.788216,553.7491,91.19148,195.66185,55.199326,117.500496,276.47092,86.15792,441.84125,68.75451,75.14584,106.18648,31.677864,199.39626,107.86374,18.42154,21.40354,216.29295,183.26646,134.8451,225.97879,31.659378,166.83572,81.99837,146.08992,178.13374,128.005
SPOT_227,48.71257,82.90026,139.06595,135.49983,3.2878659,85.468025,131.1845,122.11916,160.15709,352.50638,337.49878,559.50085,29.974585,51.71872,266.70184,193.68913,296.6677,216.83076,111.300476,198.71895,291.64856,79.06377,10.814666,35.138805,348.1546,144.64404,75.68782,44.66352,298.8346,222.55635,1143.2771,992.03564,114.71681,60.19034,34.69745,68.90192,148.11003,82.01671,294.7896,7.123551,35.510956,108.94487,340.96066,14.218247,155.49918,133.61154,91.94318,172.86578,8.817691,166.20189,172.42897,118.13455,23.61109,26.160835,248.34859,85.86137,185.84595,65.234436,73.6786,73.238304,106.89529,88.89259,69.17562,382.90558,143.90213,62.03063,159.11592,108.85246,242.0154,268.88132,125.70071,204.47777,128.04475,96.91235,106.78301,81.53532,77.14046,82.08684,118.24917,10.2485695,260.79285,374.88702,70.36561,128.30516,218.67348,27.303606,6.425907,21.657469,269.7086,118.54349,183.18356,373.29886,272.7458,20.83473,131.43988,66.68628,114.50474,74.322365,189.08185,35.832314,262.9807,167.23369,84.8251,189.9311,116.14398,112.7708,94.768524,93.06684,358.9799,265.988,75.39092,3.6994543,3.3725932,175.45978,393.34982,162.49472,66.160324,51.47388,65.52525,180.68149,105.30581,235.90576,79.53815,84.89119,155.83286,68.52192,63.1442,181.89574,265.71472,15.545473,313.1689,221.59476,45.52816,405.1232,136.12393,150.87251,108.91808,117.78651,69.91741,43.178886,100.709816,194.56528,84.39302,341.3376,45.87483,92.234665,235.4052,34.037964,346.68927,68.55752,5.9497557,101.4028,206.26492,263.40714,158.70644,53.90547,302.16782,2.1216774,49.173943,254.33519,74.15082,176.29236,39.379578,212.693,84.87825,219.17023,163.24005,56.513187,179.5116,30.658543,14.746093,265.06992,38.21583,271.43152,294.48315,236.19086,58.87494,244.03008,123.17044,310.95764,122.507355,180.7815,118.24245,3.678311,96.16878,207.95422,46.748135,111.31101,160.33891,127.84124,145.8691,63.298573,70.76086,85.333244,4.041977,92.07719,82.20743,159.45439,41.011806,267.01022,27.463839,63.391773,142.66977,207.01352,157.5341,26.319464,141.72787,143.39444,153.97723,88.787895,100.93842,132.85556,200.7229,285.34763,196.07787,102.843094,170.62314,57.32725,61.163704,185.51218,297.47015,87.78621,176.3005,271.20712,206.43338,110.60127,435.21143,23.614716,51.891926,30.167374,400.58823,265.72018,79.80979,54.815914,166.12419,77.21729,203.68672,195.18272,91.756996,57.395664,199.23592,206.15115,41.708073,474.87378,102.17702,113.042404,19.051638,331.40292,147.23921,164.42169,97.52881,30.587662,52.451004,175.84088,230.84009,2.2629128,66.74088,41.005333,257.72534,96.24892,124.00775,530.24506,21.47605,120.751625,87.76532,52.822567,122.76516,172.59407,64.2899,44.98139,173.94705,77.999054,344.95908,146.19176,27.073797,124.93995,179.44424,253.74725,48.36318,311.9835,317.04095,227.64194,129.64389,253.55467,42.157837,75.99537,64.954544,128.7437,17.085152,144.31607,198.11508,183.74437,23.658709,136.73192,93.09398,369.13852,119.80968,25.817053,216.33005,75.93492
SPOT_228,531.3445,228.7593,44.7382,285.27838,156.85269,168.7678,93.78371,22.560097,11.439629,247.34418,156.74405,249.93163,149.5788,239.80893,88.28396,187.40288,138.64786,1691.2958,114.5967,85.81593,787.4869,91.549095,90.612015,125.48566,282.5861,191.90436,71.21259,111.50032,231.40388,132.44325,42.853462,130.88304,92.35802,216.01602,32.226887,47.781116,193.05457,160.54045,16.355898,50.5665,107.74887,5.733355,706.4924,365.08173,878.81525,166.57352,71.62259,76.15366,130.475,42.537937,254.33656,192.36188,3.5255709,439.39862,81.43094,33.353855,210.7407,167.946,244.13622,83.1406,12.717777,106.52568,75.60833,91.385155,310.46036,218.84517,105.627785,78.93699,120.329475,285.26205,146.03865,7.137855,264.7194,203.25432,253.19884,193.91423,5.816696,160.8599,332.7128,72.94133,218.65186,77.866585,38.9599,156.73373,32.61592,29.415583,146.99075,70.7654,92.43798,302.12906,28.47741,352.63196,8.730754,17.04541,22.742544,287.22025,49.76416,95.74015,18.995596,170.64069,146.0746,18.430964,36.407097,29.839025,79.8734,70.18801,301.5112,76.11704,48.729458,18.892536,13.112947,86.44267,113.93264,252.25504,165.60977,29.615852,213.58124,161.46715,165.81282,136.02599,47.681652,31.713995,200.9234,108.81187,264.05902,69.11547,77.70773,34.807796,111.102905,180.48836,19.280624,3.2794616,78.49201,72.98513,154.9027,235.11961,10.357009,131.48976,226.95877,74.639694,194.14981,294.36288,76.379364,15.855597,191.20715,143.51192,55.174408,423.5862,311.90213,63.047897,149.79431,187.12267,18.728848,61.776634,257.4787,147.13507,78.445564,184.78955,89.12765,34.000637,26.576586,245.91,92.42201,133.42308,424.67004,39.944473,31.272549,54.587093,245.54929,233.2166,14.869814,413.46268,203.52951,89.56338,181.58614,46.68339,273.2269,7.2492485,105.01935,128.55167,188.19174,215.64949,102.58261,87.67688,41.859818,151.62851,141.8122,36.79517,125.8885,78.03863,46.592487,182.419,9.402611,191.43364,380.01257,129.5683,168.87045,3.658275,190.0575,45.16245,168.09367,322.8197,119.42068,134.21532,147.54405,164.05211,232.77757,138.17857,147.62967,385.12323,0.87941694,130.34673,222.22893,110.75132,79.945145,74.9855,205.39813,12.693556,63.848866,417.83136,120.724556,100.751976,69.897575,99.205086,84.08099,147.10619,9.32398,57.43077,101.15876,4.5237646,80.4814,6.3239264,41.853424,139.52902,128.87724,0.8575625,21.524366,8.6002245,106.25689,13.118191,4.5745144,21.808762,117.396095,93.46524,2.1312358,135.04552,22.496956,104.896065,0.568111,257.08728,26.616749,36.265556,256.37833,48.792934,78.07183,25.979462,69.25237,80.65583,306.38974,237.75197,82.297,153.53964,133.42807,220.21866,28.482174,130.13402,120.06567,116.07237,183.18385,260.1077,139.51974,189.09177,205.60825,46.710007,81.57923,8.462095,258.59192,148.99379,243.70993,169.07396,183.89865,37.43716,38.636513,205.55173,36.87781,138.2697,132.67593,214.03882,70.83743,102.97842,215.13162,230.02519,242.99957,189.14284,69.70189,148.73404,108.0459,2.6178086,145.02328,58.96257
SPOT_229,307.7245,57.176426,73.07006,305.08344,76.462036,103.37092,119.16722,216.94257,62.294445,46.109276,428.4033,77.09888,117.28705,130.58026,196.59349,45.531784,114.35547,136.52705,153.60327,67.19461,92.20711,87.71449,112.127045,377.3882,304.77664,416.14288,117.2023,125.67385,255.86603,202.48354,130.37477,198.86263,424.18555,179.61067,225.76456,118.60304,15.353896,228.65662,51.47871,23.697,408.3085,1155.3633,815.6843,234.06522,751.87976,90.65316,174.18893,310.0367,206.69107,160.8419,193.45462,6.2090173,48.493534,81.029526,209.01147,122.946434,66.50496,44.21358,22.495855,261.96127,28.897732,218.69917,132.8111,288.17258,25.19968,243.36952,75.479836,74.56897,281.28983,109.76778,30.359306,120.55111,78.593925,230.4578,275.21658,264.55435,128.4647,221.15018,186.65965,200.24103,254.44633,392.7781,136.02483,157.87352,121.01931,474.15067,119.47539,308.83713,24.931114,9.210119,44.585506,19.208279,198.27461,132.12225,192.00484,88.14376,102.87054,205.1637,212.20197,266.33707,281.65912,182.79535,165.71823,389.16153,18.312662,181.54222,90.95414,56.67473,49.802357,196.74675,165.1134,5.6350107,127.33458,92.3927,17.20468,17.872128,55.78229,172.05058,188.54921,40.755894,76.50604,36.114647,218.42622,23.832636,21.77425,4.6421175,82.99136,113.66716,249.31079,218.05792,7.783155,7.75054,40.50097,181.47427,44.15706,443.1054,11.43927,273.86896,275.43414,270.63782,59.325104,15.175867,29.176744,265.24414,81.032295,104.09942,124.885735,238.99626,138.27089,205.41919,74.10297,207.97623,100.03656,55.177734,217.56178,204.9801,31.159372,116.43289,255.5766,186.78658,290.84262,206.29239,62.922997,362.8505,141.44733,139.71004,172.54234,142.87958,6.2727113,193.51106,74.430016,79.48031,289.47635,5.2000375,228.6115,199.85973,211.95267,54.50195,167.33275,105.68034,27.19765,46.279484,120.01809,82.229645,111.554565,119.9366,207.4942,46.195503,163.29118,106.44357,191.89296,90.61133,284.1924,358.23315,272.76523,8.88619,162.13036,109.38479,12.711876,35.853607,342.10568,249.38055,114.638115,17.362274,1.3625541,277.93567,188.28517,233.50992,137.60776,113.04321,175.52737,58.391598,204.4124,140.74919,56.131367,93.34846,58.263603,68.67166,72.71958,125.09757,173.32275,88.69528,125.56016,246.21889,45.96162,189.09593,232.21706,210.15276,67.01648,79.63631,72.94184,369.09875,62.987522,49.810703,254.5359,48.8251,178.77815,144.20891,442.6973,437.1887,450.7624,97.31621,133.42915,264.1547,324.75897,17.929708,90.41265,54.986385,280.0781,188.1712,308.98465,56.893932,61.60388,33.749462,120.99402,44.541714,119.22258,326.07663,142.94702,337.22293,104.45832,37.203884,78.40962,130.33727,191.62886,218.26254,245.61037,57.360584,63.59651,47.57992,26.62038,40.425465,127.62329,97.10686,389.90247,324.79514,166.8851,12.096019,101.74517,256.37216,179.3682,43.252712,2.7638068,17.64029,32.23252,144.66667,287.06433,154.25566,11.866113,191.88467,7.119655,13.902552,148.40596,116.02086,159.8527,53.71107,165.66763,27.525558,173.94235,229.66422
SPOT_230,85.23359,230.73842,480.1167,241.33804,69.29981,288.70605,247.5142,341.17648,41.674217,90.025055,328.1999,19.067036,215.09752,319.55637,68.91076,198.71304,0.4116581,1054.6869,108.259674,102.49312,103.44804,133.27174,51.26066,179.51741,64.83994,46.95397,168.34251,282.1465,72.303314,158.33408,344.45093,16.438128,77.80249,52.082146,106.21688,8.5640335,166.74911,154.77007,279.87555,249.82552,161.59969,34.017406,444.7645,1392.4126,856.9393,168.13557,5.3964276,84.78569,428.26294,64.02168,9.189564,74.5323,20.955395,137.02834,267.35645,82.96847,84.26265,39.040237,109.052345,188.6837,47.330315,393.18396,53.595016,112.8761,285.99057,172.17772,137.43993,47.225258,165.5677,43.643944,45.217346,122.5439,198.70618,32.714314,96.745544,270.97104,333.268,123.33334,31.100386,22.970621,110.76965,219.74605,134.1738,36.307648,201.92093,60.843174,306.111,321.0016,88.02319,99.360825,96.00038,160.76857,119.445015,45.347637,194.63945,108.25825,350.02957,214.36884,339.0757,278.41565,302.27716,72.01277,319.3099,75.37256,52.18123,34.724205,157.17836,112.09123,197.60468,142.8565,159.2292,11.563536,263.5773,144.44923,105.041306,49.38469,124.338974,145.73848,386.22583,7.89793,120.73347,179.89774,278.9743,372.01416,248.60486,139.60857,380.418,86.24123,273.75226,39.619915,261.0545,158.51236,57.050858,155.20761,118.936295,188.92854,112.45286,118.521935,162.66519,15.189682,56.49332,9.817169,290.8197,134.79764,209.77513,103.51067,82.82608,5.7331614,17.321634,123.4538,56.12322,219.02022,195.67262,72.18518,33.289112,180.14409,155.81401,259.63876,247.51465,220.90453,83.20775,57.266872,174.13806,284.06647,219.69423,74.85121,180.11426,400.19894,356.79623,209.8064,67.757545,68.106224,237.97539,23.53611,148.22803,382.17844,103.541016,261.5488,326.18326,319.00278,155.51505,36.598625,90.16921,164.97694,11.3717375,232.7039,109.69421,107.47901,49.821598,56.83917,55.60301,173.30312,237.10541,126.38648,296.35004,153.59688,109.38319,150.86734,4.910085,165.82735,107.87021,8.529536,4.4538083,197.94872,75.03058,88.87196,199.59882,218.11606,171.02658,132.65244,78.014435,236.15364,231.63188,124.31216,35.47828,252.48784,51.64264,7.467506,123.126175,141.13724,121.747475,97.87786,188.07834,138.9877,91.58127,119.463165,124.96415,115.08582,221.39671,152.43365,61.00152,137.13478,362.73688,92.49525,330.2025,217.45024,364.92178,219.83209,327.86688,44.974335,288.66492,216.30733,83.8367,221.57928,106.19969,249.2569,119.06329,279.90005,138.91801,185.95837,177.10179,169.89574,205.14792,4.753878,360.57584,100.95435,423.48874,29.620283,158.99106,56.871773,144.02127,171.27757,63.63437,233.06123,58.79429,255.84297,329.54156,156.18294,58.827023,120.677284,234.50937,205.35794,109.308525,232.03522,190.33206,11.046371,126.71731,180.86603,0.72577983,75.15651,142.2158,126.003334,119.05804,31.952303,54.2995,288.29413,182.99637,254.75002,159.76257,248.62938,147.52866,170.69583,541.034,86.82852,42.426426,18.141342,23.611824,283.89227,292.21777,48.68289
SPOT_231,28.08446,119.34648,50.84697,56.478256,496.20862,409.6712,164.94666,94.234276,28.55295,255.10234,163.54439,125.86544,83.69203,502.66953,40.539066,115.22826,164.35799,25.56389,70.672935,128.7063,40.08768,116.4333,1.9644331,411.2583,24.086884,619.39185,20.419352,39.599854,41.29691,150.80621,71.795334,55.25914,164.41504,111.82107,315.4685,50.24416,918.8145,5.0118613,127.141075,228.83249,57.86595,112.44947,1.3315215,337.03262,267.5383,152.50912,208.35403,381.4121,60.071262,48.416996,144.45822,142.5933,190.16385,345.8008,189.70622,125.34087,63.09992,132.1063,360.22873,79.13201,139.9554,470.39325,94.84468,61.906418,234.54834,248.21434,249.70218,78.95712,180.4945,178.69604,414.50296,60.381756,75.24278,171.36427,330.8947,131.31314,174.39551,112.343254,110.2238,104.109436,141.99294,128.87679,25.785313,242.95262,178.55324,234.50536,58.737476,95.931526,277.37027,253.58775,285.3317,359.57367,101.78172,96.94202,266.73193,70.6647,101.31006,187.09758,188.01668,361.23715,49.028778,132.7194,159.57204,35.128143,14.363649,24.622759,235.84029,29.120905,148.81462,135.87128,46.12078,201.40067,113.418945,217.8013,57.841892,263.68423,89.50568,212.43947,176.42516,204.89206,320.44095,225.67944,50.94886,233.25206,23.000988,16.077866,160.89241,186.26135,26.870169,45.59041,267.69254,63.027992,91.894,53.824757,52.249355,73.40534,29.97493,62.852345,91.01706,105.37111,227.89062,57.465378,27.25984,81.54538,204.8842,6.214602,23.956402,84.29912,183.68875,7.533331,18.408022,157.772,82.53593,16.363152,28.007988,447.73618,95.04284,1.5215206,160.46286,22.008528,240.99698,173.38565,335.8828,136.72633,101.115,16.787418,422.05835,140.88321,77.26281,37.95157,174.21272,133.60632,168.52046,292.08276,76.86244,272.31427,77.20025,79.36266,255.20721,89.51796,35.17241,25.024221,68.329636,178.51103,112.617714,11.042574,145.44128,169.94745,43.03213,384.67096,128.02214,87.22372,89.343544,187.66084,298.3768,414.6476,220.07948,84.24882,131.44751,5.487018,5.182182,89.47098,14.738245,69.96738,23.297081,32.126877,305.0087,103.613785,99.96687,164.44522,237.86409,200.30965,347.53534,121.868835,2.1876385,31.287512,6.8824296,67.01177,21.790886,146.30307,40.28296,354.8171,20.943111,60.274624,172.66954,206.57227,67.91308,151.30865,207.20262,93.12331,291.74857,32.835484,41.920933,32.108948,336.37848,95.54978,267.2977,106.512695,175.0029,137.73575,113.23078,296.53513,134.9903,157.9078,31.119192,229.154,364.1899,119.5795,94.20972,157.28246,308.50806,90.20219,111.94576,26.081541,13.774836,230.65718,21.109596,428.05478,7.3433466,144.88872,87.12708,103.370415,185.58783,6.675838,345.69037,70.85138,93.40111,46.28689,39.880856,205.56223,20.695435,110.76117,289.08783,108.884605,121.81162,268.31863,231.24936,468.83786,4.863679,184.69286,138.1501,16.352991,385.46515,107.85809,240.65144,54.68037,104.998184,138.41568,172.88832,10.06857,48.74805,98.050255,51.768333,132.30096,290.49924,111.10119,449.02762,6.4659557,183.08192,228.02791
SPOT_232,8.457867,52.564144,49.378937,267.35526,239.16136,262.68665,134.13342,13.91564,153.70847,44.43329,7.6245418,325.5822,258.3074,69.78737,361.6852,171.17004,84.8395,50.62355,103.90444,97.673706,69.07952,70.30015,200.51598,29.416811,75.24551,193.09633,148.78755,291.55457,137.1499,5.0376077,80.4816,9.381237,55.107502,22.816833,3.7376947,123.77838,275.73303,33.082577,5.153637,405.28363,352.2921,165.96857,78.006775,137.93872,80.516,57.48493,26.176239,636.48865,55.66757,141.31293,360.19034,61.900917,92.51885,202.84993,13.818879,75.440765,23.840696,151.35147,261.43494,151.7404,425.12994,65.583145,89.98274,108.6575,23.238647,25.053158,211.96318,75.08469,199.76436,454.95917,4.449232,9.545713,228.4346,156.16681,135.00716,446.94318,233.84875,69.03824,124.08067,298.69324,143.02885,8.113367,17.124323,98.558846,164.41261,230.08647,79.915184,129.53128,60.39941,84.02001,193.8116,105.62,177.99382,302.15588,214.0946,127.07329,108.32388,133.56044,184.18701,35.843685,3.3212564,14.689309,215.15819,83.891945,176.23535,44.963688,130.33466,186.99971,102.71528,22.252548,76.23602,138.5319,137.96661,48.88739,133.92683,62.29458,243.60005,351.50018,68.40448,76.25896,27.460207,43.585747,66.98657,209.83495,427.7582,92.304016,82.36656,16.22955,247.7788,95.03003,33.627945,26.918953,333.5376,407.1499,66.17131,119.07743,320.05142,161.15642,54.60159,149.20326,14.986922,233.57314,456.895,217.13539,8.767451,129.8534,104.024155,139.49661,63.506283,20.234533,123.76125,125.23321,190.33086,96.48923,443.5169,28.218449,71.94199,45.854954,311.9949,154.74628,187.3235,28.371544,69.64982,74.01039,179.37706,220.15134,64.61834,145.30295,254.9536,173.96243,358.1804,202.81111,241.87146,11.080919,54.25881,142.46086,44.227356,50.833076,51.17253,567.0633,272.66602,338.26086,96.50493,129.36475,132.81561,2.2196763,210.64938,107.14634,53.012093,48.80373,25.415413,26.931047,145.341,45.90109,0.90723187,172.85524,266.5494,4.4059167,29.659,33.1863,41.635357,236.35944,28.939133,19.043999,98.61526,29.947014,97.136406,180.2192,219.2435,247.31418,223.30324,62.327324,130.10655,20.012285,249.38945,211.92336,306.27176,149.35837,150.19376,210.9063,19.37389,34.40084,156.21182,101.16698,140.24289,148.44218,335.80768,441.8924,42.534237,237.74933,27.48735,346.95782,83.757034,5.0695014,76.36577,388.34842,339.51965,24.469147,265.42395,55.451633,216.82268,112.61123,225.0886,344.0314,13.527304,148.67908,159.91713,230.31364,53.000015,60.82664,89.53399,115.486145,189.07845,102.86469,199.15657,143.09583,397.16757,145.20457,42.052963,240.09723,311.889,19.94258,64.26359,230.98843,30.317242,298.05023,0.06883013,166.9475,3.916932,21.024643,103.42571,524.20215,66.90268,404.90216,14.872566,150.36147,207.93576,266.04214,201.52838,64.10583,428.0678,178.8798,28.461498,339.76688,17.763735,113.67255,83.24683,74.43215,113.08248,237.77034,95.41124,183.99666,116.92305,5.0136747,153.95569,30.828918,250.06071,54.718216,163.43108,26.330084
SPOT_233,344.45264,36.98567,7.766542,501.9683,287.8118,502.1222,172.18964,24.064804,212.72928,53.946533,179.22694,28.375776,39.247883,43.569477,188.89476,1333.305,173.629,40.44998,214.54729,300.86368,67.69649,3.5842178,204.95253,40.57477,13.608704,541.3226,27.170967,154.56439,78.24161,177.49771,28.277424,34.863983,54.248863,29.818802,17.057907,133.13364,398.8956,51.724686,114.6873,4.560411,32.311592,182.68913,118.93358,85.18609,173.05719,224.01244,241.09297,12.717069,137.9441,68.844826,79.133804,113.56296,137.34636,167.71152,66.506874,263.2243,109.018555,159.1865,81.5738,118.68493,186.72812,7.2464733,193.78923,449.64874,75.19815,100.1788,87.89875,71.63051,261.4937,24.45893,303.3364,13.268574,202.78992,99.8302,159.78366,300.49194,111.89804,220.40254,343.4756,73.39983,117.07884,46.397655,1.2045311,66.785576,214.40729,242.8812,195.86911,59.9725,50.376144,38.76912,82.19444,101.738075,286.92374,112.51888,239.36456,81.2994,87.77629,66.22649,95.02609,267.48685,57.627434,200.78308,270.94287,313.12903,59.415623,19.750753,171.28526,114.631165,67.95776,256.6537,56.66961,160.58284,122.93236,548.313,44.466614,174.18417,0.4830607,423.69028,301.34888,89.09539,33.38233,150.80978,27.155369,132.50629,236.46277,282.00708,164.59712,156.76033,68.844894,162.64827,182.17815,57.551548,303.93503,14.32428,208.62428,108.91492,127.20806,21.532928,6.740604,210.31195,406.10095,202.48004,26.547777,12.4466305,6.7896695,115.161674,184.67194,42.55357,24.150803,109.610275,377.65378,17.765697,89.65482,88.79644,143.74985,27.420355,105.28822,44.217335,84.98051,281.0945,205.11496,150.2605,105.70115,58.6468,116.46477,275.472,70.72556,71.35664,11.8393345,345.32584,29.42154,235.40837,68.99237,73.62952,131.39432,219.95753,91.39935,38.43375,50.47558,16.365557,26.565754,38.608303,166.85347,143.56516,96.35121,2.0864348,218.13893,7.180916,34.23195,6.521391,140.45631,203.02866,105.019264,25.002094,26.652739,132.86613,112.108055,262.23386,64.49796,497.5045,208.73642,66.37949,40.71722,6.525554,286.574,246.82086,35.203045,184.33134,217.62903,40.315487,45.9012,7.2814956,12.275501,273.74002,195.18062,27.77751,121.492065,211.16055,107.60863,279.89313,99.54371,224.27628,308.643,109.13676,43.454117,176.84755,26.031399,200.42761,57.435677,125.88608,372.50775,189.19807,252.12454,148.37779,467.74432,30.812426,13.455509,26.664263,10.329607,229.1247,126.551125,16.885046,77.88383,121.74528,139.95775,67.03264,387.68448,99.59483,225.89983,159.36697,125.67784,356.46063,243.70709,138.2129,231.604,211.59851,287.15866,63.145626,111.99493,133.56245,1.621531,125.29949,49.22751,111.2817,223.69035,53.833523,332.87335,50.196415,272.3013,64.561676,311.04712,286.7271,0.16894872,132.79337,205.37192,34.343044,164.38757,220.63611,112.08022,328.14984,69.66615,104.535706,87.07373,31.319235,123.97258,182.39455,143.49326,32.17426,75.47225,206.83675,36.92884,114.426994,100.253044,70.36987,151.87515,41.349773,89.398254,29.41539,24.319965,29.908958
SPOT_234,64.983475,81.04871,42.93464,20.584017,532.28955,99.539955,171.66943,52.030815,792.51447,538.91583,700.9131,50.539577,17.887741,7.002924,2.8288283,180.18112,541.8737,30.954119,102.32804,152.41435,135.94734,183.64424,241.10309,126.64378,207.83682,38.32762,137.60713,215.2806,73.53076,16.55218,1187.0857,834.24133,345.93204,226.11513,80.86333,240.65532,345.51016,333.70468,542.1852,144.17839,91.60497,117.43233,66.957924,112.79846,134.86844,237.83932,36.361385,64.61177,82.44098,84.24049,255.09923,73.79453,21.431955,235.88744,73.24455,68.79477,119.54945,282.36407,154.80905,9.902159,41.256264,174.18001,91.847466,340.66055,393.68115,264.0125,128.84058,24.755486,158.33653,184.39372,115.75201,236.56349,175.34229,12.529317,249.17557,68.237885,235.35757,55.95894,149.86787,75.25977,113.82826,151.37766,167.7114,38.54008,80.24051,406.18375,433.27002,8.527162,318.24786,23.277637,20.868397,227.24074,22.42856,188.06824,67.81854,107.09451,94.84679,178.05823,84.48326,141.95401,232.54759,79.54713,25.901815,63.95771,134.15132,53.694584,150.29068,130.88728,304.96536,308.7828,152.47261,40.972103,248.61475,213.35956,270.54306,180.80856,203.15645,23.87225,235.18956,246.52936,222.01125,181.56007,165.17064,7.17845,319.4912,511.98468,183.88579,68.188484,166.47394,111.68364,181.96143,109.81583,208.17802,94.45413,221.08168,335.39127,8.784914,154.0565,9.519918,30.277754,127.35396,339.84637,125.30911,86.685005,140.18303,588.6886,248.10344,123.96028,319.3656,104.3872,245.96884,84.01617,258.674,194.91516,99.41294,78.9,79.47805,170.99269,13.389669,199.3004,104.586044,139.51653,174.26161,211.68721,59.83743,251.07083,211.69554,30.692924,125.75315,293.10712,404.93448,99.95304,158.07872,245.94258,137.68628,148.2077,80.069115,81.3548,311.92184,176.01598,225.31184,149.14902,130.83676,40.012653,100.45863,274.95853,156.50316,21.221148,6.1558757,211.87172,114.611176,14.769091,167.47313,140.08188,255.46599,32.101208,101.24615,104.076416,72.29652,214.6289,13.5943365,73.08266,90.98243,104.73272,202.08594,120.19015,82.3986,34.306385,77.49034,76.454735,30.808392,167.63673,123.18259,36.780865,102.88084,158.07117,23.632029,85.479965,59.672363,73.06729,140.34854,60.829662,367.63126,354.74585,165.65704,214.86183,117.017395,226.77191,58.46308,341.40668,253.75868,63.02948,30.903482,334.18515,154.31856,193.46503,262.26373,126.949875,51.74784,41.173435,26.24297,14.252994,328.79538,253.58044,274.48227,59.541843,60.80634,223.31943,179.1555,182.5383,229.36722,32.310646,249.33586,17.519167,191.04674,119.517975,43.90954,145.61293,172.13947,24.08429,9.128182,99.40511,57.27033,88.71214,392.20016,7.0131607,280.04544,159.73134,57.753082,43.128178,275.04462,143.51143,74.0141,29.205748,6.688276,188.57767,115.22068,249.87479,290.8323,141.5281,176.6436,80.02846,43.88598,123.96653,211.31595,301.93683,326.32098,113.60964,30.437418,26.746553,66.70849,84.32947,250.87534,553.17194,15.426497,134.26144,164.88538,283.60992,216.76079,327.71042
SPOT_235,9.310778,28.017956,76.16598,65.41024,93.63848,218.33379,203.82419,133.72357,320.0614,139.37149,118.11663,14.232107,169.18816,189.27797,49.10141,284.9719,362.07687,73.302,107.34192,271.53168,200.1614,55.98878,323.71115,82.21824,176.00856,10.174953,135.49777,35.08443,331.94363,47.61229,153.4024,36.063797,92.83622,95.86511,363.82123,225.063,100.734985,130.40723,125.08825,221.4832,265.26447,85.02988,86.59257,523.64154,3.2269003,117.46428,184.44069,21.799366,376.2908,152.34084,32.54121,275.90543,87.86431,53.33696,166.06267,204.47253,233.05183,174.92314,141.412,93.792984,198.90439,52.391247,58.703163,226.9244,64.98271,23.74376,167.08992,162.30183,50.10009,253.75395,159.2185,123.038246,128.88934,482.5883,16.476439,232.66266,71.23946,105.92645,193.31961,1.7786323,150.49768,184.2565,152.16519,194.21402,46.42622,88.825745,16.30016,144.0388,140.9574,163.3557,121.05405,40.361244,43.16881,38.164303,91.25415,285.73404,3.2574768,25.025925,79.95599,199.62506,8.132037,56.216698,160.23021,313.48724,255.749,177.11855,139.12334,12.61933,229.27617,330.00595,427.2318,2.4364488,82.18415,127.943535,166.15143,80.43823,52.098682,63.12741,363.96524,23.047972,189.96048,100.41,295.51968,17.156801,190.92633,28.25831,130.8763,188.86153,127.08034,41.75376,93.44041,109.30044,39.59235,21.049343,9.775686,173.67232,184.56317,117.12433,52.220196,98.91308,263.98828,150.60286,130.59973,309.55768,63.030624,272.23364,220.57811,135.53702,27.517946,57.060467,250.91966,66.439476,15.580218,130.21466,312.5936,111.62109,97.599846,52.40075,11.288816,153.22662,74.14244,157.87053,94.54202,163.63536,72.28311,154.77797,100.39861,587.8365,46.242443,284.76486,378.7262,62.82034,23.428343,67.407166,189.2114,60.941833,140.38194,138.72226,105.460014,174.83061,40.635025,90.36252,377.2071,151.31909,294.0898,149.9025,132.07967,94.929535,22.147614,223.04387,23.585701,381.51028,64.48205,41.6793,154.84209,306.40765,68.801384,414.55408,321.61423,243.17943,225.4696,158.24991,27.146187,62.738136,37.45679,276.96216,101.459694,41.08125,23.937183,86.223206,166.51376,66.567924,317.09976,78.93354,96.19996,231.13393,219.52156,96.14014,27.025963,154.46997,37.672077,51.386414,332.23438,33.155758,185.7937,22.04706,22.888184,77.495,409.036,178.36179,19.340174,518.9396,24.988121,79.20606,157.16315,106.03309,77.86729,9.359215,192.9596,119.09203,86.249886,270.37103,192.45609,53.35208,9.32128,4.9109592,45.74832,147.39339,18.80312,1.8000638,258.78848,110.111855,70.456955,125.81544,145.40031,89.897156,110.600494,158.23535,343.83246,74.71195,265.47253,78.84632,47.9261,164.2902,64.61825,68.11158,191.30307,105.02005,52.36458,11.332636,40.544395,18.166777,26.305277,51.397423,4.52946,49.104843,419.61792,108.929474,0.41266054,60.824326,176.165,146.758,231.00943,244.52438,233.54854,224.19916,28.769058,100.84771,98.90962,367.57178,16.344225,61.748077,79.19569,16.275091,68.014435,325.12622,15.649882,93.00019,64.315094,33.515083
SPOT_236,61.538425,36.812397,42.641388,127.6638,90.4891,10.012837,99.43158,21.134367,1529.747,75.271484,292.48535,191.1037,104.36317,198.831,186.33484,134.69482,109.23959,47.15178,38.111576,21.76159,238.4507,108.06828,38.01005,30.684345,96.480896,280.29282,2.3768976,375.68372,234.71239,174.8378,1658.4332,605.98816,49.840786,209.90817,96.387146,118.20802,21.649353,48.251266,182.33005,97.48958,52.973896,118.62367,102.382935,423.23203,139.45526,61.109394,438.53577,306.73087,15.568343,52.326538,207.37872,23.754473,134.04578,115.411606,31.19746,182.90143,249.42194,243.78003,72.90908,284.95935,394.23865,168.02786,129.5638,159.32193,152.68695,254.90953,330.9112,241.81029,121.017815,21.789711,69.879074,91.06465,287.5924,115.708725,200.322,137.94693,84.2361,155.46124,84.77025,271.8815,56.543213,283.6087,519.4348,195.78017,11.457872,1.3075411,382.77942,70.73278,133.9459,17.593756,292.98264,79.22038,365.4549,251.31142,277.5964,223.56862,18.72656,84.115395,4.843419,35.130516,123.825195,45.501686,102.83861,419.43582,16.980598,35.904305,62.187332,61.359,43.662567,365.24408,45.745277,194.9777,48.14955,5.412346,119.48406,169.38889,12.704559,67.84265,65.179085,69.20407,91.23419,140.29546,12.653152,90.72778,115.749016,85.06933,168.3101,93.743706,55.740005,238.9179,316.61282,183.42757,54.45503,321.77695,118.622986,92.141655,15.465924,242.60365,60.90087,6.020275,33.283978,183.87132,5.1683145,39.453735,15.7690115,10.678197,0.30572635,17.364067,197.9155,175.9886,130.2977,255.02971,228.71965,46.61907,364.346,87.98022,337.30228,262.7539,292.95667,206.73431,120.28028,14.985655,240.88217,240.50012,214.9798,26.148777,111.191315,10.444399,326.60974,242.49712,53.91691,110.802345,33.366676,100.04731,149.01266,438.93878,193.30275,329.01715,103.62315,93.21366,19.468626,135.17215,34.616444,199.6256,36.730473,27.69615,28.295433,134.24667,80.89686,187.53685,243.40147,77.34302,2.6449552,337.8116,21.660297,87.14156,124.03721,144.67253,90.5921,346.77036,136.20587,274.81732,36.965866,187.55278,194.1528,3.2087433,290.8974,3.985656,141.62305,174.00182,0.8245056,64.51164,15.691061,102.960884,103.21235,73.47169,41.017612,258.51144,233.81325,57.358692,146.75876,131.8889,266.22583,131.0344,250.83472,406.40433,131.20956,123.38598,194.56476,54.467194,237.34192,17.527433,64.60139,124.84651,71.31373,340.95697,54.398075,392.5584,70.69519,249.32594,127.82503,92.08943,419.6907,18.112307,63.073235,54.64193,22.413578,129.97568,153.90407,33.112072,96.080696,80.09592,63.988373,171.89818,31.130863,31.39555,105.341774,244.21107,110.927155,227.94127,116.82286,161.81732,6.3548565,30.180696,220.35432,209.51065,370.8287,125.67401,234.6331,228.46378,9.685333,211.01556,67.93202,36.73594,9.149477,236.14987,223.83461,30.996021,199.31316,207.06465,199.7027,26.593914,59.50626,51.056717,420.12335,71.82081,14.786508,90.568115,48.892563,371.23837,3.9450736,137.82207,21.506802,303.74945,0.263408,153.62411,24.471657,208.12354,285.3483,214.14494
SPOT_237,139.13644,202.50981,186.53291,8.099719,109.97265,105.64924,101.58183,138.43437,59.209274,272.48483,272.5124,120.71368,397.8139,70.0272,105.07058,132.0496,204.65663,332.76746,55.061802,93.045334,201.22589,180.57986,26.401262,165.34581,86.87242,43.73237,164.76419,194.57568,185.01466,251.27364,57.902164,371.19232,209.31888,33.87837,197.25769,296.891,17.02989,244.24577,154.74086,164.06512,181.03351,46.89205,142.31892,296.05328,39.725906,261.3845,57.822605,31.839256,239.87363,113.08949,99.635864,140.03752,158.80139,218.8109,38.12784,206.61575,53.90681,394.59586,97.48935,70.23224,391.8308,43.62104,162.39178,178.50085,174.40213,235.20903,352.94073,126.191925,163.3621,275.15057,144.99748,203.48218,195.29076,23.862444,292.9231,198.41553,22.235136,39.907333,70.80411,117.05116,76.56707,0.82991755,282.60583,76.79128,330.21814,111.019325,60.4528,160.17264,58.770172,34.90691,68.291855,199.88077,35.947567,159.18,65.09129,38.116856,32.664204,222.31206,19.145306,80.145035,136.53409,222.36005,158.7051,132.33034,209.30443,272.4655,30.485537,127.64989,200.32744,353.1403,87.51876,60.511814,51.52957,291.37952,30.066761,111.20786,162.61063,334.39365,0.26462454,222.22836,329.11444,381.13086,76.06939,135.94759,231.0993,242.7445,116.31049,3.5647953,45.811256,73.79671,35.444576,420.2367,76.77232,30.570421,171.19936,85.659294,66.96408,28.455423,123.12483,207.11768,7.3230166,77.13984,5.952591,52.897503,346.03857,37.067623,163.92104,156.73376,156.26324,102.27902,147.94946,95.98346,54.57979,102.30204,480.64087,358.94745,181.85643,138.36208,89.99145,128.1011,147.20427,61.014355,71.706726,0.7110582,163.68102,103.20538,411.06995,75.915855,87.86665,41.014297,66.74379,145.13112,142.67169,98.966515,257.9392,1.9220272,193.60054,61.98035,7.124792,1.4952581,121.71783,197.9879,66.838745,235.83907,91.904465,314.40582,248.94777,3.7818325,141.65036,160.14143,85.36295,99.237015,349.0859,4.142716,182.12576,71.249435,50.89193,45.005688,246.24486,213.50934,179.9077,109.11372,248.50668,382.00742,401.5112,48.747826,217.85016,163.35857,92.095535,81.57403,167.3278,6.5507274,52.66085,208.69049,20.493185,92.060234,1.5057409,20.32658,312.72733,134.51616,25.389742,78.37353,252.51991,524.11115,168.50304,66.491974,306.03915,223.08832,157.69072,277.0892,144.43192,101.03687,49.089848,261.81342,23.130823,93.77941,124.17381,186.93686,208.07211,168.29033,125.0905,208.27795,72.61235,229.99168,74.13608,5.4646344,528.02136,1.544125,81.65311,178.626,129.71678,248.48087,27.14772,110.789375,103.58636,12.501622,232.37427,143.76407,156.99171,0.801073,67.201126,524.06744,131.64046,383.413,57.70837,128.3821,9.74538,24.017515,28.000711,38.102753,508.48782,63.384457,2.3861,155.61592,342.6645,47.79581,203.71393,417.6085,33.75765,46.65212,168.3966,308.19495,222.43088,119.62106,329.01376,44.811497,208.46649,141.33762,242.19441,214.25864,358.32092,90.02084,298.44647,113.629196,249.47311,116.977356,112.213776,43.59312,141.41217,63.34822
SPOT_238,103.701324,202.48686,216.26102,229.87439,139.62425,51.531704,91.17739,229.98479,51.984707,92.3581,66.0532,18.858955,123.18748,474.2074,384.79214,11.279608,40.048985,1413.8425,360.93375,208.54694,210.79065,206.9999,121.51602,156.21266,70.03183,133.75885,71.07251,92.35366,68.26693,212.21481,69.45474,90.72984,15.395063,509.35562,38.462925,59.335373,68.84212,161.33774,242.15067,37.396454,150.4008,319.72052,403.22098,1175.7356,1581.496,37.245148,3.6224914,17.313305,52.056396,72.284195,121.56565,321.10083,465.73398,197.00995,411.77615,189.16045,186.86897,18.136232,166.90265,64.82913,2.652805,45.58443,99.73749,331.1577,337.93738,165.05412,184.64612,275.3117,278.97748,85.69179,272.85785,26.12405,257.60263,266.70963,58.787884,62.372963,87.38206,2.1013422,129.12317,98.41083,222.63496,84.549286,167.46262,162.5318,31.662579,29.688137,186.02753,71.27726,248.9926,149.71541,75.36307,47.730415,78.38286,61.416252,33.964127,38.673843,209.98956,88.09776,188.75578,70.76617,10.32347,92.66338,62.086582,65.01959,253.3762,94.00248,95.33626,99.94336,11.713975,146.25517,29.629448,57.713215,165.38885,264.07825,33.51528,142.52406,299.204,15.743834,93.2585,117.291565,25.251955,196.44838,41.280727,195.24422,42.02801,115.97017,241.59358,35.609486,90.55874,155.80435,206.79794,76.820816,138.0624,0.019968016,35.716167,105.8917,255.2356,13.660753,3.0995028,74.63558,86.20533,73.4343,333.79517,195.23544,85.77081,154.447,114.285645,20.058193,95.84909,70.43378,233.00284,136.93675,140.93939,140.31834,77.27248,59.787334,359.12473,52.230747,208.11618,153.72218,162.2137,237.76013,70.97503,283.32095,234.52725,101.99974,31.394266,273.10724,41.227737,245.14883,397.7192,131.9383,142.52132,302.07666,219.20113,75.25489,29.917744,169.0924,47.385845,284.84195,185.64929,43.26761,49.137886,83.77951,155.65334,32.093254,52.171734,54.653744,211.70999,228.8547,46.44747,192.07974,102.825775,219.63562,171.81746,126.12072,79.34258,291.57004,32.489044,57.741684,53.159332,307.83917,271.61823,98.63962,166.95607,102.483086,149.85251,191.5423,163.02762,94.88038,173.40248,38.772102,184.9766,51.748684,46.478825,417.80338,14.6769,265.64685,17.68722,23.07667,51.398296,282.24136,243.68018,183.95216,216.47394,247.69301,307.8246,4.701062,94.599014,504.06723,122.465576,128.83943,116.11947,188.03381,10.179867,75.813896,16.10066,444.2605,179.35562,3.1624846,47.523895,125.37703,175.17828,215.44322,176.76897,161.10078,115.56617,90.634346,135.1965,59.446964,322.5442,546.78284,65.96917,82.47222,171.90184,27.485167,117.59536,88.34075,138.15363,43.20302,38.171146,308.69592,147.75327,97.20626,83.257225,305.82983,355.8016,148.03378,5.3097677,326.42825,64.01324,387.2497,290.06793,42.481686,367.32358,72.97658,6.498469,188.84702,275.65128,53.386486,223.88733,184.67174,244.32062,59.499905,219.09642,161.20483,69.51736,75.94555,119.82834,144.76987,60.034172,109.44385,85.61059,201.20761,244.43335,158.44583,50.65845,119.58594,411.5051,162.80684
SPOT_239,130.88432,120.64339,74.01418,513.1582,1129.7074,70.22932,118.22171,119.63243,469.13367,50.994114,30.109411,69.65111,106.73522,175.96928,137.04218,441.5215,100.91634,68.003044,111.37129,227.08649,255.14131,128.21286,687.0678,82.43411,186.76907,230.38708,131.8709,252.04688,44.17999,230.34949,58.4076,123.66588,96.12852,39.022873,51.464916,9.918374,283.10553,129.3785,23.960093,186.40688,288.23352,137.3102,40.472202,248.9551,193.28116,189.15964,20.323278,265.73856,32.804173,196.57558,451.82703,73.10732,55.83433,103.69559,20.356318,96.566795,141.54617,7.5103407,178.19373,532.6976,168.96454,52.28968,30.105267,125.143105,30.738966,40.64247,294.09988,49.93579,91.153015,70.496315,59.694572,29.528275,77.59796,273.8987,79.12044,243.27286,17.461578,426.33932,77.058876,145.81485,11.348957,57.811653,47.412354,120.66081,38.82401,66.54848,6.375538,263.39276,160.8778,111.55193,34.436,326.00665,54.36341,95.02334,98.91626,14.085352,261.95502,26.448925,19.919165,93.86714,5.5980816,0.20320554,108.545135,95.66586,146.16977,79.71574,15.670425,3.8222182,1.7560583,178.37071,15.380732,123.053246,229.00558,177.19514,10.9398,28.495972,223.74826,19.77711,156.08131,5.2372885,431.85068,119.5236,173.92572,59.052307,208.31235,273.8871,26.254156,61.87989,80.79702,492.5347,87.140274,32.085545,12.56044,297.73904,94.91845,155.48703,54.70749,96.45439,50.111374,30.47861,123.50194,91.44487,88.27962,126.64725,23.4908,66.173256,202.34195,40.99585,139.58339,236.74016,109.612,200.70992,244.00005,102.07081,236.74893,153.53542,110.38328,173.77924,129.91682,217.21725,85.737495,66.89371,30.52117,104.78825,31.388311,73.45319,256.7321,80.33575,254.24454,229.27637,117.69323,151.93086,178.39122,53.208782,106.44756,41.649265,31.439816,177.40492,307.9732,36.510323,198.09389,11.849244,62.568447,311.46484,135.46931,310.97443,50.214622,40.151184,192.17386,52.72415,3.8332982,40.27053,217.94318,264.27728,48.02796,154.65794,157.69592,14.580629,178.51578,18.772816,265.7023,192.09415,205.39474,185.89723,239.28139,250.74672,184.64073,114.15877,14.0494375,396.49915,126.13692,38.059746,55.6757,20.838503,24.974844,174.2745,58.292812,302.96707,79.100235,6.103369,133.30353,64.17155,236.18011,260.2136,12.611241,99.794716,154.01877,215.23627,100.95099,16.185951,170.1863,56.354015,112.96451,103.07916,121.30741,116.469574,220.02716,237.59064,112.59673,156.19206,156.3259,50.0535,228.36032,114.60521,40.270813,195.57889,144.45456,173.83507,86.8959,21.940445,121.14449,102.6763,404.92776,64.0468,22.302977,156.67139,140.48022,112.42464,122.97182,31.897192,72.348595,83.37372,197.42752,195.01767,70.78485,124.73834,107.40105,17.123238,16.50058,460.8824,17.208282,45.348984,40.61178,115.36838,114.37541,70.29724,192.34251,75.02343,199.94963,175.87834,60.9079,91.98749,85.71304,25.932024,100.59227,132.42845,116.22756,155.34645,167.84906,300.13092,323.48663,97.262436,145.36357,153.49419,176.9419,131.67319,353.80692,101.65401,240.49211,80.9749
SPOT_240,120.62309,30.887575,144.59717,174.88913,35.57071,10.256256,36.501427,300.89914,7.7025957,172.75322,401.73886,85.23774,26.745174,147.05524,21.971123,49.879894,421.83484,215.70267,378.30362,244.32205,288.06107,215.16348,135.11937,279.1715,158.87283,104.17025,24.147053,192.88881,247.09125,139.1319,135.9097,7.6884155,154.19977,203.40343,65.194626,126.33717,402.91147,4.4120345,51.79609,202.66998,11.487503,66.37468,147.95703,198.3648,9.744757,86.50644,36.738415,305.51523,52.867092,156.03978,305.683,166.43633,461.88776,250.52007,264.05087,165.71436,72.11168,259.03232,10.000952,105.75669,135.26242,474.22647,141.74591,50.148354,257.15222,16.241806,218.05377,104.62183,60.955524,89.694214,96.97019,144.1482,293.11475,398.13068,74.00574,343.44293,157.79752,46.936436,304.42004,124.32511,79.092545,144.99748,213.46635,251.24808,91.1083,142.37646,119.258026,75.63945,98.05808,56.534195,461.6021,19.491428,29.979595,133.25827,227.52402,39.152885,63.492725,117.25383,26.128893,15.945094,58.889732,83.50424,179.344,398.41864,13.988487,37.79967,254.42497,339.68326,260.2261,70.260254,62.509567,105.2172,402.63013,75.64166,83.62955,182.36139,225.95197,243.79018,62.247253,80.51055,193.24783,153.41515,129.92264,114.46637,24.964014,37.64032,164.88763,168.91283,189.0756,14.705452,26.843933,130.40274,40.013863,140.02434,108.31626,242.38672,65.70696,261.71375,49.599094,347.64883,7.3944807,361.75876,77.4231,91.98931,51.377487,206.77132,39.432842,202.2555,162.12035,124.0621,229.28809,127.751976,84.579994,178.73149,146.37434,26.35814,145.09105,401.4247,217.21634,51.30902,13.201177,75.18966,418.13498,8.362691,92.480896,57.942608,92.92677,39.78989,224.29175,28.206968,195.50963,149.54086,124.32776,135.5539,156.90256,5.1704173,162.84253,309.73816,31.756021,35.82907,66.541374,25.763678,250.03297,26.056944,89.99956,255.89212,286.98947,240.63466,53.303852,18.782652,212.28479,530.15106,303.26068,91.96896,70.95455,187.37346,63.786617,92.22537,254.92268,182.03412,36.04542,208.42062,122.79594,76.53535,53.99912,188.05023,185.78008,426.51505,59.31087,74.058235,68.034904,28.90019,163.1981,344.77942,95.55848,32.853897,19.720337,329.6558,446.4122,432.48892,80.068275,4.588725,101.66777,104.13476,21.060974,225.40112,164.53752,153.10332,123.79035,174.53989,125.034775,200.3806,82.27818,27.712767,6.615648,12.939144,161.86308,26.23934,14.535239,136.2181,30.159998,5.1697917,86.37451,207.12007,229.85059,320.35007,44.010387,258.22803,41.316242,249.63498,54.05293,61.110867,85.65248,282.74237,91.20633,69.751045,155.00229,243.75346,177.43872,200.6889,200.89922,137.68686,69.23184,177.09425,213.90166,66.54089,293.4666,79.28562,134.42632,11.583624,136.48843,52.72752,340.50217,30.87077,31.774712,271.64792,107.13525,74.44438,42.949623,39.26973,36.9778,32.83489,231.77023,64.082504,77.62628,95.084564,160.47728,7.315836,85.08946,237.97606,233.4825,73.454384,16.302052,56.52557,53.75634,272.41345,157.34364,57.948933,78.4962,314.7511
SPOT_241,1331.255,260.8051,107.618454,599.24,122.49988,75.82098,52.139374,91.333984,206.74806,88.07626,326.59134,95.361855,13.513365,38.56687,141.97404,330.12604,70.62143,213.70181,221.74084,30.666847,73.971466,9.398984,102.78202,8.656772,11.604359,433.55493,159.12372,124.405876,43.186104,55.15201,464.82806,69.82739,282.74536,267.2542,76.44057,7.350972,647.2745,108.33558,151.26636,48.536762,115.64098,37.33575,59.301113,4.4654875,42.870506,9.862647,434.79495,3.2773,190.4911,65.42562,24.113117,134.71313,136.47348,309.53635,356.9641,22.69047,367.2855,88.325386,30.06544,84.737,48.063328,189.51396,332.61267,43.994984,13.77599,23.134686,166.03377,216.39685,149.07758,93.34164,91.770004,158.29074,48.27649,110.48073,113.841675,62.844467,41.929184,87.101265,3.5218213,85.26338,172.21567,79.25278,57.179398,268.0199,134.29396,124.46662,79.9899,172.06041,169.04872,190.89647,141.8179,207.75061,2.4010048,239.43396,387.75598,121.424225,409.49277,267.7466,320.8426,75.03112,17.555006,39.09429,202.66748,293.209,151.73206,132.3348,265.33047,91.54699,249.26788,98.93886,198.99979,22.208538,140.97348,156.93108,137.3641,115.10595,41.49819,5.2375393,214.56685,149.77307,317.8279,145.87202,114.46062,124.5131,89.164955,196.08574,245.63654,130.92365,373.23633,189.92468,231.64413,80.58919,210.33063,165.44818,40.214916,24.611328,278.3422,72.96655,18.582022,84.23132,367.6353,86.191086,369.65125,91.482254,77.48331,113.24567,175.21658,183.92224,52.967228,117.901955,134.46886,139.14099,24.474127,49.222153,25.5172,284.4363,25.283504,152.24461,5.189077,73.04756,51.9106,214.53648,22.885008,180.08144,184.12585,258.06238,182.2916,225.6189,49.469418,80.00278,284.75876,203.01193,646.9664,243.21957,118.77125,268.17258,128.34721,58.229996,389.7518,322.63547,12.185934,366.37964,91.32176,149.00038,147.12086,100.20942,226.67404,149.66835,34.288315,176.50311,42.398594,23.888227,105.34375,70.11663,271.85196,12.597353,52.13661,236.95029,116.01755,29.319136,156.37234,254.32755,190.92238,148.79129,221.37283,88.8503,254.39929,28.435173,10.507394,23.855465,84.432625,219.83551,190.79329,27.765574,98.6725,540.9228,0.51036996,308.16364,117.8656,331.4775,83.88213,79.103615,248.37964,180.41559,52.85924,12.433344,155.83607,78.16374,93.3827,219.38867,39.986935,263.2907,15.9004345,161.183,89.1925,107.1056,208.46721,194.77303,169.98297,32.17603,366.91122,47.5008,52.82896,28.093224,119.31145,392.97607,253.86829,120.341705,4.7737226,360.62253,114.1317,70.70972,87.31707,167.68004,226.14487,402.81763,21.5067,20.474672,266.6933,225.56104,66.77702,153.0924,80.24242,140.20644,102.49652,19.80566,76.59127,163.00015,479.88788,104.86097,350.50403,27.912987,213.80382,73.38106,6.411599,46.64547,186.30853,93.94911,358.8998,69.54426,162.36667,50.16571,242.04349,41.668507,247.91641,107.043976,110.99179,77.84991,37.992516,248.71214,199.3729,145.61081,230.77632,98.26227,339.80585,337.06976,274.30447,70.185844,97.91441,128.60143
SPOT_242,293.3859,144.0438,83.941795,187.12737,1442.7263,120.57807,71.00615,255.58061,283.59225,44.120857,434.7718,248.31023,214.2139,157.77063,224.49567,162.7963,251.97202,367.0308,185.29561,131.1169,478.56775,21.766024,127.52842,82.80754,82.5359,371.2645,358.90784,62.764256,138.0368,50.017838,173.06122,258.42154,27.131647,213.12303,70.07309,139.02846,89.25088,84.01564,162.47922,152.63185,393.01785,265.02567,55.028988,289.8973,188.6209,8.438915,37.035683,161.50618,195.47124,115.711685,98.17474,2.9801936,160.2581,174.44666,110.755264,49.311565,0.3145704,7.978344,155.7344,136.62744,196.11165,164.44818,127.117256,450.45804,179.7233,267.9112,319.07587,205.9039,305.12537,1.362653,84.839386,64.671715,210.5439,50.40479,93.855515,101.21342,32.694828,35.205204,124.79942,676.82794,321.51862,27.003048,169.15149,405.63635,231.16406,201.56784,113.03313,15.76607,37.440163,106.93241,297.81125,234.55014,121.25752,39.388386,91.82449,145.16293,20.033287,14.47285,56.482243,82.43554,117.79123,71.5232,304.22574,41.100075,120.60717,55.579765,178.11012,283.534,228.0704,61.251667,5.466202,123.53456,62.469437,159.05733,358.05872,128.34372,49.05847,110.365776,39.384727,206.11682,118.99894,3.7151828,116.20749,146.37325,245.15463,9.208157,139.2697,157.15182,324.03955,89.0079,183.5929,124.41036,123.79555,2.9116204,245.54482,96.63806,31.909752,271.01938,64.72565,72.8147,94.29517,151.98755,57.549778,63.044617,474.8249,15.815613,226.9937,197.35898,116.02085,238.56247,100.16687,59.205597,53.237354,112.62068,444.86472,159.63612,307.58533,16.544418,229.29036,90.60095,225.92021,233.48407,303.77914,38.056255,287.62408,105.4626,105.37579,239.64949,40.047104,206.59424,107.88674,153.15686,52.61782,16.279306,120.573875,114.56116,135.44249,185.07347,256.55984,25.771362,220.85196,203.49937,312.3287,290.75217,240.90579,105.39117,303.8588,30.543137,61.753784,148.75838,227.01906,97.42142,247.5019,2.39111,36.51714,57.661095,206.88719,503.69528,187.4565,42.14061,133.76598,107.69024,28.457184,170.00703,192.87096,171.30998,275.9273,155.58566,157.60605,116.85967,223.71628,113.00551,31.833368,448.71902,99.77548,68.5646,19.021221,277.05167,20.99719,270.13208,33.66136,106.100815,281.40912,17.017834,22.826593,62.073498,159.27382,125.02082,367.05637,411.90216,149.52638,170.51949,184.2943,145.44835,12.25004,11.337257,80.31162,146.30916,217.53859,15.209287,302.74792,187.37137,85.1069,8.222672,198.57794,142.05821,102.832565,61.725098,257.12018,89.63512,323.33813,182.50458,173.38887,81.44855,238.39108,47.733788,6.215802,40.491688,96.991394,129.93288,30.707777,32.885925,12.7650175,101.842384,240.30327,167.87576,20.952967,203.13217,86.3047,92.641174,203.52058,467.62305,234.67162,159.55157,52.614872,226.58684,134.37463,105.25555,229.89806,171.43022,13.71436,81.97784,59.247604,138.28136,261.14282,78.15949,79.68262,75.717545,125.26173,130.45087,310.5458,279.38504,34.678585,82.15226,301.71286,32.740524,230.95677,84.871895,178.07329,10.822476
SPOT_243,299.06107,100.672264,171.51573,321.01532,903.6031,302.65372,254.10898,75.32072,241.03603,283.30057,41.91193,59.383907,279.66418,52.666714,37.59519,633.14905,100.04602,93.99999,122.72936,145.11014,574.4239,149.035,402.6203,324.0059,309.10513,103.9246,128.51625,18.884073,51.020504,154.29855,29.562508,165.84268,62.53985,8.594854,130.1048,21.915173,486.60446,162.34888,191.72969,89.32725,249.71907,206.13298,50.68787,181.20262,63.43952,20.441391,476.9959,422.2766,117.07948,152.99013,86.11291,97.54532,146.56949,69.12648,56.201973,371.9366,77.34714,335.4612,210.74562,115.91778,140.20097,288.7687,355.13757,42.51171,224.59392,17.677872,270.90326,170.69844,178.08533,453.35748,210.57109,190.72531,2.4731092,159.08557,157.71443,32.28266,22.98172,207.56258,241.75314,153.18593,180.35509,474.66064,262.72104,64.29169,74.93321,0.28730023,25.742672,19.741919,49.890976,314.3158,111.46691,7.655142,429.18726,114.67574,198.35622,19.846922,259.01926,51.16956,148.63452,31.528833,99.36887,85.62709,329.35388,86.69838,170.77042,28.861298,337.16248,122.96273,32.595547,46.125454,238.32251,247.59871,202.5357,13.593226,190.85593,56.45506,100.677284,1.4271985,35.38339,386.7036,240.12267,13.28801,114.90569,159.17944,186.20808,56.572376,218.97969,133.98988,214.84177,69.13504,34.03273,229.6297,82.32807,41.7193,103.409904,81.886665,201.9906,133.80048,263.97946,49.788273,8.965844,17.011473,64.909485,106.319984,53.624653,76.73474,27.574203,329.93692,34.054108,106.54572,44.86828,88.6101,89.32412,105.183624,123.30012,120.97996,162.42645,200.53513,65.62673,282.18655,354.5225,406.3514,61.498325,256.77588,72.5084,172.23608,203.69058,41.84406,272.05405,18.284216,208.67018,195.4103,177.31334,24.30401,42.818123,166.95233,69.58152,142.30867,88.10479,190.37914,128.75468,62.22726,80.78089,36.45416,42.645416,210.40402,141.31503,130.12224,74.74505,127.76691,90.61277,218.9198,44.30692,30.834518,269.18765,75.56448,86.83443,234.17404,166.05971,50.2932,365.84354,282.37842,109.22877,49.12546,65.579666,28.333818,98.22857,226.97224,9.764425,13.363858,107.03372,358.19003,107.99466,186.98834,283.1745,32.326843,218.45715,2.740853,256.85022,232.5196,312.6815,0.832248,160.69818,185.18488,359.19537,104.599304,156.93454,182.24228,480.69937,163.32127,104.50364,378.66998,303.1275,239.2362,81.18159,176.34833,65.93414,155.50679,227.23335,260.31064,164.76843,203.25511,106.29647,41.598732,139.55107,56.005108,70.34763,35.246418,137.95552,246.92131,104.72759,99.476524,141.92892,308.07596,60.279648,225.6482,2.5470395,161.81711,122.04986,189.75829,204.66183,3.936071,222.28354,212.32701,233.94727,38.52594,107.9076,212.35124,13.40919,26.692144,86.732056,218.49365,53.81675,181.83043,88.15825,79.824135,87.12161,142.71487,85.414314,58.32573,249.35486,78.77001,203.50836,382.31577,258.33307,154.32288,109.58167,349.46088,30.65614,134.97224,110.11494,248.97069,2.6288176,60.477055,120.500114,309.41168,225.6981,107.27165,275.9823,78.26254
SPOT_244,675.8703,242.38939,459.10425,1469.1912,369.56137,342.38535,7.121184,246.75656,116.894684,170.86426,135.43787,304.1715,205.76663,168.67058,207.40129,824.7914,65.3155,296.02014,237.41464,81.73617,198.7365,281.13248,3.596838,35.87958,323.56113,423.05722,50.994392,85.462776,161.22786,80.38918,0.79228014,204.3305,75.227905,114.95935,345.41257,153.26889,782.1505,150.39941,121.316475,172.75049,170.8394,103.57801,216.03378,4.6218657,169.18149,148.18527,288.4238,144.2621,38.32709,233.77728,349.43018,191.64964,76.35474,38.25644,320.48956,75.94622,95.44202,295.18243,87.15804,43.37993,67.22609,212.09943,245.17528,54.5102,102.73356,142.72836,79.997734,33.886024,147.68607,361.19315,55.931557,314.407,59.42823,39.779503,41.178425,198.52396,59.75762,158.15529,512.621,144.69646,186.93587,101.736855,43.761612,1.3699429,29.770891,35.417183,44.549152,247.75693,203.62257,318.2832,149.47618,23.018576,53.2489,277.562,255.55873,81.83863,278.08533,75.70869,131.18614,21.554398,34.76293,132.47847,114.11084,81.252106,71.977325,50.89987,37.297886,30.267906,165.72331,148.76099,41.469894,272.35147,93.90706,235.344,291.23407,24.100386,76.647575,312.63733,241.08928,153.29338,63.840244,259.3733,258.53992,332.64035,243.9485,53.16276,20.889515,30.247435,226.34935,154.86688,35.188797,131.45415,72.75914,65.341805,86.445786,12.512678,143.53792,96.343834,363.52673,104.034164,24.560585,248.77472,261.0504,84.12006,48.39727,12.420922,244.14458,172.30879,196.1281,294.20502,82.43493,73.254135,63.230396,10.100288,34.03243,72.77429,98.585266,114.76469,125.28201,56.878254,292.18747,134.3732,246.41833,157.41342,65.03756,320.5817,115.16273,39.7445,314.06613,84.81465,317.9146,102.58745,20.33788,95.460464,181.7733,274.2572,52.37873,106.7086,85.51272,19.197449,33.563644,288.72092,47.346283,219.13155,522.8975,171.75163,77.45852,27.39485,73.41191,442.94626,243.67476,40.806183,131.53091,108.415535,139.29462,148.07779,32.872498,38.87312,189.28113,105.931335,391.39868,68.2606,200.80302,359.80322,268.5006,69.427475,1.2377316,12.821218,37.712322,175.37741,99.25981,261.4315,24.973787,209.87173,17.497911,86.22371,175.84766,135.76083,56.923172,93.3209,311.48434,4.7758245,204.05632,105.37441,353.17123,293.1872,95.363396,143.22897,123.581375,138.64346,157.33813,209.6365,340.47702,18.116362,1.4023137,142.54776,54.062557,365.14938,194.62556,48.115505,97.637985,325.73935,276.45618,109.92411,310.07648,222.28552,147.93887,126.20444,10.5496855,212.0536,212.71448,238.32045,24.063915,115.40747,76.34124,159.26454,289.80753,70.39699,225.6059,15.477497,243.63461,113.5675,118.4078,205.17603,258.48233,35.72162,111.170235,77.90806,306.6022,86.55932,21.886543,185.66524,230.78421,150.47447,80.66501,230.43402,88.62404,11.1928625,43.22349,134.82297,38.887882,250.70348,127.40081,245.15985,14.270209,150.75032,373.44812,68.92533,292.72968,134.32927,126.44195,44.027443,282.7888,141.7054,115.79242,66.82214,103.71407,50.39975,154.1842,229.68373
SPOT_245,170.92459,349.84192,49.860912,168.44229,143.81818,3.7537374,11.332172,69.29461,13.97223,499.87213,143.93248,233.87314,48.749176,382.66476,80.69692,197.14601,250.82306,12.099701,258.33682,52.070534,260.97122,231.68443,81.69541,92.23916,133.58304,264.4445,141.14874,359.94345,159.39528,175.13927,262.63977,340.90277,131.05687,67.22511,208.0333,97.18704,46.708347,38.909958,3.065775,114.044975,208.34149,305.86337,103.19318,33.430065,1.2587141,113.42293,120.19653,138.55438,52.121162,94.7833,42.65613,129.60461,19.876318,5.3494616,41.621742,59.439495,162.62344,101.78764,1.0004861,203.85423,235.68394,119.6171,102.080956,305.85876,125.186386,8.738138,91.917564,98.93108,49.62741,174.00087,176.02988,248.48459,166.42361,53.337765,105.906136,65.88959,141.78209,221.97964,39.1274,291.81793,142.54424,199.72531,34.334442,65.95804,102.68166,360.08356,251.84583,13.533443,167.42151,57.352512,141.62656,50.09022,216.31023,85.70797,48.23343,5.31559,328.48248,9.220376,200.14153,245.89748,221.64207,131.3146,99.17908,39.74137,104.54873,267.7107,24.273724,161.79643,179.06589,56.012775,62.644165,185.98251,12.979676,216.11081,334.9769,183.70229,219.9668,15.1035595,83.84213,161.88907,125.19544,88.82877,440.13068,60.024754,195.29356,126.639534,88.76699,146.18576,13.728588,354.5539,115.16503,107.06491,357.11462,136.60486,2.9810805,54.59719,112.75953,45.94012,82.02217,118.46016,53.182915,117.760544,58.354836,171.84392,183.03915,130.63931,80.28576,82.567505,7.9327564,22.512625,4.8526797,241.03084,18.822506,58.519535,259.93005,181.23032,213.38165,177.02199,272.19278,262.0015,212.94722,104.61784,273.11627,28.70314,9.446447,52.064816,99.70653,134.8848,190.99927,93.67841,91.90527,40.21746,69.8679,385.71362,71.57057,298.40228,140.55988,119.53799,139.12311,217.67355,35.858902,177.33957,82.342445,11.607545,243.10577,123.77628,116.95192,424.20593,167.23795,79.23451,9.017382,80.806335,158.6219,239.26422,19.743826,176.97072,239.41658,58.362568,18.294569,88.81044,104.356674,86.81253,196.98424,165.32832,190.00749,71.67467,38.64423,145.76237,149.89531,68.37843,45.03276,186.87686,115.7392,163.94635,381.57162,245.55319,42.919094,208.50609,55.010815,174.969,157.40768,157.55194,93.37149,278.5899,69.60481,103.42966,157.17513,96.70595,68.85234,85.67088,197.16142,227.31044,16.951963,18.391283,25.230682,244.0713,123.71794,186.29305,99.58435,59.85584,187.82854,131.6418,59.602493,160.13303,142.42859,77.51974,137.50266,173.19528,38.568394,31.108341,45.227837,24.246634,50.39666,165.15056,489.80728,254.32224,81.96188,88.28006,388.56104,106.75724,117.734406,60.692017,39.892902,46.02446,46.027145,356.5236,35.519447,8.561262,286.01398,104.65848,131.35266,100.44058,73.242096,39.767094,161.62172,249.387,17.812326,270.3846,24.024452,9.355121,147.12425,349.3574,107.755646,38.19932,34.368446,169.10738,60.216476,228.07048,74.68426,270.51022,152.66345,91.864586,85.052826,62.358482,76.68316,22.615507,122.36958,78.2965,151.51414,228.48805
SPOT_246,203.64331,74.05888,174.78528,4.953299,82.96127,7.25227,217.78789,307.1458,177.77866,188.7816,431.86578,345.90964,344.0488,218.9205,315.85757,128.26073,296.0823,78.95641,178.64902,297.90036,290.6602,190.94073,58.616432,348.6537,71.11138,69.82886,73.61891,290.12036,240.45888,40.296856,135.86755,236.7436,159.02519,200.7403,242.09402,77.989395,154.35101,280.2181,73.292534,142.49678,76.10498,243.58061,0.65092844,44.00031,166.79141,61.070477,40.824425,50.162743,187.11049,187.3302,15.575118,98.457115,241.17685,17.94425,107.47944,30.629082,328.64328,84.543106,96.73364,142.12726,68.40987,193.95749,304.65997,89.22871,50.90102,122.349075,96.86229,336.1532,70.054344,52.467213,112.160904,77.21674,178.44717,10.220514,215.04272,294.72153,95.52121,52.338432,284.69675,454.77222,279.29672,138.66348,445.36758,122.85667,33.257458,83.965324,100.11762,208.45724,134.77371,11.307259,186.031,54.906086,91.80796,174.73645,168.13594,4.0305614,20.493633,216.13148,196.14842,112.65512,187.49342,35.224026,23.393482,55.514973,113.60965,90.2047,12.1465645,24.914389,197.01645,88.71906,244.82408,102.74651,51.06025,127.497284,425.75183,348.51355,155.84541,85.07393,81.60447,64.65188,216.16324,142.71971,77.03808,181.49419,27.180237,119.48704,81.607445,193.64745,209.7202,6.0856857,86.135216,46.446983,106.49951,65.752205,185.34723,87.64821,286.32544,115.08789,0.4970681,80.98965,145.11597,50.634727,81.24481,104.39175,22.30186,108.242775,25.40923,74.97091,49.112892,513.3092,156.34735,194.69864,66.65298,131.3346,90.15426,151.15208,140.4972,36.515495,111.20458,84.78896,209.4403,93.83115,91.38713,173.70981,128.79521,394.1939,46.20633,60.91212,112.71445,187.59604,216.89348,108.894485,192.36021,241.1666,372.41827,154.73833,137.55489,238.59375,144.11,109.25642,316.71326,200.79616,13.224558,232.43546,128.97223,38.379745,273.43384,4.636378,77.338326,125.87977,279.36935,93.79754,204.818,368.57254,201.25395,105.969124,369.94897,78.63774,144.09486,176.30376,257.98193,108.754265,80.26505,258.8901,167.20413,192.87587,433.49875,21.174316,100.474205,247.02855,234.87946,386.5031,249.08693,275.89923,189.60368,140.27731,351.66852,81.507706,101.49386,161.70584,46.843956,124.162964,268.74585,11.385322,209.83365,152.86961,16.625732,206.48256,160.9309,29.897732,128.42343,48.907352,98.65113,338.8932,144.76637,45.845554,5.5092673,141.88242,81.34006,101.95527,11.582423,85.50823,82.27884,477.82053,171.38718,254.60556,278.4466,89.3285,323.5458,58.783894,276.29477,55.090378,130.57277,101.754395,108.60319,48.04152,51.556755,139.74048,221.24263,32.71511,106.147385,262.16235,250.47356,95.93917,155.10606,159.6167,69.08329,124.96286,52.84887,218.88712,126.867,184.01323,209.8369,11.777458,122.30142,74.48672,341.3454,210.77863,12.535337,186.18732,267.68298,7.666552,76.71852,368.92947,94.569016,134.7592,124.79031,152.54654,25.140263,45.365177,318.00977,353.52692,391.64145,80.96321,178.7912,167.70656,75.733635,0.66130275,56.286564,126.846634
SPOT_247,347.57016,36.19666,179.70798,222.57681,240.33473,98.72492,504.2832,236.132,192.0687,33.970898,63.871857,211.07558,265.30917,246.3798,61.272182,181.73477,255.99014,1.7307775,120.54543,230.72995,202.70142,225.5938,254.88884,183.62167,68.23074,146.89053,29.53529,20.815056,401.7864,291.93878,138.70245,83.77161,59.19736,56.15939,395.63412,132.65953,240.26172,77.86821,82.16095,36.84385,219.04066,191.01172,89.550766,96.02304,14.761535,185.64146,209.6055,13.378344,386.37677,246.24957,95.02369,71.18251,65.71988,36.102085,19.855545,306.06845,168.66522,91.027405,360.3263,67.888504,156.94344,259.2656,106.46201,128.16316,184.1994,215.09753,40.875134,352.70865,190.58154,16.647089,255.24193,131.17104,139.07907,13.02437,197.05724,66.1748,349.98727,251.59721,186.99971,106.724976,27.52334,213.69032,94.20566,89.954956,85.69381,66.42351,116.331924,20.040632,44.779343,234.04312,89.39856,345.0013,35.468937,46.145763,32.827435,45.670776,170.93027,56.21979,108.54215,330.65295,31.257397,25.047394,303.1056,19.118156,118.827156,129.39557,176.26213,104.48293,153.52907,165.00928,70.55014,42.504375,238.96918,99.76676,148.84789,171.59013,65.6688,18.124115,159.13141,79.94919,8.472156,237.30214,102.7478,127.86123,120.68733,91.0044,81.4933,38.79051,19.000572,139.52715,93.23247,3.1876223,2.7856104,94.8658,102.83071,219.36058,271.14746,164.33044,61.29713,118.488846,61.09605,103.90024,273.6185,137.01775,75.728424,394.21674,175.3682,4.5145726,101.18234,192.0629,119.51385,179.4038,89.350685,156.93942,113.326836,363.61542,421.67566,181.55377,45.160698,275.51978,40.14706,346.77255,63.420174,107.436676,350.96436,29.82122,26.06965,379.24496,149.04083,429.74838,95.10416,198.84985,292.81863,138.88193,0.32562783,95.04724,286.41354,32.965794,5.996313,165.01097,198.43774,18.72394,14.434887,219.08,42.1259,10.329024,55.48255,214.65083,2.22478,42.84769,203.61069,27.16583,72.26707,210.62201,10.914534,167.83847,75.05316,239.27592,181.96762,189.05145,105.291695,17.299171,75.61876,279.0268,104.78696,121.60526,60.89875,162.45859,276.09326,222.32463,87.04299,46.50651,80.36518,444.9334,282.64328,32.753296,42.528545,8.580547,355.03418,176.60004,8.791801,251.15675,171.62187,104.33185,285.6992,41.46414,67.59394,247.6386,283.9426,172.35864,483.74484,196.98085,109.54706,239.59761,148.5577,274.02325,366.07797,146.1375,55.996376,47.203087,228.65712,196.90886,176.2192,241.22533,170.59598,153.13129,56.600677,116.17631,353.00452,178.9187,74.04325,148.45534,236.44798,611.69916,86.252014,172.67189,405.7492,491.5276,5.524209,65.780266,12.241225,111.89054,142.99808,42.22235,112.275185,23.989485,52.21861,113.86011,168.08742,169.84187,138.95107,14.330784,36.27471,61.44013,10.407393,19.522297,233.2462,139.84488,31.024328,84.9937,184.91048,59.89875,55.43796,232.44276,304.9277,202.86864,51.19683,328.54343,61.41993,8.185915,153.67099,214.7644,300.56415,64.27883,14.526825,12.490826,255.09636,170.26216,25.867954,271.3083
SPOT_248,50.012047,357.6556,42.173363,124.92741,7.049557,46.726543,74.078285,71.665054,5.3703456,228.50711,91.42067,1.9371164,56.97123,144.51147,5.6103477,81.44551,130.16527,692.4027,84.894325,53.985996,219.08994,192.76161,107.12753,153.49731,127.72394,1.4944866,71.0251,328.66058,35.268612,196.64087,454.74786,348.40356,356.54526,178.35432,231.47354,185.85655,115.42024,90.57554,134.03401,23.277027,62.634228,43.934475,47.287273,983.0959,731.2939,157.36377,167.82947,41.27862,209.87965,215.66095,12.5203705,127.448906,97.82047,67.383514,166.87576,259.38757,191.43745,54.064655,130.0196,192.60704,130.31775,174.66011,1.2020148,270.20438,170.97481,96.44879,203.43774,62.2104,105.09387,51.641987,88.03923,18.889982,52.51804,168.13443,335.8196,1.1593163,105.301216,2.8695462,368.9544,107.24124,7.539356,87.49749,79.3262,46.060818,9.758998,14.998635,122.987526,125.08225,438.07358,61.76046,303.81253,144.23062,282.35352,121.51788,37.51779,67.488045,194.06166,146.44629,100.788315,330.34518,115.21891,127.72554,97.56033,6.740735,77.9718,2.8222878,26.231926,17.508808,359.69696,144.05228,100.82369,163.23283,395.29315,261.48047,17.717463,75.613945,71.0663,379.32245,64.48302,147.352,292.86517,334.67444,51.501793,206.50612,150.9469,7.0296803,252.24028,93.43054,35.32846,64.13869,70.99111,248.29492,114.30416,52.732544,44.86414,356.08807,32.338886,110.185486,21.819786,299.66824,267.37158,133.1748,114.340836,1.6678714,116.36694,223.29881,64.04105,182.66275,135.75352,125.08489,67.202484,139.9746,227.06288,76.85585,230.60077,119.31413,327.35568,67.6226,112.09728,106.97055,87.960335,66.596344,56.2259,112.66034,452.93674,188.62523,169.5751,90.18046,266.20325,336.76453,293.26184,189.39236,91.81371,374.1407,149.79308,134.6191,141.75786,108.2212,79.208824,219.62859,33.693726,282.5456,50.60307,84.62888,118.7135,270.56436,293.08823,96.265114,37.31063,196.4569,102.29518,137.0703,361.8231,131.87956,219.0263,27.54181,23.741844,91.17542,35.9229,321.68488,153.9364,245.28978,178.45467,68.930626,114.97726,138.00641,13.823191,152.8902,145.79846,414.10553,294.03928,473.26733,43.45975,318.87466,105.197334,103.71548,411.5805,63.468372,156.86795,75.10441,493.0856,404.09845,308.3261,54.56789,50.915157,20.60481,167.0909,226.06865,244.46866,125.00897,185.5694,145.70486,12.559578,91.573944,27.50226,65.17107,17.815557,253.4932,266.0736,46.56246,130.48051,190.94783,73.34678,321.94052,12.795959,140.69171,376.18158,98.35875,227.39792,49.77164,74.2749,82.2234,355.87735,103.508354,74.32767,76.26114,228.2953,73.4634,290.02243,107.37596,175.05498,178.00668,95.853065,233.4533,119.75856,244.47961,80.85142,124.03903,42.971478,103.41109,16.692059,102.37092,34.35813,68.41074,201.23112,189.73582,327.23373,89.5626,270.32013,41.082775,44.08144,303.33694,96.51025,252.84341,185.34837,61.1032,8.907025,197.10312,12.073832,65.23099,158.9135,373.2892,133.35602,273.1344,209.52675,194.60167,93.24211,228.37708,72.39772,191.23589
SPOT_249,15.20217,63.29422,80.963425,7.5417824,35.354748,57.889473,238.04935,7.7050104,112.74263,190.90668,106.30213,163.74522,709.20154,97.27594,78.45619,7.642459,212.80017,171.53348,202.453,251.30063,396.61356,214.50497,120.89252,346.84818,256.28076,126.46712,72.28475,48.923904,243.37257,189.94278,322.5436,78.95137,136.07915,274.3547,30.341711,293.38034,64.44028,371.1756,80.72671,119.05117,149.26006,13.169966,69.74366,183.32744,180.11606,68.65343,64.50698,140.0196,192.45384,19.314316,307.31497,189.37988,61.623745,82.66241,48.80626,8.806066,152.49138,222.43811,50.917408,177.55515,104.25048,48.317436,170.66835,247.2771,297.14572,180.42159,7.8330436,192.15271,275.19803,83.214325,83.06439,121.9965,34.948715,112.694855,218.75389,223.18526,27.637774,105.32643,142.44275,117.28533,209.9304,52.480267,394.72018,1.4537997,42.31685,98.10091,100.5702,137.9369,68.05464,202.53828,303.34744,63.743114,37.796432,255.07039,47.960922,70.9456,9.017492,4.4553294,2.5856884,83.776344,360.99194,59.096375,55.756752,238.92584,56.804146,95.21362,5.5611315,57.878883,111.13037,41.118614,194.9223,107.13603,144.90172,89.65215,154.04262,141.41191,231.17903,268.67963,156.4373,343.66928,136.80682,221.87392,78.11865,96.12255,4.3144383,312.21158,259.9678,172.401,82.41942,328.88034,164.65869,174.22995,30.280405,169.35,272.5474,77.12703,26.91393,63.88139,189.62302,177.01588,133.53941,20.870975,66.38027,175.5773,109.38322,248.84561,146.60722,170.94258,87.23601,88.07231,127.63461,76.77368,0.4338794,275.6358,575.26953,368.84375,22.334852,19.43849,184.77191,107.713264,390.28857,435.23022,333.96304,10.348894,336.25476,35.626358,123.13796,30.516851,92.7555,260.2003,93.90668,218.82332,113.526,139.20715,12.211289,98.14435,196.20496,179.42737,128.71942,82.214905,93.10112,32.028774,28.377542,138.41017,147.95,290.95615,316.6242,58.61106,76.45265,142.16653,396.76962,218.41269,149.28665,89.780235,130.73338,91.01406,60.52383,43.142067,143.11711,89.015854,154.21066,26.392027,7.6589293,90.6323,249.97595,73.2579,167.7903,25.585833,184.38927,221.78352,136.3123,356.305,32.597626,206.5148,205.00789,265.1641,236.58372,197.3742,97.418594,67.254616,283.6312,52.537533,30.715218,270.03223,49.58514,60.06852,52.089085,153.10123,279.5042,125.89598,30.773708,24.65176,47.925266,111.688385,46.254704,219.27527,109.12422,221.9503,2.184238,70.48183,98.1886,2.874421,445.20862,57.06113,35.030964,175.46458,109.64195,228.68796,258.01624,188.36826,53.782913,96.65843,19.457394,562.58356,26.158825,14.459702,154.63129,39.413906,142.64862,252.72784,259.08252,7.77182,11.6635895,149.94336,237.21315,22.947945,65.9194,188.55588,138.85617,141.20169,274.70312,84.21388,60.093975,219.38748,296.29678,216.23613,250.55441,108.27559,96.11083,80.96379,57.63871,82.66201,25.646975,225.49857,144.63466,106.40082,5.769083,282.87735,53.184566,161.82588,363.49573,136.97293,156.16315,214.49008,12.660743,47.336514,256.68665,38.77635,181.53987,30.819782
SPOT_250,158.11957,111.398575,203.1948,208.3411,134.6064,133.26366,67.72749,174.79279,1416.3353,1382.7324,512.56464,294.535,12.36727,156.17917,220.4029,64.482346,24.813421,63.334877,74.32854,95.69168,245.437,155.37039,18.353418,274.65152,445.12482,72.03224,205.42444,336.12872,305.73773,61.539204,293.6486,489.19348,153.24297,219.82635,130.6033,9.215492,55.025074,94.493324,95.433426,187.63365,30.157873,8.6593485,68.31649,97.4196,163.92845,3.5188444,93.702156,159.6759,112.96459,220.43625,210.92096,98.40522,151.4368,144.075,5.392704,227.72507,229.54242,2.7337728,360.6875,71.709114,205.95189,113.8426,62.77517,44.63111,212.04396,112.60184,35.147522,56.19443,105.67645,359.88663,43.027607,68.36688,204.54118,251.7644,111.721054,104.80411,80.98475,97.710915,196.57187,52.2347,10.150346,181.18901,59.746872,220.2312,79.37857,65.62933,2.4589083,295.42715,501.52643,102.055275,124.239235,78.72688,40.904938,44.645092,19.196314,105.33918,24.024992,67.31505,236.56721,174.06923,33.365322,154.51007,70.82892,18.218386,158.33423,292.33188,235.17549,79.83957,120.298805,39.36859,8.903022,163.30492,51.08701,44.35624,203.7719,28.952528,175.9726,25.41703,22.962227,42.150192,76.17348,48.44551,72.579636,74.53831,189.51717,91.04676,7.611625,86.33094,186.96477,420.63702,542.98413,136.49635,86.8211,165.69789,56.619267,32.751648,79.41461,331.85693,71.16305,117.06145,126.67109,44.53391,328.79935,243.26547,52.99014,42.612083,114.298935,158.77585,261.33768,52.509014,80.85683,90.979866,160.20636,140.13506,79.9122,403.90198,17.267244,81.65487,68.182396,99.633896,208.3403,368.578,17.996511,98.03267,15.855558,169.80214,90.332275,235.29034,21.15033,86.2744,62.391582,120.85394,62.721024,166.96207,176.28435,56.215336,89.53705,209.00609,243.61644,84.396164,110.45572,232.3135,134.92668,35.834824,194.89386,112.8533,135.90485,109.05475,67.282005,148.87045,108.15237,201.75864,106.89964,389.42786,96.29657,119.03102,205.0655,11.662006,210.53871,61.077286,38.979286,113.87044,120.80769,156.35541,177.85757,246.72102,139.50214,155.79564,47.066013,101.57851,12.325561,87.74669,276.24908,63.16752,352.80338,131.64984,53.57084,160.38942,114.65474,209.18184,132.651,20.507324,86.56726,24.276114,266.7617,29.330147,212.33502,82.471245,150.15547,56.79349,29.267946,51.34509,216.18094,177.5738,191.0354,45.94352,58.536293,36.983513,245.82785,369.82333,31.004395,304.76633,94.23732,123.194244,74.86416,107.38558,161.18555,94.68762,87.84822,273.80783,87.72759,140.35211,369.53506,40.301765,90.88263,3.7739813,42.606693,395.66763,52.586433,198.45671,91.46887,104.218376,11.500978,53.959404,83.04389,431.61694,255.82289,293.74756,2.421189,149.1428,53.194855,329.3067,278.86298,64.67549,90.09695,144.10959,298.96042,246.97493,473.5779,245.32396,211.71274,12.5828285,280.50937,72.95214,46.852627,146.69458,5.4092493,234.19969,126.97098,160.92445,131.71706,6.1851807,5.321763,59.835262,165.69835,173.28192,234.98352,223.90405,113.82734,316.5538
SPOT_251,31.212715,102.11037,83.09934,147.50943,80.09181,28.752726,471.37167,84.92969,20.347748,340.44843,138.31833,69.41159,327.24338,108.29477,196.10896,24.203514,271.74597,1865.0632,220.41998,149.35185,677.0532,36.742386,229.06847,110.69187,192.71562,99.93108,8.404365,30.35047,0.6635684,28.051529,34.960968,18.389584,54.117184,154.02104,47.43315,59.42699,130.96008,75.77764,149.34283,61.41152,101.0973,60.488136,132.60454,150.66354,1072.8093,208.45099,37.229374,72.024445,224.21918,226.42737,157.92545,252.74715,53.769264,23.665308,154.45462,150.49397,212.67746,98.83388,196.42595,137.67491,213.0381,44.745514,457.06705,80.23206,113.79523,181.17389,121.020454,73.4999,174.05109,237.25804,196.59816,152.99557,33.01203,293.67795,325.98615,117.211784,3.939083,12.666095,10.725368,3.1502924,94.1927,189.23807,90.38782,202.9635,378.70187,18.8997,32.296513,318.7433,139.42924,2.0243273,253.80853,174.62405,256.31516,143.67715,102.50934,78.682175,91.20561,174.7198,0.9085562,156.10718,193.17007,25.459951,121.911156,12.9232855,373.99185,37.231705,361.52542,41.01112,47.951233,82.75556,145.57588,104.55417,281.5049,173.6702,23.56906,124.91807,347.03574,131.25804,88.60531,252.37671,39.65334,271.66806,151.75523,36.079105,248.75647,120.39211,45.62238,492.7884,74.197205,207.752,165.83331,80.56283,97.384,271.64807,58.55959,103.43657,22.930433,55.052002,240.71722,100.384254,23.290846,43.11698,9.176024,96.392426,9.242032,94.44164,161.76405,381.21906,91.18967,121.40826,208.43674,167.82358,166.60715,105.06291,250.72418,228.79778,210.40576,360.65323,247.52275,63.877724,23.751125,148.03714,182.5818,82.79604,83.63367,384.5054,133.91866,178.55159,373.84122,280.59622,22.459146,256.62512,173.48543,104.54706,107.332985,144.1083,48.467575,17.749413,47.653084,209.31923,247.97585,24.083796,170.32101,19.715761,559.8003,56.443436,244.61127,39.78231,84.891045,102.65266,78.91993,46.43746,100.46138,166.38771,139.1239,102.12498,113.4541,103.22476,133.7309,15.707331,474.44376,208.29495,310.83575,40.464855,284.6902,39.18138,12.791539,2.8845646,457.38074,44.019268,103.92211,29.336584,25.696236,134.90158,317.11484,131.82483,155.55806,181.16069,145.98935,263.14453,118.085304,94.04321,34.192852,127.75856,77.69487,105.80132,328.40067,176.71823,31.630753,168.06648,287.26614,316.70068,170.34084,100.42363,14.267028,171.54579,396.9918,323.25705,24.955545,64.54837,3.3015344,57.710796,160.45355,201.25644,368.7192,53.61736,61.59988,286.91513,381.0551,121.79602,157.15343,5.0972953,97.18688,77.36651,99.06002,247.79118,255.16002,103.90632,139.80792,13.185074,76.80133,49.28385,188.27728,47.79474,195.89001,202.00049,106.67214,95.9692,9.524992,33.77746,93.441475,15.612275,257.08432,361.64075,27.355085,19.52159,195.73906,28.078709,295.09738,105.152306,48.326797,0.93492776,337.53,146.9098,238.42117,178.58206,803.3343,111.42907,58.62074,169.41676,17.08033,116.732796,313.46182,111.25772,118.22824,177.74008,97.415764,334.08936,80.723206,0.036005303
SPOT_252,931.6543,291.8973,365.9236,114.164055,438.5325,307.9258,233.92804,142.75174,207.4104,46.11287,37.78036,171.87468,55.158627,88.63172,223.11516,476.9863,163.57654,248.51727,371.73495,329.39893,58.658962,278.4822,58.63558,24.48349,31.776455,460.34836,421.9416,55.67324,234.43335,49.647617,146.61543,70.75771,152.38092,44.680653,59.81817,191.25801,662.0847,234.95102,118.62263,399.05606,126.269745,44.11062,391.22345,21.223955,209.6173,14.034746,34.26361,154.19673,211.0412,171.87656,202.67342,283.3329,206.93384,299.56268,37.960865,72.08796,268.02383,29.549307,197.56818,234.20164,5.128381,85.417175,215.35199,128.24306,8.087128,85.25374,130.99379,108.732056,85.98116,139.96869,22.142096,138.81322,439.89224,213.39236,40.50135,51.23133,26.153667,20.050467,139.73512,135.2793,15.33767,197.88214,38.526077,150.44174,218.80482,109.5226,62.185867,165.39633,58.419537,55.21812,46.364197,79.07351,137.19836,64.4466,8.578066,138.93822,193.4712,545.26135,235.7347,22.684267,6.8022075,168.47005,164.0087,48.879524,54.459965,481.74344,130.98708,149.69727,45.01616,90.68163,70.06516,85.26893,51.37021,77.32024,102.048225,64.89298,95.15337,8.3790655,115.15391,86.75039,187.6338,55.85773,65.06968,155.85753,78.51299,243.87547,159.44482,209.96533,61.23622,160.00035,138.93103,140.63777,18.844296,187.81857,55.25183,69.91998,244.3932,67.36924,207.11563,236.49382,95.25109,235.86247,247.1137,337.39215,195.77467,56.439053,77.33274,452.22388,39.58207,68.90767,143.85986,303.4174,31.196009,96.06092,16.422737,196.35437,55.961876,196.52655,25.273361,333.8308,273.5844,60.353237,189.71657,54.414993,6.694418,132.64056,27.71442,326.4076,5.479048,327.37216,108.836586,428.60895,178.18188,152.93916,165.32872,244.14716,231.13928,285.87955,140.03366,65.39264,126.415115,47.98621,373.17474,56.689568,43.950863,73.63313,57.333366,44.129402,204.1424,86.600105,156.80861,59.548985,39.50303,66.679054,165.19185,44.712696,34.50707,150.51768,112.125175,21.456806,236.89792,61.10262,101.116295,190.37448,307.1449,211.74335,163.38141,122.500565,98.82144,135.31659,137.59756,67.9296,64.58196,27.511467,91.790924,145.07301,91.58173,31.181873,97.09911,101.9046,78.975266,10.111503,35.77461,154.51123,9.777491,246.63152,360.4324,236.72311,325.81558,71.59407,53.32667,225.56194,61.78488,164.34218,110.81164,176.92563,88.74385,131.6032,104.38803,94.154594,7.2830787,15.669802,302.25217,75.89066,24.18848,280.0193,50.27728,50.91718,247.56096,222.78049,68.93884,158.33522,444.47433,357.3105,21.11376,113.07739,151.3914,404.30017,116.12741,42.300396,293.05594,23.061317,92.00695,376.56726,306.71387,272.91806,125.15493,76.73815,70.04954,84.079666,7.6649194,203.56635,64.06351,59.297203,261.5784,387.6438,149.16776,99.11137,81.78436,219.57892,294.0464,60.02412,13.601091,13.180704,86.165054,148.8371,67.555336,334.2603,329.2605,214.95946,109.38002,29.565138,101.884865,172.70993,146.26472,224.8542,186.41086,146.27016,144.38316,181.34525
SPOT_253,7.0783863,174.38838,241.59209,26.427208,197.77968,275.8008,7.160077,340.019,43.128693,203.90709,219.47658,21.099422,58.909313,6.7454076,78.52398,90.568855,40.070515,118.235435,66.1689,201.34438,2.3312426,217.32066,154.09068,208.42422,198.18185,236.37839,195.48334,0.9855148,132.92365,243.47151,144.82642,144.55017,28.429258,307.98605,6.79937,65.165794,56.572845,404.27298,135.57225,198.0206,4.3924227,84.29903,117.262344,121.11976,225.15477,264.2408,120.80883,96.548935,458.11542,85.247536,121.090546,9.925881,328.55307,242.27649,271.892,264.40607,233.7327,346.9871,399.6764,246.48267,108.862625,138.15965,124.9653,80.16788,98.59337,326.86816,103.81489,66.72051,177.8335,12.364961,188.41837,139.39925,126.8987,83.63458,154.48479,330.86328,140.26607,65.48293,319.48154,49.41516,110.58489,172.15796,31.265768,12.259006,29.972656,103.10411,89.29827,191.16533,197.42264,24.805962,4.2710743,256.52673,150.87303,240.5375,134.14462,15.406648,268.194,93.740715,55.962242,243.29909,47.566116,359.68036,90.64405,24.037922,323.40753,175.6751,96.74314,40.05555,90.897896,362.4206,143.43991,62.792744,6.238483,123.913536,346.02658,121.06141,287.97086,342.39856,170.70763,101.75339,24.091942,122.3413,133.98366,40.529964,317.30655,135.44864,238.62285,126.13799,5.872554,98.56011,210.26015,290.77896,15.167623,150.9099,194.43707,83.45218,101.28143,186.13878,310.90463,574.0658,155.03116,202.35512,311.4803,321.8407,156.38487,225.7739,92.11231,312.47513,2.1517031,118.029076,54.962486,129.4457,97.75811,35.09969,69.84109,300.00708,365.33124,154.71509,94.02084,227.72806,330.17154,153.37079,120.47274,153.93787,76.77393,91.25198,223.55832,180.00687,54.076805,346.233,13.942932,81.9006,266.97504,130.03458,216.41931,6.140151,86.28259,14.546123,216.5109,51.84314,150.13159,78.30881,159.77673,86.757164,146.24017,6.3035555,358.12546,243.48335,116.26503,136.00049,135.81216,12.410795,141.65929,381.86334,166.38919,72.66756,99.867,126.20173,15.967159,3.2224362,208.23813,280.80603,281.64014,297.25906,20.813477,70.705,241.6922,47.49242,63.604313,50.074375,88.047104,197.98471,79.15671,158.78416,107.80223,167.13495,90.60784,114.82956,36.683636,242.37985,432.8845,205.63005,203.24919,4.301267,460.71365,35.752277,6.4144025,68.88188,47.598976,236.48334,125.48713,68.50349,142.08675,116.57609,6.491231,168.61334,22.273314,86.70656,326.11514,289.69128,144.59592,55.964523,140.61732,131.03975,69.612434,82.57838,40.29453,79.925674,56.718903,91.87471,71.36824,244.91125,222.45366,124.97775,117.52423,56.005226,150.77841,313.1188,33.023853,5.083053,158.7448,161.2493,131.3642,52.740208,319.33472,394.90686,143.24966,46.8782,88.32131,104.66867,94.80919,75.66652,96.14433,188.93675,395.6406,325.6825,233.95264,25.484695,142.17282,243.14339,54.992054,6.4835706,194.16856,5.523255,186.62712,279.27054,22.934105,22.3985,112.120926,209.71411,33.028374,63.047962,71.86339,28.387703,114.46954,186.23596,216.88855,155.18108,167.57166,53.772835
SPOT_254,80.633705,75.70658,151.03685,387.32404,79.385864,106.78721,283.14078,93.06231,2128.3962,134.40108,237.31535,124.50969,55.353714,449.21017,116.55654,337.51413,10.06308,19.560032,143.0397,121.66719,31.149237,139.14583,147.6898,211.17116,620.2653,232.4547,272.44327,145.8906,146.31944,80.59687,1495.7355,233.10587,124.19758,22.074917,205.5786,106.34978,349.5654,12.907784,92.33589,29.265991,71.45776,163.85217,625.5067,60.95014,143.14003,261.322,126.15633,88.765495,59.41066,108.423775,183.35143,12.776059,145.00267,68.84815,184.8239,36.104336,226.65295,229.62794,236.02252,196.59497,283.97314,84.26413,22.725437,19.11812,11.884547,111.4723,168.98315,0.73595786,202.43681,6.775489,85.35731,110.861275,236.74464,360.49622,21.694996,222.52463,36.34351,86.86941,143.10634,76.50947,401.4823,336.48923,36.233524,140.51128,50.382202,132.8548,36.6526,134.11517,79.90001,51.24338,218.91812,23.46154,343.94992,88.14704,210.3054,362.03873,212.26303,467.8336,175.15976,209.17413,120.62216,130.35669,144.22449,26.931925,60.63057,42.98593,207.10712,93.576836,362.19028,43.878014,225.6351,442.06183,236.82677,192.0367,68.15898,414.62094,123.17444,130.1978,113.07945,208.48634,69.09989,261.84103,148.85645,60.515934,113.760445,202.72035,64.51172,60.166824,96.11469,2.8507986,42.012653,185.8207,132.90543,148.15189,41.89964,11.328961,115.579414,349.51837,7.7039547,6.517246,117.272705,139.1184,121.91259,7.0270143,224.4669,204.87144,156.50058,262.97327,122.994934,168.25606,339.10504,39.770916,244.43361,128.1115,158.71477,503.36554,147.00143,151.51434,368.2165,36.822002,353.51575,185.35928,305.8206,135.65439,96.03929,157.2692,414.0375,33.6072,239.0631,102.46616,37.26611,86.06349,243.18109,186.50786,112.83329,115.51886,13.454125,163.57426,168.61218,193.44902,129.20248,94.9374,151.21782,32.184433,210.61627,18.589514,18.911077,411.7795,64.85197,151.76021,165.75677,410.2763,133.31105,126.25012,4.821764,131.73485,223.30086,50.13219,241.44917,27.514017,147.87575,45.20154,354.48425,152.41208,39.199837,235.33768,181.60246,475.67093,58.280132,161.07346,15.092884,150.86552,21.697315,222.03146,125.397255,18.792826,123.64533,58.519867,95.35821,225.71828,183.4385,52.132305,239.67453,325.9637,185.51276,68.867805,18.343727,80.0705,168.5152,66.38287,56.95458,223.7183,452.0354,314.28,168.86362,85.23102,168.14703,160.58571,70.04632,229.9756,420.33112,25.120733,254.8198,30.163916,128.93867,201.52907,200.49353,14.595452,21.827305,259.90723,165.0284,132.272,94.73086,117.274376,451.71838,12.519842,31.018036,24.440321,122.04691,13.052524,349.21915,74.35401,287.16705,78.714714,18.766201,271.13776,84.21487,172.98445,71.31251,12.604036,125.76242,207.69473,15.420049,58.913326,39.639027,147.4878,8.54265,88.86332,250.52936,311.1126,169.49297,283.42645,260.43137,272.62173,90.50508,37.020878,16.286648,247.9493,184.85506,338.5554,52.089962,282.23975,303.97464,52.757908,205.17212,72.415016,150.02902,123.71382,169.32886,35.944332
SPOT_255,152.83423,107.97598,80.02898,669.45734,60.45663,188.56363,243.9136,136.50003,181.05301,354.8423,436.23743,175.02885,65.98499,75.684395,157.2769,54.135277,18.888014,342.93488,105.48275,41.369186,349.15952,96.14938,24.841064,81.269325,123.56859,276.7634,73.29203,58.212708,87.230446,510.19095,28.410715,148.17711,463.11792,295.30853,52.72298,305.10724,1646.5414,42.888866,65.552414,29.770273,81.9554,43.282032,100.299164,118.208405,127.80799,234.49937,80.87491,130.932,28.200657,68.84758,122.075455,242.63416,148.3397,58.07359,264.01074,7.6627426,143.04008,30.577745,1.5558388,190.00832,7.8582797,1.826896,9.336484,30.155828,272.9853,130.4713,187.63963,50.68294,62.235832,67.790115,266.36905,26.330206,102.223526,269.5204,217.66635,50.80608,48.11676,158.77979,184.33363,44.785275,5.2754464,181.82051,169.63036,233.60538,8.183012,174.59807,29.746004,75.62339,313.87415,154.92726,5.219056,84.59364,113.14103,178.87167,73.04237,215.29626,299.8017,38.815876,345.42502,75.94885,80.92996,14.733277,23.227684,63.339985,75.77892,230.0282,233.57207,65.51671,221.4801,49.656353,249.44601,197.78845,23.738209,114.82363,88.08243,90.8972,388.39606,24.976768,126.26803,99.63282,361.28073,185.84297,265.06702,35.02853,151.16956,66.1269,117.758446,45.314514,102.6583,16.935556,136.7605,134.96686,110.76033,246.63618,16.287434,65.01774,27.98091,145.69193,149.8908,132.98544,149.50882,476.25873,169.24265,74.03197,113.82419,58.852573,227.18626,30.247751,344.68362,278.58426,111.301285,175.42929,104.75248,276.07147,176.6884,120.77064,186.84901,178.53897,62.82357,113.610565,49.12781,240.13579,330.60757,99.61386,197.18456,96.25228,161.26282,139.6521,71.52082,71.900955,67.71195,284.73877,144.57648,526.51013,62.664665,203.90996,332.86374,28.795475,69.08209,35.094448,176.01993,242.35582,40.195393,29.606516,350.77267,103.24817,293.14612,120.705574,23.373257,159.46704,107.09464,158.6674,92.45539,41.209045,56.500477,154.5967,270.8981,187.04524,153.5012,367.40796,85.53215,232.08183,242.03012,47.1459,163.09393,284.0064,264.10962,96.398155,60.55619,272.45062,262.0693,128.03142,95.37241,19.454796,17.623247,3.7312088,248.18613,403.9335,136.89778,148.57182,142.33096,198.9892,246.46593,280.2121,81.66186,145.27328,225.74191,118.69771,116.82119,78.936554,296.3915,410.45264,32.25603,266.7803,200.22884,116.91364,87.450066,15.919526,190.32721,407.3238,206.48877,23.432169,46.693916,193.3794,12.548242,283.79846,115.804924,389.1949,13.105916,320.58505,35.86639,61.202614,198.39459,124.332085,197.95314,344.2298,319.4323,204.65459,266.86975,139.45729,203.65485,57.98945,82.58463,402.06223,59.36696,197.34698,54.99213,82.40788,88.5615,14.460758,255.3479,49.87122,104.31304,82.41498,106.8092,94.4116,136.04842,39.152534,3.6625168,155.12509,144.03517,141.16443,1.9800984,54.753494,37.674416,158.33693,31.163078,17.584234,58.73541,264.56125,193.373,13.400066,287.0616,92.33908,165.77626,9.936765,226.37367,36.99995,84.73932,226.9455
SPOT_256,104.83986,74.56313,123.88839,222.94936,134.03987,76.85017,24.793793,107.075005,247.61064,181.29832,169.21617,372.97772,54.968784,194.16872,63.7116,125.713005,133.32648,122.00289,63.97622,25.650547,73.03222,94.59757,55.869453,163.30602,213.95052,178.48651,34.79189,212.01132,130.937,79.22291,326.7245,332.81625,227.22012,5.0900936,66.667465,118.71913,11.454055,164.64218,146.21805,17.037424,478.45016,326.69772,401.73398,326.6438,325.0672,161.27155,9.257041,95.12394,56.950695,119.848076,131.4665,17.446257,155.61578,98.76341,128.31454,56.15922,240.23248,265.37448,253.40526,239.57559,81.88563,115.31932,88.72971,66.40672,0.6917621,232.00131,103.54004,64.51904,381.57745,339.72498,47.72136,58.596134,124.38293,59.82013,132.4338,261.7151,108.649765,190.68036,231.55373,158.48897,378.1084,141.00557,3.1792762,306.42145,166.06665,184.80684,164.95958,338.0347,156.35301,146.8361,124.50747,50.96766,204.05214,32.056446,178.77536,12.427603,146.8016,313.72852,281.75308,107.99343,122.00479,41.704224,106.6665,106.8732,333.54236,140.21075,137.58139,300.37122,58.111095,56.425068,152.45511,327.14743,7.2422776,53.880997,70.32795,52.975292,132.79787,78.105354,129.85228,186.9856,312.6082,249.40782,335.31882,57.213783,11.691327,26.08703,261.1765,332.52945,9.925303,66.55562,98.8932,37.23839,107.94867,158.6425,176.60143,159.74855,27.00044,220.12993,38.48485,26.080143,245.43564,395.19928,416.38846,49.893272,183.2681,385.65976,260.23953,169.95116,170.15417,129.0133,24.716618,114.9578,53.947086,188.73357,413.5798,88.47505,1.928307,270.14102,104.2575,196.48608,154.82568,331.26068,68.72083,341.3061,115.31119,455.89798,100.925735,328.44385,91.79741,336.76926,129.4525,68.789314,83.682274,198.19896,96.48388,268.50647,26.603138,26.707726,4.2485857,229.21483,48.199726,249.99812,236.53986,343.85855,277.9514,5.1667724,289.38306,58.76488,64.19132,66.13155,466.02402,335.81415,307.32132,230.14362,95.87177,206.58717,367.40503,244.76996,176.1676,30.080706,236.55418,75.04451,38.163628,412.26627,187.30539,133.3232,282.1327,155.90663,132.72852,254.65015,157.76517,39.727226,175.56018,19.278128,105.45451,128.0712,89.05894,250.68646,317.25116,382.79782,90.61891,77.80678,142.858,23.314533,249.34529,112.70434,48.085094,348.94626,69.831955,162.97897,127.80373,90.97475,130.57947,175.1958,121.380356,94.21095,41.761356,52.529133,139.01228,212.00143,131.96657,45.13844,107.07345,282.2236,265.62393,153.45267,219.7093,232.9119,129.20938,6.402448,82.923225,50.892143,48.649292,68.232475,110.747475,241.3074,282.9922,72.307434,505.68103,350.1725,111.899376,323.96185,93.99129,24.362026,170.59962,103.35002,16.03635,195.15367,476.0827,57.32555,296.23163,146.65797,134.65948,120.84798,338.64197,42.25136,126.63334,191.75229,111.10563,160.72372,131.14946,48.11969,156.15047,60.865273,186.52438,44.15992,249.67319,105.82816,356.30017,94.83011,351.98846,18.910564,2.6257143,95.48885,368.0761,86.14088,170.56125,159.1175,160.87184,57.14202
SPOT_257,313.69394,51.018734,137.84386,71.89458,104.20864,364.1594,41.728485,62.60564,126.502716,500.87515,910.31506,419.52325,330.90405,281.65408,62.60295,122.62046,11.36608,212.0945,96.53156,234.85822,152.27884,201.21371,128.65834,68.51857,8.689417,0.6232143,103.55184,134.94489,1.1253078,112.874435,1723.9001,798.89026,368.09927,164.7656,266.3401,40.78872,159.39194,148.99414,349.13675,72.55768,191.93442,402.2307,26.046127,29.384396,326.5662,334.89026,119.36102,145.37367,207.16473,13.128546,23.392593,157.70409,21.660725,151.76093,197.3501,26.09129,15.670931,331.08472,49.295322,47.78812,16.268236,86.65254,170.80244,157.21132,121.80322,238.81616,52.456787,100.88339,24.795021,31.809534,41.310207,205.61732,9.7297945,49.979095,144.64561,4.296181,250.76161,119.63877,310.6897,35.414165,117.47134,282.38193,156.87581,65.786575,25.843039,47.024757,87.78357,193.2118,81.878136,153.30202,241.94489,140.62424,43.3943,125.62293,44.932724,38.186398,144.97568,270.21823,303.49783,67.613335,367.92508,242.6618,177.95992,34.18226,251.23763,114.9804,23.44197,422.00052,93.75856,195.10204,147.03282,249.43793,53.83198,37.289,213.44754,270.1662,232.16008,85.15394,258.67493,89.95027,15.96184,189.31642,125.327385,10.617094,46.47031,100.08247,2.861756,13.128213,49.472385,175.65952,125.66338,242.74779,46.631096,85.76072,219.24228,213.79367,207.28519,53.800976,110.51742,258.52933,409.37857,72.98466,258.06647,107.40102,71.87327,224.5356,106.27104,259.3697,259.77954,14.91653,261.41968,162.01585,116.13066,4.1467676,164.07947,65.725624,114.71784,258.5932,164.72256,138.89003,219.47879,259.82706,107.131516,155.63419,26.62685,572.94775,181.81946,124.74294,258.83084,145.21347,55.198112,35.106987,205.36119,117.27252,290.97964,130.84604,108.53457,355.24527,15.5363,274.326,245.4942,306.76904,85.26575,189.04666,60.71314,149.78778,345.61465,62.18996,1.5705903,282.0809,226.24007,180.31242,36.780464,23.161654,259.7179,104.77588,84.72476,312.77,40.465042,107.42778,56.144802,237.89876,107.63111,18.226063,176.85042,86.088066,56.183315,50.76752,172.10786,205.82051,227.49966,493.56302,349.65887,214.43927,144.66948,292.87445,132.5639,220.82864,242.30177,12.009,211.1278,164.59315,227.7198,335.86197,148.20245,289.433,17.13071,112.13209,79.7545,241.46884,97.02427,187.70624,129.54762,47.184788,22.91218,247.13406,243.05847,47.276455,70.86582,121.790016,333.92206,149.16762,77.49075,44.849796,261.85757,64.81524,152.76842,179.5989,174.02716,107.31674,64.13392,95.88778,182.53937,29.3569,139.15677,87.39278,64.656944,195.74054,180.21092,55.20049,224.85352,9.419509,17.222725,411.5698,134.17139,35.010914,219.45287,135.94571,141.36998,59.84348,37.275585,194.7827,72.90567,18.75664,128.31927,222.83087,80.76647,211.11343,272.15826,131.54225,21.621328,315.22705,4.4847445,310.9305,227.85046,135.03731,313.43756,210.39066,96.49482,34.86527,245.242,251.45422,201.39607,169.35982,49.685684,331.75714,78.18668,38.117565,39.1645,191.1145
SPOT_258,543.93445,171.34937,43.31188,764.93176,568.5549,324.05698,139.29785,104.448265,73.49128,178.15826,249.14378,204.01555,191.96143,59.777267,6.269268,1407.7458,258.35223,15.169115,488.0299,22.51842,152.64478,250.28624,66.88338,47.574776,68.706375,2.6483579,383.49722,180.60927,112.03311,207.10405,216.889,68.072495,122.32341,22.739899,40.37182,54.130066,620.18823,123.3598,42.82762,309.87244,402.41776,212.18639,69.82397,86.93869,105.202354,159.87842,80.92402,107.01292,96.31761,127.03066,127.418304,63.157032,216.83426,136.02104,380.80408,0.6011454,78.344574,47.65102,168.07198,56.953716,40.022465,318.95,44.61444,223.53813,77.24821,91.63094,213.33516,55.466496,136.85306,16.024967,113.94629,253.24883,79.451416,207.33928,11.69979,13.984903,132.37764,16.461765,305.13556,76.28733,188.97928,68.73729,121.81143,252.2894,54.611958,151.81113,376.27432,323.03326,150.54382,101.167816,155.78099,195.69206,65.65517,114.629456,25.349762,83.57084,274.0286,245.77658,326.4681,388.1989,38.492943,81.374275,96.17517,178.14328,37.87532,18.256775,108.643555,186.70999,217.72151,35.768517,307.83002,43.067593,30.547651,343.38147,110.67094,30.49578,43.18782,302.64215,103.65385,40.550957,52.809563,27.303606,2.0144396,197.65984,261.68768,249.82198,140.62195,225.87325,61.1974,213.14226,224.80405,91.44703,224.7529,113.421844,231.86076,205.53154,76.101326,104.0925,338.46838,92.43661,125.73388,324.48813,105.32614,213.33163,61.5899,294.67258,70.19883,130.80765,18.717922,6.3377466,142.73894,75.29416,105.31708,50.498962,314.16382,36.981396,234.6154,301.36935,340.11365,71.76326,165.77737,18.351797,24.51683,172.13388,192.13445,24.251698,219.40396,210.43211,194.34718,199.16183,93.41737,314.54407,54.696712,416.45105,85.42008,119.64607,186.13269,101.811775,145.94337,368.86606,200.89943,212.17868,55.476967,116.1256,355.7588,118.33892,208.92781,44.129158,205.16121,327.7136,129.9372,235.12576,174.22733,393.2173,26.828077,57.67888,301.84552,40.621265,110.27865,77.54938,32.149208,189.4232,2.93795,165.4167,205.26572,303.45743,270.50903,232.24911,50.896355,176.63985,213.55682,235.30353,16.833426,318.8352,297.72482,3.0190713,57.623726,211.61613,45.612915,232.14873,40.919926,112.89615,192.41908,69.605316,66.29043,18.069191,193.19058,10.298674,21.954018,237.086,58.35805,58.370853,272.81744,116.72649,264.4701,89.61339,127.83835,160.3241,87.82921,127.39261,170.20752,115.10493,156.18584,303.0892,22.961939,140.84976,81.21734,208.87196,167.43015,21.756083,14.035451,1.6615859,382.47507,104.82605,14.257465,32.579147,140.96515,68.36656,5.0259814,213.25862,296.74353,130.72124,196.55316,29.03797,56.349342,38.50325,125.34547,233.97096,251.40758,98.942795,305.654,431.35162,332.42426,84.448,435.40405,133.70468,76.83431,19.608936,41.74168,243.12048,278.35373,275.75922,312.06985,27.031849,51.160053,213.43445,180.80765,228.82625,137.57823,223.11263,289.69415,43.255894,14.2558565,182.73616,43.29242,191.27103,203.25194,85.241936,156.42686,74.89206
SPOT_259,205.49397,102.40852,149.89186,217.915,155.26958,365.4802,32.189953,321.4384,195.10619,149.76434,310.3738,245.55621,184.3364,285.2925,255.64487,10.101613,303.25812,44.822742,1.6360954,135.34239,167.27922,247.71884,238.2826,248.32266,142.35475,62.20495,63.574753,214.56902,27.951313,246.3891,234.66751,265.1825,192.78944,267.5406,72.41235,93.608055,47.93442,180.44438,18.520376,194.56407,30.957584,237.11226,71.59268,0.6634619,45.034336,152.07951,406.60043,31.432465,149.4396,106.36699,5.5081534,195.81969,41.9155,222.16167,28.193136,232.78918,146.41211,105.59166,20.63332,161.9593,109.937325,119.63449,134.35478,158.82127,18.713762,143.03468,265.9412,81.44353,109.94782,227.75835,116.37287,77.22275,95.46723,176.0849,365.6924,21.421986,84.45921,178.19743,15.43113,569.82965,209.71127,85.21295,13.369,11.931217,189.95125,231.0389,77.322876,44.5157,39.353672,164.8186,38.040806,90.51615,85.77933,29.185404,132.29141,281.64743,31.284779,412.11996,405.62717,8.050874,32.736645,46.678173,119.58645,355.9077,110.64593,80.58083,56.210106,41.083416,72.906876,7.948037,49.475136,164.2857,9.7073,385.9588,44.153053,254.22348,62.446938,371.16086,108.548355,262.5124,69.44364,99.28303,25.78206,282.20316,353.7606,43.434452,108.48664,102.70799,227.55711,199.54079,185.61328,197.25523,6.906545,195.01799,152.69766,116.92891,38.228268,295.25467,199.09222,157.80032,69.34642,18.030201,361.54312,203.14337,21.978273,130.18181,44.866512,288.78848,184.03136,82.930466,94.58279,130.15497,121.97206,235.09917,329.87698,236.22432,388.3307,194.02313,132.571,6.701051,89.45566,54.88466,178.19765,69.42294,219.52136,146.64166,259.29358,114.113754,204.70085,288.01306,116.28743,108.10505,111.08639,44.514793,81.798134,88.77005,257.98648,8.059984,93.03785,68.106255,315.59604,108.339096,92.74858,191.99011,79.18383,287.67737,52.366165,22.174831,13.081432,82.79283,102.1802,140.28676,47.91033,146.86807,298.63873,279.2216,68.87296,137.31285,384.8836,107.51276,51.689297,215.2761,2.2366896,83.99989,82.08911,245.60332,161.54346,172.76746,134.7476,195.05418,404.0007,188.0673,45.823147,174.5611,313.15866,12.748603,32.14637,196.56726,11.653606,195.7847,279.6722,26.35914,0.76326203,237.67485,88.53261,75.36213,23.89927,486.4185,128.88835,76.69763,118.641464,30.463755,177.97885,31.361551,5.645934,33.12252,92.218895,5.492674,314.31793,151.29694,179.27724,148.48593,13.755717,131.73341,224.78587,22.683842,189.13594,234.40254,197.822,138.76988,234.79187,50.23755,37.32819,60.254215,232.2881,100.29894,295.92154,296.30487,40.612732,148.95201,448.34497,310.47693,34.28247,245.20012,111.6914,106.18503,157.32088,41.31048,287.28693,212.39328,137.19186,295.3618,116.988045,409.27536,36.28641,47.043633,286.166,272.62167,235.57721,70.81539,142.515,21.807364,31.694149,199.0085,52.69316,120.68652,253.24023,80.382645,143.30247,79.995735,193.23619,111.85085,78.213036,41.026855,105.66521,152.06108,49.960304,9.474623,193.41212,109.371666
SPOT_260,295.13263,67.89064,142.95703,250.4505,210.80312,172.58607,229.20518,71.884,24.90566,45.035637,134.55309,61.26932,186.92862,207.98946,101.133675,75.179436,57.33345,186.76831,0.31254402,271.212,554.0368,17.880558,287.05927,60.854073,236.99898,184.00974,221.19875,40.10137,321.6815,84.959404,65.28391,155.36362,571.0044,196.90775,94.69464,48.4843,242.33536,264.5859,562.8206,31.046915,395.22586,478.66333,423.1691,901.0067,958.20435,164.59532,163.10536,239.23563,170.57755,263.42566,173.52875,34.051865,90.44465,327.00613,6.1553183,223.23291,336.2395,162.08543,54.044796,109.50802,76.84852,27.75585,214.31621,0.995665,206.51309,130.09995,62.8115,173.91533,4.5849166,155.12698,91.263794,233.64339,173.17355,234.86551,337.25375,13.851709,108.32799,130.5613,80.21849,72.63431,13.137431,114.235596,183.48749,446.2513,381.7305,222.99168,468.08295,185.94348,101.27533,122.41334,86.59266,79.751205,269.17197,172.44864,31.492367,9.665438,158.22527,18.675291,100.86137,105.279335,192.49849,7.2021985,181.32622,249.13412,83.054,243.47923,127.92709,212.72716,117.86679,321.02023,22.202097,283.01154,75.181435,112.03645,22.193207,297.12274,59.597935,235.95045,107.739426,78.28043,54.650192,75.22823,161.71089,160.17043,172.05136,61.667423,195.53905,59.63016,393.63358,168.16583,389.98035,87.70146,27.591574,84.88148,154.14758,274.56357,51.60633,105.490906,45.987686,31.680788,132.8851,179.39655,369.2126,283.6408,220.1031,107.17968,59.50811,225.88766,129.7917,106.079094,39.95808,96.717224,178.21584,248.94829,112.62434,164.18369,180.34622,217.62337,184.64546,29.589956,81.19769,184.77734,65.986984,86.62475,38.262897,44.960197,186.96365,79.20805,5.0153513,57.517853,20.659618,102.80803,302.37735,98.32594,175.3533,161.73438,142.00261,197.7141,59.983555,197.99397,33.448418,77.07967,64.565506,231.71835,195.94978,285.50916,385.18878,311.1599,225.75743,4.22757,328.9308,208.59346,20.687298,36.57618,73.74932,128.78049,7.2591586,123.99674,82.33147,250.29062,111.17528,155.47672,110.54953,100.65745,222.67656,41.94859,101.9915,209.00923,116.383,262.30896,91.54764,44.666855,43.139782,34.24984,26.733183,74.44416,163.18471,152.79593,47.754333,70.231346,35.195786,142.78482,83.72494,413.4269,42.587765,222.89618,159.84937,256.23767,15.854631,202.88437,262.07953,51.839596,125.741776,329.3567,3.4219666,14.144637,48.661045,140.98085,61.224262,62.68086,1.8160932,11.985624,39.994686,68.42133,130.7852,52.262386,167.61807,93.86605,203.00383,160.45906,43.724636,119.92939,107.04925,285.481,74.70626,49.58779,26.96749,192.81645,16.270401,179.78459,46.935417,70.457375,24.92162,147.97214,139.27985,26.290672,132.8409,21.732351,312.26752,60.264946,193.65642,290.10025,35.525818,179.98586,93.48335,137.979,232.09047,129.04733,135.97,83.6403,65.3148,160.31027,187.37875,114.32149,326.54282,76.81895,80.081894,146.66261,194.31596,217.75594,121.436745,286.3487,18.853407,329.05133,4.9540834,109.24132,284.8141,146.2018,114.68296,149.50813
SPOT_261,739.07184,54.865013,77.98408,81.05609,333.87372,337.1584,2.0689795,29.670343,320.12527,75.97143,140.60136,35.61009,85.92871,290.88596,83.81077,203.42366,126.57635,114.92958,200.26245,54.88157,281.31253,246.49991,97.46194,156.73274,80.19212,1081.4222,59.94175,22.566029,343.70245,231.8045,32.141357,32.608788,245.27824,472.80994,71.44709,180.56389,130.33865,134.82549,164.24013,322.80704,268.02206,9.462035,95.901115,7.985159,82.10334,502.52966,21.495544,54.038383,30.17969,225.5635,36.634018,264.96405,324.57956,162.58704,103.82417,30.043327,184.71957,49.105213,297.27838,30.28943,195.37775,420.0798,24.835558,150.40839,228.14505,81.52813,100.01842,148.98894,161.55458,15.094204,50.602234,34.916706,234.68663,156.89116,23.515005,340.9371,15.384378,47.391365,103.00617,116.91864,202.04648,93.487976,167.00331,94.754166,45.353565,201.54797,107.268684,159.58865,46.848644,249.46086,63.610626,146.42146,25.923088,289.28897,28.376154,101.835335,197.72067,73.09534,25.719542,349.391,1.6817557,190.54655,6.1979775,241.96649,222.08826,43.496548,238.65755,110.99471,210.3463,25.252207,128.1297,95.780205,81.240746,234.78395,165.75417,30.88161,220.40956,67.124596,316.92386,35.355465,296.66827,166.10896,283.57532,194.44165,143.22786,6.382505,348.118,374.70312,9.14332,7.427852,64.32931,46.493572,92.765335,169.4603,212.07997,73.16899,243.47188,170.99199,52.040543,34.66476,291.29123,143.76717,300.3298,45.26652,153.45166,447.84354,71.6889,203.10104,255.33632,52.051743,207.86935,318.60153,19.484901,7.9770947,309.2365,253.25386,83.697914,95.12966,476.30557,227.43738,14.874343,76.16486,73.94612,108.53423,129.6698,32.01975,70.89493,100.88495,272.0794,53.52301,296.8603,210.69194,123.56736,29.866783,189.27415,60.567455,99.98919,206.45668,72.039856,50.624886,29.220465,21.63757,39.85282,158.02924,12.257093,59.79501,45.727222,278.63434,182.28093,271.17285,119.47421,81.45453,44.875355,291.6459,185.6262,265.00714,159.45381,251.90959,233.98825,106.21814,235.75266,44.220043,20.852352,41.199375,169.1148,12.743179,44.42369,442.64212,166.3069,296.27658,5.2130537,95.12169,47.080223,321.9505,443.22964,202.466,223.8256,71.11586,140.12512,234.83597,230.97679,265.66196,209.23784,37.147537,194.36055,42.66943,29.13414,143.46587,179.94214,284.43384,135.31804,146.66847,80.6733,32.034786,56.513462,223.34726,202.19044,24.082954,34.9786,273.2828,65.466644,155.2825,75.50958,149.31958,60.721123,23.210983,18.677149,119.60961,46.94937,68.912254,460.82535,30.69706,302.0408,124.04272,149.75067,411.20917,53.914825,49.48328,67.69787,221.813,85.83453,226.64778,124.23002,78.09238,59.391678,76.4633,170.45464,100.55073,209.52036,202.43176,197.55817,111.4399,99.98287,11.170769,24.13755,232.52512,276.10434,324.58673,388.6979,284.35712,34.013493,124.89258,161.60701,253.57814,75.73647,286.04517,466.8304,326.77457,63.700382,15.806781,203.66148,99.02334,111.17232,148.14119,71.812164,450.76294,279.0531,152.772,72.737915,184.68144
SPOT_262,120.47142,15.819322,364.5215,408.8762,176.47089,5.542055,300.72473,33.138313,376.76282,689.01575,375.03912,416.33072,230.34447,120.11611,133.76375,155.03581,68.84583,104.666954,359.6013,12.208898,54.26598,252.9183,220.27756,201.82065,346.429,10.998266,248.1742,198.23413,50.27853,11.931678,141.68729,22.66815,10.946189,255.84702,366.66656,75.502014,36.86217,108.50801,51.497215,79.41195,234.5939,76.1634,129.75452,140.4937,96.27448,30.297346,199.21346,73.04228,6.2747774,227.68274,18.019276,92.38499,358.48004,117.409386,459.7205,36.8211,204.97826,4.966732,59.393684,168.00389,215.47665,160.61926,197.58093,246.29625,158.08113,204.5247,5.6146913,213.1194,186.01897,180.53506,70.637535,53.435215,25.175613,125.625114,74.58691,87.7574,123.27894,197.33636,442.85056,2.2234957,151.688,454.29965,18.02367,395.5688,256.56253,219.15312,82.911545,96.822464,22.707737,384.04556,65.36631,282.515,81.67192,159.32344,382.34473,128.09178,228.1247,24.236118,132.64688,156.22305,148.71568,42.829136,19.338211,79.33886,216.89221,105.86832,86.11027,351.8283,102.76616,128.70195,19.406904,94.7281,386.61343,129.93979,126.66027,129.88786,97.8027,235.50671,12.779348,78.20134,169.31064,126.59489,278.82285,199.88205,49.338757,62.755863,366.1942,72.06486,31.487034,0.7882279,2.9886072,157.33841,235.51866,165.09282,334.45056,294.968,45.16103,1.0149862,139.85583,12.770728,194.41891,123.16177,264.21875,184.5104,19.099188,143.29771,164.26672,18.542688,399.05344,214.93315,89.693596,12.4114275,13.358668,5.1761513,139.27109,117.372375,187.99196,45.38451,84.13196,130.97702,12.012942,152.3198,40.853226,21.491922,108.79871,110.27226,85.70996,172.14127,57.08233,397.98218,66.84983,240.07513,161.3999,51.485752,82.507355,228.93771,127.93233,122.61653,98.02358,187.13028,42.7095,12.8577,58.10273,132.0386,260.6389,178.2222,15.982296,124.215195,390.8758,20.406382,44.145016,119.70505,118.283646,197.6303,2.0540082,171.01181,380.22507,484.88205,144.34344,145.59311,163.6065,256.51166,29.229925,156.27357,90.092125,30.999748,276.307,36.34761,95.39917,23.96086,149.24281,54.371387,185.40977,106.340096,68.734795,115.111946,31.68821,55.17132,182.48238,74.3084,103.94566,164.86125,119.509575,223.86227,255.21783,149.77051,307.44247,245.63792,15.922649,358.04773,280.71448,13.0416565,45.22096,119.13069,17.2311,279.79,105.569115,142.89732,184.37152,56.37547,100.53703,52.12226,207.26903,215.45554,111.229126,78.64959,8.087974,119.70804,294.06512,74.23081,163.95454,269.5082,139.1192,195.36444,223.95757,92.94439,66.14746,276.01953,36.397346,14.736546,61.06964,131.12158,4.2872252,375.77893,69.868805,375.73175,4.3200336,111.64864,187.83192,227.49396,89.37321,65.60785,11.443298,248.52948,238.13849,36.951653,207.00143,153.05673,164.93184,202.04507,157.26457,172.37578,158.7169,364.6093,439.6868,460.7705,279.09314,209.9568,649.0063,363.59848,44.788136,139.64584,77.62356,25.285564,372.0726,178.49103,0.53171206,17.524755,15.881811,361.57516
SPOT_263,49.637093,243.42667,411.83484,102.77668,200.96071,159.28616,80.85423,367.56503,1198.1632,303.52374,919.067,882.5318,273.1553,188.91283,206.24675,59.303524,35.221806,122.51985,57.28096,90.54622,25.410341,491.50635,121.786255,19.452799,68.57885,396.19067,64.202255,144.88612,123.825935,15.401003,1004.4402,451.12274,146.6947,97.1962,311.2475,78.779205,286.1393,130.82228,244.24086,95.045395,39.65431,134.28445,12.902079,45.24421,0.31083468,16.085535,317.46155,31.79567,142.36153,135.8309,10.801977,12.860105,182.41637,241.46338,205.05547,311.75806,11.660693,10.413753,181.79083,134.40654,255.91023,96.911606,297.23907,56.63608,194.72882,14.749793,250.5908,21.552841,33.35773,161.36221,65.40133,89.80329,190.02397,77.30355,4.2786455,22.951607,5.595484,52.62823,25.486319,35.462772,175.20134,233.31992,88.97604,57.0819,540.83734,3.4769032,396.5389,124.19292,30.856808,146.7547,305.64297,159.94676,76.574554,222.29498,173.39008,151.1243,120.83809,52.544586,44.970795,99.51081,197.04836,102.04872,10.656465,199.95222,137.28091,10.412145,165.02443,271.7065,67.35885,175.10153,99.97377,102.16733,227.29962,171.50047,135.16197,109.25275,416.73386,90.923065,8.751121,244.24915,101.50403,176.10362,90.867004,102.36865,145.36989,104.12583,172.28297,65.44046,105.693726,284.401,142.13867,218.27841,243.32954,95.88558,123.31131,32.727997,48.097195,12.656513,176.94215,217.60352,11.622938,167.50343,412.8395,96.32192,103.139465,136.64244,321.51392,210.27432,154.48567,107.79013,336.8577,166.87268,327.49487,380.00314,54.108177,259.9889,37.32498,19.660221,197.3251,4.4027987,373.63016,113.48739,12.937741,162.70372,44.714195,124.01259,2.6528769,51.04927,165.86896,63.756668,33.321613,88.18853,212.82985,251.85052,44.702534,142.76283,0.85538447,108.58258,404.1324,19.358555,142.71635,64.78915,181.92111,287.93588,133.14983,83.039024,230.48329,373.2585,106.10985,45.48774,9.569287,259.93704,379.44687,22.5272,184.03552,292.5741,107.00477,58.571617,383.3773,197.4373,160.5254,284.12427,103.333435,53.957634,182.28911,160.97647,352.63416,306.89316,25.816757,193.3677,298.7362,178.33821,16.571272,104.951645,439.95615,206.87804,119.01133,94.45279,125.69915,111.95254,176.49205,365.72388,220.34348,122.43742,158.79988,70.33628,35.26481,234.452,445.4715,159.41568,100.6802,25.04696,324.03555,112.28066,521.65717,220.44775,331.42444,150.0625,48.767845,459.87524,181.17165,64.15684,79.89158,85.516106,315.4176,253.68864,81.95721,0.89087576,54.40472,288.9523,124.56251,66.52464,44.421913,306.3791,265.15048,245.35493,52.954247,88.25121,43.424717,300.5012,55.22092,103.42716,66.131966,379.88306,144.2102,82.89617,87.26998,189.28403,141.69763,553.6189,134.4498,87.57756,108.8124,130.77971,55.85522,207.32019,175.6316,105.53308,18.883717,52.111656,41.17751,3.2561069,355.7821,105.30944,142.13531,15.9268055,234.58223,6.868018,12.872107,100.0223,87.561676,192.53195,11.213714,45.829403,125.64791,139.83592,220.16792,166.96495,162.40878,151.99232
SPOT_264,186.42194,172.97588,61.932228,177.20523,304.51575,95.698784,299.3829,4.775437,88.82767,143.79895,7.0676384,253.81517,38.974346,81.31221,82.033424,223.70338,45.153206,132.74626,258.39206,38.02475,168.86757,318.23944,195.96817,221.83795,321.6592,24.747864,53.955708,157.19345,39.41422,53.39393,395.85226,34.714054,229.05766,54.036335,68.95065,60.30217,299.41183,278.38846,227.2417,159.04884,221.90826,55.79449,158.31479,174.07423,192.9917,264.7883,59.27763,389.61926,35.668163,100.61073,80.261505,115.218544,114.097885,186.43425,40.473133,93.637634,0.5020529,52.92703,17.394318,190.24834,187.20604,240.57266,216.12982,295.03415,182.48364,205.41466,305.9082,45.215553,119.97881,2.1239882,157.04784,104.4288,88.70357,70.159035,99.5945,491.43988,1.356889,42.569935,173.36243,313.24554,69.6259,111.22109,37.79029,328.06094,101.02943,4.52943,452.90268,176.45134,51.53017,164.16745,114.10034,28.59365,80.97805,11.403476,241.29553,40.459515,99.580826,14.751663,6.4964633,109.09817,28.896914,197.44406,98.19981,371.666,15.97044,87.37404,4.72814,11.809402,24.193415,43.37449,106.793686,128.83952,266.98083,35.410683,201.29347,116.86501,141.18236,121.04218,280.83984,335.46353,104.42811,21.566652,290.94934,175.77484,203.64758,46.346184,63.365364,184.79436,107.68675,237.90585,48.423443,71.93299,224.94226,42.2541,63.55698,2.0570428,284.35846,261.41653,30.892479,53.71978,254.6612,211.67386,54.35618,63.008892,265.06384,95.51167,312.80057,74.8305,252.66702,160.5601,187.64616,176.17386,14.0607,9.788553,46.20855,72.58678,105.81434,405.98685,65.83939,118.63878,91.071724,18.239685,165.87764,45.01213,10.819177,77.4537,56.348537,182.78577,109.56586,160.58107,193.6547,139.80676,31.597445,39.51976,46.36847,7.6897855,257.6706,182.17175,178.49605,243.10425,210.15219,200.4335,63.445225,244.99142,105.992424,305.58957,6.744982,150.07744,302.57153,24.403269,299.92477,393.86386,22.042236,260.00882,46.45966,98.96095,123.38669,119.893326,325.73056,169.14977,5.0277343,168.21371,122.01834,0.28026533,18.403,136.52036,160.09949,339.94333,174.15761,329.02084,319.86252,6.2286906,27.468964,44.957973,157.38501,49.50925,171.62697,98.84204,243.59056,209.07922,56.480183,322.40112,84.83329,51.66833,293.16156,197.2086,162.40808,170.81763,125.285286,298.27213,110.62432,239.23965,2.4573035,347.497,14.167381,83.053345,180.56763,97.2621,98.146576,12.344697,129.73341,180.50438,25.286112,369.91095,118.675446,204.23683,20.81798,216.71277,360.8959,177.99953,200.5483,171.77136,122.85258,59.113033,46.04806,149.8906,31.85653,120.254585,100.93945,101.552444,167.59857,414.96942,106.47949,67.20163,77.72436,237.42249,157.69737,232.8059,140.94788,25.911158,221.32623,277.41476,37.723087,109.05951,114.67093,330.4177,133.0228,113.26321,118.40383,348.3379,14.819391,114.99937,8.697839,153.66678,343.12228,20.595285,81.53141,48.52076,206.25206,32.363983,24.58832,228.70224,335.58002,74.68165,165.82845,63.719414,38.650818,216.32428,115.2218,161.7948
SPOT_265,53.373493,307.25418,162.62173,326.11398,142.8815,75.63899,166.03984,58.19665,554.759,599.0806,929.67615,48.652996,3.1407914,321.57544,184.16287,210.26791,148.21414,46.0413,73.73959,44.963066,2.6285093,135.54074,458.03418,173.55028,133.66512,256.26566,255.69116,72.8216,12.09702,186.9401,486.93262,1251.9049,230.17494,44.100952,169.30942,75.74315,48.195652,64.27366,90.79726,194.82564,90.137436,40.414654,41.905804,37.35563,237.33745,205.4995,65.75797,29.687008,71.3827,443.79926,45.939903,215.15222,482.26804,57.05001,313.54224,271.8414,92.1137,123.66251,320.26932,234.28746,258.23712,40.283775,333.53647,159.12704,405.29895,8.254722,294.20364,59.052006,125.459724,76.06999,37.438293,181.66475,0.0069399015,38.943233,51.35645,119.08447,155.30734,12.71579,128.84029,31.91688,89.81673,119.709915,363.4947,263.00015,100.49252,23.612516,229.56241,81.70929,94.193504,277.5092,247.69315,181.53134,221.93771,18.870878,92.747314,52.824078,112.58949,25.410942,14.9324875,222.47765,347.9412,72.932144,233.23657,120.210556,169.52122,68.48625,276.96948,142.60751,26.498495,110.88672,179.58948,385.99725,179.95065,217.17746,74.284065,109.49143,204.81947,123.99983,53.96112,85.069115,332.86407,296.9339,20.874489,169.5496,196.88605,16.490602,129.86627,170.24934,418.59085,75.52116,235.84923,149.93332,230.7245,76.17367,121.81709,404.65576,95.41739,34.9909,93.85709,327.2984,10.745018,201.50018,14.601939,206.62627,78.15416,344.6679,52.361668,199.81903,112.38261,125.851776,266.8146,338.29034,203.63725,88.59079,238.14958,91.46484,50.756153,195.48163,379.84445,216.98824,46.235924,209.41658,458.83585,24.74547,39.58029,110.93686,164.17593,366.106,71.90597,134.39822,309.02652,39.72444,118.67599,109.304695,205.25461,224.00842,26.113703,53.27138,32.86059,114.54145,322.73013,145.59541,155.72557,339.093,266.1331,166.69704,11.124491,16.535772,51.462433,303.9081,62.838867,2.8373098,9.989604,128.66739,29.693703,80.143234,107.765045,307.27567,52.08128,59.26913,20.564766,81.182755,216.08775,151.35695,148.61926,132.69922,31.204775,40.81958,208.00887,61.138775,343.30356,55.105625,11.387567,251.79027,53.83969,217.29022,38.779797,0.98675907,94.5738,66.88396,182.92468,434.11887,284.32584,172.92975,197.8608,260.29758,19.148808,11.594495,146.91528,60.29789,207.89163,38.996456,218.34122,32.65989,155.55965,67.398674,117.7632,63.690613,9.455076,187.88428,10.799489,117.5188,122.18445,179.15506,137.94359,148.16673,56.534103,164.91658,99.758316,346.59885,30.114523,121.65177,452.74573,35.909004,94.45255,56.26353,58.556545,22.661228,32.163887,163.96301,149.95735,325.6961,1.3769543,50.269836,186.51144,112.110855,183.91284,73.40925,130.99727,346.55038,193.95131,6.5538845,55.637882,248.28503,16.276997,4.468752,98.374374,84.52049,175.56291,56.47147,103.96658,90.807304,185.60709,142.92494,268.20462,29.977783,242.78242,135.6274,60.57289,2.4224248,97.96714,215.5973,179.26271,188.16074,20.708994,146.50339,85.51457,134.83572,281.4259,15.031188
SPOT_266,244.47925,16.444357,321.04846,1075.9044,707.41327,159.03188,385.7831,57.641262,22.595318,16.5895,93.86603,98.9345,95.544556,146.1209,363.00034,76.57688,203.28036,51.42482,8.997121,61.91315,137.51184,50.494934,112.85241,93.48018,274.61453,275.65244,326.31512,69.81667,220.39119,227.7556,129.96481,20.830687,21.441452,131.28194,133.79955,150.93494,253.34846,97.53197,39.926125,115.95171,30.005512,386.15295,75.42998,156.56775,111.59233,110.021866,368.0547,118.11455,141.95323,231.7287,170.70335,243.9625,30.878105,319.92813,120.11097,191.8208,91.30901,58.866833,298.32516,9.468014,212.06593,251.98485,46.885174,89.24059,97.573784,181.47034,16.347126,233.15555,131.34734,140.4397,180.37354,322.23734,110.20512,531.95966,57.677895,37.646698,223.57504,80.03671,317.67163,169.6819,279.8439,23.199686,56.26566,109.58855,29.259344,40.0226,8.093058,6.443925,565.34015,29.683996,238.96509,85.6199,190.34842,100.84129,206.6429,150.15002,12.012973,153.61276,179.01314,64.91326,173.56361,211.30669,4.6418505,71.57688,87.61547,273.95737,197.95879,22.523802,124.58918,109.30974,141.7198,311.86908,279.1168,399.83755,18.357767,43.08591,430.8304,196.70201,93.896904,104.63188,206.58131,6.85186,146.4449,231.8617,1.3862885,0.25137383,167.36473,271.02313,43.146408,86.089615,188.34355,40.75358,98.7223,66.19637,165.666,195.80188,399.7888,161.0391,48.867817,15.426845,188.76068,20.909954,249.66335,23.286507,44.15886,135.15657,35.85114,94.84246,51.062866,254.45396,137.80147,211.96477,23.320616,36.94492,52.80441,350.2313,51.22419,112.03862,31.480679,107.55699,229.62514,323.24817,66.12817,50.17683,45.30049,50.073845,360.49332,278.38162,48.394527,16.948582,25.993895,351.33023,41.4758,37.822815,163.40518,310.87363,202.64812,182.74458,124.49117,50.180542,81.426865,181.29924,43.87838,332.84753,320.12198,93.91102,297.77765,86.48039,18.94477,72.62687,62.96821,206.06685,258.19614,101.39119,153.96144,169.35567,77.27737,84.41226,0.6017004,178.82784,119.52019,53.300888,11.985555,31.568829,92.52966,51.503483,343.1376,69.14583,322.7134,326.1139,88.11414,285.40903,184.3003,175.43872,189.445,109.45346,396.09012,158.04991,290.4831,88.86671,43.611588,398.93097,7.3425364,411.73438,76.93594,80.51404,221.91525,101.26909,26.920038,10.948823,248.47964,109.6851,294.46896,50.50065,199.14621,32.636284,188.36504,48.76451,90.46,199.70071,14.054241,147.66638,61.30545,349.19238,171.16313,98.61281,104.07914,386.0541,60.52915,65.559616,75.92401,310.29947,307.955,154.13663,188.52533,2.13571,271.80966,59.122604,38.47285,370.82352,9.732338,19.66328,84.33562,198.07959,67.78896,67.53252,346.48315,21.749987,83.58061,22.111935,76.26267,69.62586,80.967316,108.548416,262.8467,92.967,33.14516,112.15419,19.157715,19.788866,3.7460625,31.382494,302.0904,47.357944,117.07462,43.881313,130.51543,155.37187,32.79592,144.5536,235.55623,137.66544,92.106125,457.66437,110.4542,56.3229,122.40378,167.42592,191.22894,317.6703
SPOT_267,748.78375,38.21225,131.02394,590.8368,214.76808,148.13615,211.84196,9.452395,20.446388,81.39244,168.06621,199.54633,186.12027,234.51198,197.77736,161.95528,212.59312,13.881233,112.33209,267.98996,95.64874,95.68948,4.1479416,258.655,36.60981,583.40686,97.45509,99.55994,0.33502057,38.30693,103.224205,193.85454,244.7211,371.0095,239.67038,240.77437,391.07355,105.40167,300.02078,206.16151,431.87628,143.307,23.386768,189.16841,112.74223,110.32714,161.6233,150.76308,81.12226,60.228542,41.25092,19.218508,47.92116,393.48657,15.57336,206.96278,21.704428,150.92418,352.41348,17.600157,114.26415,92.73411,170.2243,42.91991,71.77705,8.504571,220.78105,26.958275,322.90408,132.3375,19.131914,362.10577,109.698204,61.695522,54.53345,36.832268,70.91206,103.68469,36.491184,150.49628,329.80234,18.26187,186.6649,184.00967,358.3818,443.5036,60.594723,110.50112,59.86477,55.013092,103.248924,63.015926,5.840606,15.189465,39.61867,170.73811,34.701504,370.0019,386.78073,68.087746,64.9245,8.834551,115.51099,153.22583,213.20384,231.0404,37.45209,39.687923,358.3995,118.23763,167.7476,199.29976,87.648834,55.29163,4.4479713,244.72557,209.79047,202.4729,77.05156,143.95575,26.624416,235.97652,87.53812,177.72522,9.266765,237.64113,360.93704,110.89399,23.684647,49.573494,255.84894,265.69904,58.409393,67.62608,252.24492,123.6559,10.993316,2.073411,197.15045,307.14786,107.63897,8.76785,127.575066,197.48253,66.967514,6.311124,254.64706,27.040432,264.07526,363.99478,441.63858,61.16569,189.41957,89.61525,212.40343,106.268845,40.876743,332.71246,82.967186,162.56625,60.05827,139.21892,465.35913,199.90459,292.48102,369.3796,61.94815,191.28453,74.83284,64.13548,55.529194,220.37845,56.78948,66.12381,300.4824,172.89062,90.220146,51.132206,61.64183,17.918915,66.468376,389.64728,223.23448,117.06572,67.36624,34.744606,94.398605,88.73189,191.86038,337.41495,294.47736,45.5673,103.778145,108.58111,66.554085,153.16716,74.84689,40.762997,2.9389746,55.42322,81.21144,46.06859,63.611946,26.697115,26.891106,120.73554,140.05692,83.768326,341.99414,193.50438,42.51998,78.656425,353.2398,94.5123,158.50427,291.63388,65.58475,150.12411,438.71036,122.83687,38.829445,46.025066,201.57584,27.931828,16.417278,405.60785,93.96673,0.4430546,212.75911,159.31366,261.72015,119.07503,17.583975,126.073944,186.13516,26.411934,1.8600316,206.7377,405.3846,226.5966,35.243793,24.938963,19.872383,82.508286,44.775726,286.07196,377.57928,75.178154,82.3114,191.88812,105.953575,92.0246,63.05228,48.24931,140.30411,240.86072,199.95203,161.35516,163.77585,150.94582,28.536896,69.66429,37.83533,136.43901,293.73846,34.5128,21.803406,48.498684,15.59233,129.21562,186.41069,58.49301,40.164715,204.47949,8.883852,8.498716,93.17607,177.27374,28.51487,463.50018,189.03157,192.63269,306.99304,240.02292,78.98625,59.109062,133.14528,108.03887,447.4177,7.77991,9.698723,207.38675,107.50433,47.519154,39.17818,167.7618,316.89484,170.1476,80.46426,26.762274
SPOT_268,143.33513,112.0769,98.454315,221.67267,279.06152,230.5209,48.585613,95.63445,4.5514727,340.16238,316.5541,3.0030491,5.071876,39.613388,200.6555,73.69755,56.73108,2194.8447,410.09015,11.562888,329.63858,138.65102,314.94534,50.619385,152.47885,256.29413,17.55812,361.84985,134.95853,8.034986,251.53754,94.08005,4.4572034,219.15242,117.15462,169.51529,181.92166,36.064957,22.411798,62.436794,53.57383,455.0729,913.01355,632.37976,416.81097,139.7683,188.48383,26.030962,184.0199,35.132656,174.55681,212.52011,98.15024,36.87061,111.11565,97.512184,117.22904,127.4294,31.612171,84.75653,178.10059,28.31256,338.42044,172.65926,209.3909,162.63205,195.44873,290.9095,52.50612,66.80909,1.8378958,42.42675,73.02308,144.81468,11.102813,47.155685,19.382935,82.33461,144.40883,44.138504,85.707825,53.882008,170.12318,169.29362,96.709404,417.36597,327.73364,289.85474,189.57185,344.38553,261.47665,56.532677,77.59229,49.390408,72.1843,168.3333,96.593575,362.66833,211.77525,50.014206,249.12888,342.78323,157.3625,46.4004,278.74918,174.86906,112.08302,44.401623,142.47461,290.3851,215.19116,34.975857,242.61108,19.54384,50.046577,103.82069,33.058517,42.748005,43.60675,224.28165,90.87476,3.0816882,73.93066,21.274302,155.45345,176.80896,42.785984,1.0787408,130.89545,203.25484,1.9050225,76.84324,176.6378,82.800224,136.69342,10.639184,363.05005,139.35364,16.012754,289.0728,158.02168,22.733374,56.226025,185.14403,162.24728,81.243095,159.05852,188.08769,58.201035,95.89704,89.98064,372.82477,2.431227,4.8438873,84.21804,84.890305,196.53728,175.67155,131.03671,119.899284,261.41495,95.83644,390.28976,34.044155,51.09798,310.38138,433.2091,191.38274,209.41759,8.187386,229.3895,89.64664,82.73913,125.29726,243.87473,152.44374,264.65973,415.356,75.8451,231.14478,81.05461,25.906189,220.50363,132.04256,269.92618,6.5154653,113.44107,279.1865,83.86152,145.00153,5.7717686,310.60422,143.41466,235.73834,25.871292,128.32832,239.38622,149.20407,6.6252723,124.0474,109.56648,26.640373,171.66331,66.65151,123.478355,17.36609,139.63553,141.53606,164.94154,198.80574,216.17157,152.1644,61.2248,341.19922,101.78492,122.772644,284.4792,182.71808,185.22241,255.71964,27.023027,410.33817,235.62488,125.33757,68.07529,249.51584,79.68776,43.05965,7.2555747,5.5462656,179.52089,29.995527,123.30326,80.401794,51.640667,165.8947,144.36972,202.7398,327.40402,21.683504,171.12694,11.699528,46.951687,105.80157,172.90501,138.23242,330.89536,19.033026,28.608782,264.13797,174.59879,109.71916,101.8145,43.716385,1.8349094,31.526234,49.36326,20.352785,273.4034,73.03379,55.437756,126.92305,70.02567,371.7388,207.83006,329.89026,217.06532,376.75186,66.82454,1.1315142,116.17632,97.06178,2.776075,152.8898,308.30692,58.868866,150.14954,170.51767,206.10086,113.32257,104.781525,78.26272,152.93898,143.34355,270.167,13.079013,118.99757,246.6918,63.01406,52.19362,21.034122,91.38425,359.10147,137.3533,49.95809,186.4904,43.183655,210.2938,121.90427,110.616234
SPOT_269,214.09686,14.882182,319.51254,14.390871,17.899973,110.330315,138.38263,48.870274,106.05543,25.99416,25.675398,6.5806026,2.752481,122.52182,291.83368,1209.1455,195.06517,379.98654,95.47561,3.843702,23.82189,68.566025,43.991043,291.5231,205.53343,544.6672,120.00063,339.4332,84.566986,468.22714,341.35452,91.390755,32.992462,459.35782,273.98077,124.549774,24.245537,80.67527,286.38684,437.82175,24.063908,61.305176,199.98166,36.850895,283.66733,25.058475,251.4011,209.7421,99.99825,50.10123,97.45152,212.76443,275.93958,293.31323,167.93378,135.5646,249.01642,83.38226,211.37003,207.58519,43.55511,124.53828,51.590977,217.57228,87.127045,77.4312,52.507298,234.0775,183.41557,25.287743,97.162735,229.78629,121.627914,7.4066525,89.28377,247.8399,73.59003,81.4617,353.67316,194.62291,80.563934,222.78789,106.684555,128.40714,290.6844,172.5119,257.14734,2.9180398,184.07375,32.021904,98.97074,120.37775,11.586211,183.82402,179.16156,384.17084,73.003654,81.025795,120.93449,182.48006,48.54845,114.94943,132.39525,23.738697,150.90755,12.114503,90.00841,79.68981,127.80445,51.197277,110.99141,454.3384,226.82585,273.5958,18.834759,96.620605,396.6671,107.65646,248.30759,138.35233,35.412537,237.56956,98.39474,57.046234,204.06427,272.38837,135.47304,107.38232,22.478788,296.51807,165.81685,197.6703,327.5393,228.02585,190.67285,292.22125,4.9673095,56.188824,76.146866,193.80959,338.50464,395.00784,336.31287,80.97713,122.375046,20.126602,97.79657,101.13501,118.748764,304.56366,312.1536,181.52742,135.71634,431.41983,271.7934,49.514866,15.148038,79.352776,211.43303,45.603558,49.276695,60.63223,251.16515,322.11707,124.373825,67.05205,78.597534,48.338985,250.38887,1.6974452,98.275475,44.896854,14.450299,230.58528,82.81036,302.0864,234.00978,157.94824,17.32318,210.44128,237.52834,13.236397,238.42267,172.72859,14.837654,306.5238,34.552074,23.481838,206.94513,188.70671,412.59143,177.05699,137.68861,103.498055,27.173105,40.175495,132.4875,298.71606,109.27308,42.895798,143.42384,54.734497,402.896,215.89148,40.48885,105.328995,22.137806,436.77576,151.4231,9.0105,218.92615,4.6349707,36.194256,186.44817,216.92752,23.888306,0.39700344,295.50998,169.21547,8.990265,91.10048,156.5302,136.16109,125.23785,42.515663,30.291088,95.45819,233.64575,234.2228,180.9245,155.08908,240.97545,18.342663,57.586487,272.53693,268.14935,98.80266,207.35358,288.61752,316.48373,8.00972,15.193122,116.55816,97.66302,124.48997,288.41782,353.31622,157.96582,3.918506,36.996155,2.609881,103.33089,166.25554,187.32784,114.19194,29.776,318.39728,16.315933,6.931077,199.31017,95.024345,207.56914,283.3991,266.71692,282.95493,20.535505,175.66844,255.90796,191.02509,230.03275,29.04316,103.13933,316.7171,109.98041,167.1281,369.94376,115.16782,73.28464,143.0382,33.024406,243.97957,64.74138,241.2067,217.73666,378.1441,52.02051,69.76948,105.77625,49.841496,197.36922,254.33345,81.03131,100.79366,181.56804,173.70918,222.20003,81.79257,154.66994,75.03002,4.5344334
SPOT_270,157.47461,261.28195,27.02426,41.099808,131.08833,9.785759,167.51068,368.27386,262.83377,3.998953,563.4816,77.25782,21.105291,29.355074,294.82004,40.909176,281.13358,44.448135,91.87701,34.31683,23.217117,35.768425,125.55117,127.73572,204.394,189.87929,149.16733,24.252768,68.986305,146.63445,33.877308,207.72127,14.028686,278.4139,459.33676,13.069656,67.554306,169.25998,30.842262,32.21969,125.72963,36.840984,134.36646,67.54156,181.60188,74.67334,66.56062,82.84792,15.088237,67.30901,156.39362,243.96606,127.15898,217.23247,33.76493,220.10844,149.39478,167.8678,75.76574,118.36348,13.581482,224.66302,29.781664,98.11818,335.00735,76.74485,59.023335,227.18925,220.24309,194.56725,417.47647,26.503704,355.73273,5.1676908,132.26604,15.007776,152.7287,50.76434,70.613205,68.551865,98.818695,186.54637,356.3347,15.742399,58.10179,213.67717,170.07118,244.94038,123.90655,249.51233,72.81017,9.215957,154.21898,386.08176,73.72374,167.68607,170.52902,20.15293,216.14049,141.97815,362.0483,68.07347,101.99186,150.97455,166.30685,206.06664,25.432642,25.854433,473.07312,9.045934,101.515526,397.20978,340.90292,43.481327,321.0036,67.796974,334.915,216.65608,173.99892,221.73015,97.970764,156.33049,3.2547617,139.57219,78.72769,163.36435,33.11966,187.82278,91.92244,71.92425,158.01239,28.81286,204.27908,148.63861,266.2393,311.13174,318.39264,180.74294,139.62216,57.178276,219.3292,109.39369,248.65231,303.67743,87.0456,53.694466,245.15385,194.5007,193.44801,85.52822,187.50346,54.040577,102.13495,61.017574,408.9539,187.8519,169.65848,356.47668,71.48075,57.285236,100.05811,88.799576,163.74825,242.26518,230.73338,57.33868,87.827866,38.932182,17.218302,147.234,274.29288,262.50156,216.14154,187.18124,38.216026,144.67087,139.95178,225.64662,222.32515,227.17351,14.352921,187.57497,270.40567,9.497669,191.04745,140.88673,102.302055,156.88045,78.26759,147.56046,133.04527,9.535308,291.39087,153.69661,131.35385,189.77193,147.15651,115.88825,39.27696,117.386284,92.472244,60.391502,48.73738,227.7678,284.36206,162.67387,227.50308,3.5700493,125.86032,5.4998136,23.802237,35.92171,1.8563598,30.72247,82.43939,23.537012,144.31345,155.71591,242.14459,194.8383,15.591795,428.88135,391.97134,20.077824,122.11147,319.07455,72.95457,92.56605,219.13611,107.78402,1.2592261,85.8619,4.179651,16.9761,174.18759,76.8214,0.5595899,152.89247,47.5987,133.44215,230.59093,187.37984,115.797775,172.99522,132.67815,38.689964,185.22844,9.645191,51.638844,63.885723,316.11716,2.5209014,52.749134,101.552864,391.0272,152.51567,159.13658,196.05092,134.77325,204.64694,33.732616,407.7577,278.27173,49.460514,311.65527,30.73655,119.28764,84.910934,80.30208,64.82159,210.3573,52.326702,315.00726,146.38666,175.48645,253.10246,223.45905,48.263588,380.06903,224.57153,153.82841,159.15472,176.49966,37.144585,89.231125,41.45294,55.65554,8.462951,26.583883,15.492973,138.93536,260.28992,9.763829,140.69064,175.70175,225.03981,64.228584,27.894531,226.91779,70.67684
SPOT_271,106.05766,111.041145,137.33598,250.91956,943.9211,71.470955,311.55634,124.13601,44.142975,58.2252,168.75804,129.43054,26.231035,43.640182,288.45218,526.7735,359.61957,80.571556,249.9305,156.70137,336.54666,298.42065,242.01852,58.159935,264.17426,1396.5367,19.831942,20.16492,209.91446,68.53714,393.41748,156.86354,218.67265,116.61068,192.2666,348.94543,328.85385,132.78146,124.44981,366.4267,47.680653,22.371675,13.506931,115.07286,24.655825,76.22789,353.1321,96.3363,105.70857,134.84477,171.84471,176.55121,53.310364,10.846106,38.82327,147.22867,403.43668,75.53902,168.72008,67.752075,13.357402,286.92795,22.386475,73.697075,102.59339,173.59264,215.79189,380.84985,166.83209,51.537815,213.7736,108.79813,87.15476,346.90982,48.990097,35.84698,213.3127,52.56781,371.13898,103.21137,148.8653,59.634895,348.36832,194.46362,303.15033,165.03557,81.191826,70.20417,255.01825,57.661953,50.994843,16.4765,47.111305,49.48048,305.3667,190.23499,90.90915,328.47095,181.96841,61.65299,312.91727,115.13862,143.03746,209.66603,82.02178,63.028522,54.020306,76.337135,259.00455,227.69911,15.495508,189.58736,23.825972,8.240104,389.5505,91.25685,4.1176214,158.43445,128.5615,134.77278,34.588398,86.045616,188.04588,283.21387,143.73132,357.40546,94.30275,175.41814,249.7726,165.58403,81.63596,121.934425,9.78191,32.51685,13.44038,439.4827,157.6689,48.518124,191.13443,145.22742,152.91428,164.93114,0.0770142,22.083666,205.7123,85.29402,73.71177,86.57629,386.0977,381.76157,204.895,17.375685,105.704346,186.23125,61.4916,229.2798,140.0546,18.343227,120.229,3.4076757,49.98779,182.45982,59.277966,54.636288,75.010895,205.7811,20.632227,54.65952,66.43889,3.9614058,455.52667,133.51688,51.89067,254.76805,38.337063,132.09508,212.12038,4.4451613,61.978264,25.675226,287.82867,69.65956,169.44844,154.50267,94.36993,232.75635,140.54213,104.77645,60.76464,156.37328,303.15204,103.836075,97.91882,131.60324,306.90466,17.80954,46.993645,97.6874,345.16235,249.37239,107.93174,99.90735,239.09634,531.6073,272.0219,400.70786,160.10301,88.07262,87.87997,45.1105,177.24963,89.60543,149.47374,618.96765,286.9517,241.63531,266.27133,197.63712,143.77795,90.369225,224.96182,110.59361,43.060318,123.0638,40.96648,156.07729,169.61882,84.87675,18.214949,22.208647,126.74998,33.087303,60.32427,158.48586,80.81718,358.98767,158.48302,270.9084,364.4265,132.32077,276.70633,231.25845,427.59326,41.96147,208.49272,210.26244,119.44436,115.66002,47.224823,252.09819,177.29344,50.221104,74.490906,79.191055,193.40111,87.95089,34.270817,179.67697,300.6863,34.92096,120.48968,130.74625,143.85101,246.9326,229.03535,1.2189701,58.279495,223.35754,176.73999,305.46652,69.48324,8.94062,95.97762,6.2855053,163.93597,67.04767,27.65309,19.147917,448.0595,445.31784,284.69403,209.70967,111.87993,30.891912,119.6465,85.01344,197.79008,421.64288,71.38613,324.88757,108.73336,190.21872,67.62523,154.00807,105.77789,32.983566,165.97908,139.62811,15.098946,145.59532
SPOT_272,328.9987,207.76361,7.2529387,32.404926,17.201155,143.6991,18.046492,184.06985,378.49084,804.87,110.60983,35.28699,120.79581,273.10764,212.37387,152.61725,190.57726,58.47288,219.98105,184.00006,127.07904,101.221535,52.43607,43.259613,338.43967,226.02347,395.87885,364.32965,190.96033,18.042084,864.628,485.54,201.68565,183.21016,75.06648,135.0324,222.82707,127.81217,175.2895,426.6695,169.03436,186.23866,167.61313,120.170815,137.98312,152.06902,282.1244,117.6152,70.27977,213.50908,11.05025,52.484367,197.50786,153.26494,10.594939,315.61765,126.10354,52.504467,61.914642,62.104416,192.6738,208.5502,130.86623,190.51242,9.110206,127.66089,229.57928,279.9787,63.671505,151.38641,214.24144,43.46772,381.6181,27.410095,217.95253,166.91139,86.732475,432.90738,46.12342,164.03246,150.24525,24.250393,7.1887655,53.231384,71.306366,336.44324,293.0519,146.89645,23.954243,81.96819,68.44409,272.51187,159.20598,138.62706,201.5245,54.033825,105.04641,304.6656,138.37975,130.33008,94.7976,263.12335,146.02202,242.04541,206.7909,266.94843,327.72754,161.9572,78.92091,160.28467,60.611916,238.9957,133.1732,411.91464,209.60521,172.6593,19.976845,64.28735,304.0147,16.692682,167.8849,431.82632,37.63129,85.23438,126.81566,58.0139,88.569534,203.03719,140.86053,21.050114,519.0,260.2927,330.22665,171.85735,210.20164,220.69833,173.4121,122.40737,279.76984,117.127075,64.185104,244.91457,383.0209,77.83608,27.818657,9.324234,397.94986,277.5772,54.84326,300.66418,117.14474,196.96999,398.71628,70.70482,182.1017,80.09217,411.7236,182.26239,116.427246,164.44063,52.981476,269.78168,147.36185,124.23192,92.647064,20.955357,316.8106,389.1704,190.82306,19.366182,84.950745,21.022097,34.750523,104.14712,85.62618,194.79395,122.208405,95.71703,309.61166,41.38834,273.59006,44.655987,317.69458,196.23674,244.38431,249.93845,30.442627,175.35797,47.31146,59.871094,170.14359,59.56136,244.09518,49.23442,3.5432594,202.75528,271.53015,67.77668,52.801968,278.1931,120.40937,146.4129,119.70325,409.89157,101.99263,106.3205,63.492588,36.394344,295.22717,229.5416,241.68074,16.988792,39.323666,142.12375,3.3325512,87.90577,154.24629,189.68248,150.27066,295.98523,111.21204,222.12347,147.80675,88.1328,94.197014,24.333567,44.50338,83.52885,123.474525,20.795025,344.1295,184.15337,215.82657,108.26065,118.8895,40.021305,215.34462,31.973108,278.66934,49.102894,299.07294,307.79697,6.480722,83.47357,77.23614,22.757011,175.31308,100.23271,172.2149,333.1007,321.14673,95.044785,53.15508,55.40643,150.92227,106.355545,149.55452,0.28623655,104.65312,67.86483,236.84215,79.96162,202.86827,181.96638,146.29533,385.0782,151.64874,469.86328,210.92302,185.9584,97.41217,280.92328,127.41437,77.251396,103.21323,270.59116,86.21153,334.83282,167.08942,22.19665,141.38301,430.28665,116.448654,112.337204,177.33658,158.63652,50.215508,146.50839,207.86328,65.40755,55.530594,216.10706,272.5996,269.32736,13.040156,414.79388,102.01727,184.48367,94.55169,6.092142
SPOT_273,43.774162,77.43177,80.76118,108.96708,154.89186,76.32136,78.790016,104.79002,180.02795,158.26642,265.7554,146.11858,111.18492,297.79434,238.30855,178.34888,161.05539,45.590485,223.52531,162.75531,15.635609,196.05411,36.5197,13.743197,255.84792,75.18858,228.24496,26.932526,195.37721,100.20546,110.947,210.7687,353.6555,75.47642,57.413967,54.134186,275.53186,288.9134,98.070946,47.619503,66.10412,138.22153,63.69035,347.78293,185.64569,187.52664,129.5876,141.36711,66.86101,128.24742,27.880487,112.56552,68.45502,321.3106,20.68845,104.150894,13.777758,94.85949,111.714645,102.13171,115.96491,27.289524,196.90063,92.540306,123.15771,198.12173,91.36767,52.43467,180.98619,143.4347,120.434166,25.919197,120.46364,103.38118,186.29573,118.1097,37.215046,301.91248,238.37894,11.261512,181.66835,117.221794,96.06616,288.08615,303.70386,215.6101,113.45769,170.21869,60.257774,197.20601,232.17534,58.687134,451.4409,72.03455,185.34131,296.85315,38.71064,41.716606,2.5927129,325.53888,59.731983,333.80453,224.09933,135.52905,100.20551,195.05841,16.046953,17.532759,209.46686,194.8568,33.09006,105.734955,305.77594,139.73631,374.90393,105.49835,311.39386,1.5153399,34.13617,93.007645,1.1538651,102.69816,88.546684,188.3297,466.3646,151.65791,96.5023,100.4069,286.38934,136.51118,46.283787,90.44629,281.25256,7.4071913,7.0426707,388.9079,143.2477,1.2929338,19.222788,18.542913,169.22092,401.8657,215.35686,352.58875,220.7805,137.34804,225.16988,9.038366,10.687998,286.29773,103.468254,96.566895,136.8921,28.744078,185.08577,116.031,35.85012,13.150665,70.42072,230.79323,75.73099,96.99246,225.53975,102.09841,79.985535,32.764233,160.54053,40.0782,255.2678,154.52365,81.6798,81.58571,0.99334407,28.017653,80.96388,28.104164,90.5626,283.83893,39.62351,109.90915,11.256849,13.117666,267.6035,291.77002,192.87614,60.25228,17.46997,189.63524,343.0589,246.75226,20.530132,610.5138,105.08489,76.85362,183.95961,117.51048,48.53387,34.98422,73.23849,71.79941,9.871018,366.58035,19.843401,67.293205,7.317148,296.43805,62.631905,4.238059,163.70154,407.9665,25.79953,189.66597,331.00302,41.53564,211.05331,78.89681,242.51811,51.358772,197.2131,154.68806,44.462894,16.631628,25.055931,154.71304,60.371338,354.10843,124.733864,6.5029197,206.96506,16.117065,323.70264,57.420807,119.19979,192.42813,38.109734,362.73605,160.95119,44.329548,107.751,59.45645,239.93967,36.040707,327.41055,125.72207,32.061226,180.15134,50.330894,72.72773,83.81261,99.16376,165.5256,267.22574,152.4368,268.0986,105.41448,272.56592,103.31517,116.31479,94.534134,87.81352,135.17744,103.50396,6.7746596,7.5973597,322.61685,155.97176,20.839684,307.69955,432.59555,3.591158,68.92699,222.94719,29.742651,122.06418,339.51547,178.13371,19.144056,156.4414,328.94464,109.58986,121.3457,19.895527,313.76453,77.308815,115.452835,234.36833,305.0544,182.60666,26.815626,115.135445,19.886438,15.88091,186.27213,151.27457,69.248276,81.58807,78.13502,99.779785,279.6274,184.30554
SPOT_274,336.99625,81.32795,96.12105,203.89108,222.84853,89.212265,222.95226,20.311193,142.86406,209.85175,251.43114,83.51007,358.08234,69.23801,128.56384,108.329834,14.140088,49.985905,97.051926,97.07987,88.07928,187.59244,173.93777,37.049362,27.623459,119.90423,64.26506,407.5375,76.77853,369.2961,88.89978,167.8121,84.17006,74.41787,90.19554,123.08409,34.937683,94.85181,61.0958,40.627666,81.23052,257.1547,203.6229,169.77858,77.71482,87.854675,111.96935,214.92041,215.03304,2.9095316,61.863853,142.55974,438.39252,287.40433,221.03564,50.45301,59.63673,373.68494,186.22266,47.15444,315.3874,193.16272,29.102858,43.003998,370.87918,97.7564,244.22672,43.557575,97.74336,107.50104,78.07486,210.5486,331.17703,109.918816,90.69443,103.98654,293.92285,231.48058,83.21872,172.25212,103.0825,28.320194,74.46953,89.06279,224.62509,56.98573,87.40454,122.58597,94.374245,260.61945,377.8888,119.3804,439.9151,5.205517,202.47122,34.126286,312.8902,34.594345,40.27167,157.41495,275.91974,332.11688,93.29598,153.5088,9.909839,96.443474,403.42148,190.40628,236.17583,12.487282,19.292103,143.15372,114.98238,65.77864,128.77293,261.9676,166.51657,76.06703,359.76962,302.03986,27.369135,156.17862,107.123795,75.24834,160.20773,191.25871,178.20303,107.24301,215.6702,35.182858,41.53269,150.14005,92.79747,118.29562,233.16754,250.32791,93.674,361.9542,111.27637,212.87076,39.405678,28.33667,28.162464,168.55815,79.352066,59.227993,107.81506,100.141495,133.31116,141.60602,2.2911966,367.6264,194.25258,127.10996,146.89833,133.89412,20.6461,43.924267,70.15856,261.20474,36.296783,67.87765,332.43777,34.50481,22.633482,219.69011,70.40714,380.56873,334.6475,105.05898,66.0601,90.74651,172.91832,32.6859,199.5111,275.54242,137.57652,18.913479,311.2436,149.00197,234.95439,130.24353,111.96001,132.50525,43.8613,94.409615,119.017685,24.08361,55.46836,102.19962,37.681274,169.85217,18.834663,193.70212,209.4255,127.04146,367.90173,92.12894,287.87335,90.422714,102.68877,163.78288,66.38355,271.65213,23.8156,35.260723,95.896355,102.72526,76.91534,19.518066,17.759829,227.9089,174.01274,12.97326,150.86151,263.29044,273.4405,125.10726,63.840366,26.654337,58.878044,104.74247,362.92618,106.88536,73.24915,111.876,168.80556,296.55746,33.74133,21.766155,183.49466,29.746923,110.975624,403.38028,24.27035,21.363459,81.245224,301.93637,144.02116,132.6278,139.4735,119.08042,202.01408,146.32474,380.42126,55.95164,11.010344,219.60327,186.17792,62.203186,78.44408,144.59506,195.18536,229.19586,132.37135,79.6846,7.5409346,182.62927,70.48103,47.30354,111.53259,51.32841,56.34682,102.821594,198.22462,75.0752,87.27167,198.5926,276.04044,99.51178,58.934322,74.736275,454.6173,23.730291,202.67848,406.72867,259.41754,93.86098,104.37765,88.517395,145.6058,202.2068,107.558136,220.52773,250.50587,262.6281,29.746422,174.36642,203.82112,97.73385,286.89774,43.819237,130.15295,62.932144,10.472385,355.34796,150.63931,133.76509,298.08847,332.40414
SPOT_275,105.98289,145.10341,411.3226,94.00006,65.47752,27.881054,92.5873,15.142505,1107.691,314.67685,442.61594,196.57944,229.04422,43.726196,144.0547,121.98329,41.96832,0.52623874,299.25418,28.424244,31.357409,83.67351,196.63654,224.33063,1161.6581,0.6762595,34.543934,164.73787,269.24457,409.84668,613.9658,670.62415,0.40710104,183.23557,183.33134,95.24123,549.0829,69.70543,114.037346,333.90536,133.89789,46.129215,67.284966,137.38164,65.23793,224.49796,73.66092,155.8038,62.054996,77.60601,108.227715,295.17416,506.1998,58.060715,57.644325,337.39014,130.3141,191.46284,60.879284,24.129662,24.50987,159.8721,125.40001,41.413395,197.93265,48.141823,133.45284,116.44174,389.18918,80.96983,37.75106,33.633316,545.58777,80.51093,38.594444,113.6228,30.098679,175.24731,197.71245,324.82492,194.96567,41.98617,56.38325,39.57855,81.04415,27.731897,16.685463,5.587641,58.638588,131.32455,361.1782,137.50276,143.63283,116.2758,97.02404,175.19168,31.136543,144.0125,133.07799,167.20303,21.3859,50.53064,46.6805,58.72468,175.29872,124.772064,323.42496,235.29774,336.07965,20.837906,25.208567,218.18869,87.387726,247.3949,261.1196,272.9704,210.33469,1.8474623,454.83914,277.18674,338.5407,108.33542,33.618282,117.18757,17.068298,316.1476,53.022083,59.16803,113.46861,218.53912,101.635155,165.55344,180.00977,26.298689,168.618,88.37884,12.218447,164.8369,313.97134,166.19989,13.377568,87.87543,94.897095,27.770992,202.06898,171.0982,186.6667,251.21936,31.521124,104.98678,20.222973,78.99159,249.41965,102.092354,252.7075,204.2912,15.974742,224.25952,56.48882,388.06778,228.83502,314.7626,42.181454,102.01117,135.45193,3.8319185,221.80006,98.18188,35.191044,64.43905,37.96832,344.2116,44.272434,88.32886,120.91178,119.40613,86.638565,147.85019,251.92194,57.751232,237.6018,46.27736,31.805447,111.15607,23.765652,313.71475,102.747154,145.55048,168.91904,223.02422,2.3227367,94.274414,297.60217,25.704092,112.98458,91.19479,35.978466,31.571882,170.73201,101.80317,45.230743,160.02275,6.901991,62.97519,134.8052,97.27251,70.55643,35.323524,131.87433,248.95755,63.625523,47.09844,96.4561,103.01293,15.720108,324.73087,109.39838,96.616684,25.060246,27.471571,62.570423,11.612929,2.4258435,39.462147,226.4823,138.87459,22.331512,61.287888,23.231192,191.79114,455.64276,22.67538,283.99835,16.564447,70.61557,29.20479,294.50552,5.392274,157.0743,265.62573,19.233826,129.40335,159.14137,80.35634,29.22661,197.60423,111.90196,134.70395,74.81047,16.404781,217.80278,234.69907,13.624476,192.91771,36.488934,304.16916,71.54357,30.289612,266.667,235.61479,245.11856,6.872072,92.364746,129.729,109.613556,29.668613,55.8966,18.925068,134.93233,245.58981,93.13622,103.678566,316.1228,106.309784,65.8332,45.78217,26.23604,113.66997,8.65827,249.16666,77.60356,72.930565,107.29237,263.37332,28.066793,344.52805,146.7985,173.96965,157.597,325.27344,198.96542,114.067955,243.7738,163.19455,19.48238,81.02079,185.1601,20.066051,165.0109,94.334785
SPOT_276,184.00594,199.92422,174.18913,388.55536,83.61188,32.894535,50.049423,34.588608,90.23784,50.61948,20.741627,217.15405,241.77803,105.608826,39.79343,406.47882,108.4372,118.78227,69.30974,117.30834,186.81178,265.59268,37.230988,182.26418,142.3067,420.2388,56.31254,180.32817,51.87572,2.1834896,53.28963,42.0091,57.604965,91.928154,99.036514,227.37367,170.83757,53.31042,246.92828,323.34842,82.20197,364.2199,182.027,129.52975,307.81744,454.38913,95.6896,197.24463,224.73978,198.20714,13.0885105,15.755843,248.80875,377.39203,398.97852,89.8069,69.552826,79.82573,10.769845,191.87369,171.57906,99.206154,151.93965,348.473,85.056885,36.179874,161.7762,114.637695,131.97043,66.10648,181.64587,21.077936,366.2582,86.014275,354.24503,46.40559,38.50375,211.0086,51.607708,139.90169,69.70143,257.7898,196.13513,384.76974,75.68401,233.2866,186.52605,149.6953,132.8966,77.412636,20.808355,18.746744,140.23315,69.94651,291.21817,5.466614,47.223385,184.69872,93.77797,74.15122,143.95012,132.16084,233.77043,40.763966,153.92137,264.35663,43.593197,33.46555,40.257027,54.277466,305.29254,214.38852,160.35571,65.353584,126.47021,262.98175,6.191331,263.16656,286.3493,229.45547,100.67198,67.983315,203.19421,69.256035,313.8908,5.8609767,145.4075,188.79483,448.69388,1.7343241,64.08888,49.57057,258.72272,26.394152,71.92371,172.10631,72.517456,348.76242,391.67337,616.85693,26.657295,29.799162,102.44148,42.970146,114.37399,226.37752,319.51035,95.94501,489.54678,157.6955,97.292694,16.514194,232.42244,53.6031,61.777447,130.74672,109.89939,105.64091,23.072252,79.77684,58.00882,111.457695,230.23499,49.613968,58.107628,208.44684,129.71097,64.644,187.72247,86.22317,149.03192,21.276438,87.94278,73.12555,65.96512,477.1598,102.55602,564.66455,202.00446,239.5917,87.53181,166.86212,61.97708,146.30931,267.63904,196.50694,88.278336,320.8216,173.98203,46.309616,230.0692,39.018265,24.081264,133.31383,158.53253,259.1815,42.167484,117.60693,262.11163,5.6618295,97.466125,171.47603,2.9405744,170.62253,208.93237,320.32773,126.28756,76.953064,73.78265,120.430405,119.94545,129.95795,141.63506,66.371544,127.3184,88.483116,47.453705,16.185953,192.96407,74.94657,50.47048,230.9412,127.183495,77.61749,86.79802,103.11358,374.26004,196.39873,198.45293,10.730881,84.47699,47.778706,44.72439,36.851295,50.217003,3.446551,247.0899,217.18115,273.5241,158.39555,278.69888,225.51936,193.0029,232.98335,209.61253,28.452145,31.644672,178.81435,11.856213,88.37047,65.16701,110.2146,190.815,8.510362,507.71204,80.76353,71.667755,70.35464,72.84862,71.833954,188.22278,451.05963,43.848167,296.54004,245.53943,253.67455,142.28473,119.80499,218.1648,54.78871,377.4574,274.7534,75.981705,137.12689,103.13452,58.3781,169.56995,127.1931,38.28193,204.03117,87.37328,243.26186,175.73404,41.44507,4.42346,47.871937,176.72646,52.628353,96.26466,71.07414,224.94423,139.64008,148.59242,251.80286,177.34138,11.50529,123.23153,122.070816,252.9195,128.7715
SPOT_277,314.00693,149.94107,188.78905,181.24425,4.459882,41.66878,101.21295,274.05823,608.45557,698.5989,1399.5662,591.66504,111.12372,43.878746,26.019896,203.8463,264.89307,137.3326,8.43518,81.80714,72.816605,67.06442,165.41994,134.87047,284.5117,43.60486,260.78046,48.356056,37.293934,123.58377,474.19995,1424.9452,5.6347885,85.757866,213.5951,58.141838,65.152664,109.85407,67.89124,132.34264,60.333637,364.08588,265.12064,42.709526,310.71024,336.63504,48.067917,112.76059,85.03402,21.022062,86.4542,62.04978,482.5285,210.27356,88.35356,9.029265,106.63462,103.465096,122.76834,41.147255,64.964806,9.340996,132.1068,42.163902,65.69442,134.21739,98.07212,120.19655,86.32857,105.07179,24.360018,140.27219,7.9940505,140.01024,164.52878,183.79826,5.732259,68.763306,198.86156,114.91042,175.95854,125.63988,126.375786,304.04755,98.8826,110.97691,256.1883,159.14981,191.9388,218.81194,67.273994,72.56818,330.50717,68.75346,136.42683,280.59048,308.10837,316.65247,93.16478,38.876617,33.763813,398.8459,99.199974,206.49146,139.33112,196.14743,2.3918514,288.18994,116.31294,122.06363,155.30421,216.45618,262.5007,252.61986,50.52262,200.67009,53.191597,42.03468,50.726105,86.48984,108.66294,219.2102,240.03264,33.557835,310.54266,14.248862,333.08063,165.90656,79.918785,165.6557,176.66422,10.998479,446.18387,41.769608,289.40683,215.70915,363.9107,289.6342,195.03044,41.955025,59.019085,310.09763,195.89125,83.9396,215.72433,27.58362,62.780907,218.12424,137.56029,48.02968,4.7038136,177.63707,222.88937,514.6729,414.11032,206.01944,267.83542,257.75882,340.4321,25.202095,305.1313,37.16915,160.96985,44.283092,72.95369,13.541906,232.52933,85.47945,265.1585,196.00185,34.885654,151.19809,270.66022,27.114185,121.14989,273.60327,79.4704,26.54613,184.1439,23.68237,305.3257,55.700924,240.72878,127.6527,309.69818,11.150135,120.45405,140.93044,282.1796,107.45043,397.36954,157.02383,63.075333,229.16,73.74561,236.32805,128.06245,204.45041,0.58819664,395.4782,42.1679,240.15178,257.1102,26.17744,58.211136,449.61356,192.56346,113.734146,86.0083,17.51717,108.38905,7.7850685,204.08675,80.39442,199.945,187.70856,133.50558,9.384611,2.8584676,40.25702,81.953865,304.04456,61.26794,87.812096,171.42732,12.915821,108.565994,100.877815,31.326122,187.4208,323.93417,96.90891,274.42044,100.01135,267.15375,6.1620307,6.880193,484.95825,344.46692,82.89415,34.452785,408.1222,23.767237,180.98448,56.57312,95.85522,448.19974,72.832886,160.18784,92.00579,125.68286,165.74359,68.59713,62.30623,105.45975,182.59344,237.70511,122.837265,326.12088,44.823654,89.03397,22.635513,324.19403,96.54695,138.45157,21.630222,8.5030985,185.2728,108.80672,226.07968,237.04228,106.371506,68.13069,179.91441,127.08926,125.03743,123.26248,102.51747,307.9106,21.670347,60.91075,75.60889,63.999493,52.8079,129.28322,89.39463,151.09747,193.23683,244.9595,140.29248,52.54526,223.83005,82.63014,287.76212,125.72153,87.245674,65.202,175.83395,217.19077,5.3220835
SPOT_278,811.3975,188.60387,22.228954,1135.2211,722.61957,145.6991,408.29428,83.109375,277.80554,312.4841,445.91666,69.16718,7.4340515,112.511566,277.23358,250.42574,76.55103,40.933636,65.88263,223.62212,711.368,58.589615,243.26465,205.62523,397.60052,395.7475,243.404,121.17502,158.3403,202.54921,505.64468,220.65897,124.7526,26.043434,190.71303,100.5748,997.668,109.79578,16.042843,135.86523,2.0686972,131.88861,95.65674,32.483036,100.48682,256.38675,321.5781,365.25504,233.6977,161.90555,257.32977,19.492664,315.67062,520.79663,207.5504,104.71242,132.20674,30.335938,57.887188,80.77334,409.06,136.92583,40.048035,0.538681,112.881676,44.24683,231.65207,13.289894,18.917164,1.5426301,151.20001,215.25348,151.14153,347.16394,269.41943,127.9707,39.95609,126.70783,311.2502,398.79724,323.4176,278.9887,74.57199,17.014767,399.8206,133.69586,27.767094,211.16328,250.40947,257.37598,308.9225,45.495472,262.69492,352.92865,171.139,287.08276,47.49024,56.203056,7.311226,24.572401,70.97136,38.583412,211.5302,174.45717,210.95428,128.25581,251.65776,268.51715,171.63977,143.00117,114.667946,54.89488,68.95394,41.448772,87.98888,151.86905,398.1753,313.0035,104.345894,47.711937,96.78189,117.005714,247.45737,207.54741,51.124626,107.69802,25.082323,130.80426,213.75133,42.696823,171.92001,191.31947,52.287926,103.66465,305.16135,128.65637,100.90777,97.44944,369.62433,86.37039,87.48883,123.5705,0.25377408,100.993996,48.553852,226.57808,98.94165,241.7617,32.584007,116.62234,287.23532,39.013744,269.56067,40.09926,73.82911,172.71527,63.471546,2.2907686,201.21956,115.21526,152.62747,262.44516,237.66739,86.453735,98.62501,295.20822,43.196186,59.85312,12.702615,383.45306,67.98326,3.9134014,283.7951,304.2064,108.00881,299.902,94.245346,544.7279,1.1776139,124.3079,102.26529,80.83792,281.52963,114.4411,192.56035,42.316277,81.40451,13.778631,110.60417,20.42897,320.08466,42.526646,76.61989,324.0957,214.38118,211.37325,116.33039,222.84807,256.46655,174.9732,142.27019,262.6571,273.5373,199.49086,65.3455,8.9331045,165.96916,106.464775,34.65295,228.74818,231.61064,55.375923,163.32797,332.0886,351.91895,215.31857,13.399683,88.64273,29.434538,125.10192,406.71246,161.98508,225.84464,114.65818,83.62295,121.686584,34.97226,33.532948,124.29905,17.347836,70.38579,200.93567,18.816257,229.41788,251.91779,24.760042,375.33606,48.56776,143.77997,53.789574,18.173716,46.249493,113.8856,82.01847,297.0377,45.331146,386.22775,188.02806,11.346864,118.46526,95.434296,191.94672,239.31259,107.37102,91.03997,107.12392,125.23928,249.38167,46.95825,293.39026,74.752556,66.23429,281.53632,115.07168,182.22812,142.03448,39.140625,13.45484,267.75516,195.55905,379.78656,35.12603,220.6807,20.573208,44.38497,186.69029,102.89749,394.75027,98.631615,82.02204,150.05989,54.450897,293.18454,8.929869,65.13372,242.98619,152.10587,77.139465,162.81042,6.012788,29.453228,31.191607,178.2512,77.97822,14.410452,209.23082,191.32233,218.8583,90.12973,54.35754
SPOT_279,313.19257,39.75069,432.5735,825.66785,326.37885,121.47967,37.77239,64.53346,135.4119,111.53695,64.63703,27.238064,293.42892,54.30102,4.239037,88.69065,133.29607,9.15806,172.11276,122.57269,485.8993,162.05212,122.92284,112.2981,408.37347,469.837,139.01155,267.26883,263.38388,29.530598,40.1528,205.90587,250.06906,45.596355,16.890764,133.48691,298.54608,5.8138537,55.959797,16.01398,135.36139,148.6175,42.153645,42.11659,375.55457,352.10196,268.4487,38.374756,90.16012,111.09212,292.45392,169.90427,50.46759,40.481766,43.81569,189.88327,185.77684,57.383495,26.571001,61.24928,12.835671,86.85352,313.68283,140.86021,59.571198,66.79031,128.15445,139.96074,124.28113,192.49727,84.267715,271.1415,2.4009063,86.795425,59.456264,315.4106,33.740326,42.662132,78.821205,28.58057,134.46579,162.80872,67.37622,176.59644,138.43791,60.636356,53.13272,97.46478,56.07744,15.759435,159.04826,14.137606,64.13592,91.11775,71.81197,193.82751,42.55735,86.258766,139.9985,32.199135,609.0727,58.271744,312.10803,74.596985,203.49197,47.800247,263.58206,325.7951,17.335129,182.56505,37.73824,67.581085,264.18024,150.59027,101.530975,74.83982,167.47014,21.450212,57.020866,212.55496,138.90514,171.33199,70.92247,404.019,210.2414,167.02031,241.28459,22.522701,54.75212,269.18927,140.07288,71.081055,5.4249744,9.452703,60.729527,98.62137,149.24733,336.87036,71.40844,333.35498,58.019356,131.9944,202.59238,23.4357,361.39313,250.3555,261.99564,138.01404,6.4898543,28.241537,242.63705,197.5608,384.4661,385.8426,14.381494,103.29047,185.98254,257.1146,354.53824,236.02028,43.791813,342.89658,91.70858,132.95233,204.1743,65.19391,32.899097,46.01123,300.82404,163.3503,124.42672,36.447872,34.62506,163.69771,156.77147,67.65445,230.55638,26.481144,2.404243,242.26434,154.17192,177.8158,186.93428,467.30844,74.97331,123.85201,252.74239,212.32343,263.71472,81.31506,67.99022,174.5768,42.21431,248.01471,39.984188,566.9699,289.40533,530.88983,47.99583,135.52167,423.05225,26.181416,29.28022,165.16699,86.93378,241.23915,116.80629,193.02121,334.22162,117.16159,267.00223,80.056496,76.76036,217.83531,351.08917,102.298676,181.68964,29.351698,136.73126,60.17439,10.0269165,129.88718,69.48407,33.43186,109.008064,140.81917,63.58908,92.47594,125.272606,323.2663,254.09428,53.034435,136.68457,44.040894,218.2757,73.66509,383.61774,194.06917,66.26955,250.70058,66.055466,57.48021,173.6093,92.09086,318.1084,71.46192,396.46402,22.890148,75.10965,334.7423,252.94109,273.79816,38.706085,110.576096,120.37546,49.702175,484.83582,84.19971,329.44473,369.7009,79.62462,21.683815,238.48375,96.99885,2.7172887,19.113033,85.92324,54.204884,84.11907,6.0081487,211.87555,3.4156027,27.015896,202.30408,37.777122,11.739672,442.35117,92.30921,164.8258,395.9272,167.38168,19.524338,81.673805,9.936633,134.76132,264.45627,12.9971895,221.42834,0.8811116,11.115415,69.45778,135.73108,59.121616,222.70624,82.63943,112.927155,129.54205,194.39769,15.578659,96.82261
SPOT_280,168.8554,179.55576,161.14877,267.62674,379.16165,304.12784,302.79886,279.79532,51.65579,119.14569,69.76954,75.45789,89.219765,151.31252,108.65635,253.6253,72.04685,368.84314,196.86502,125.6377,130.70285,71.05313,3.3050385,316.137,18.602613,41.54185,148.0679,170.07489,94.91522,264.51523,5.2958283,144.78545,31.47664,25.770378,240.58582,195.79984,147.40121,298.41077,229.67847,64.3555,152.37074,322.38315,228.2854,218.02348,107.047874,240.05434,193.25499,228.35858,16.2087,119.63136,136.05417,151.33333,240.49452,109.78839,115.27426,148.14693,17.58433,5.6052184,422.4861,64.416626,307.46646,129.74382,69.44354,66.356575,90.22199,109.758484,41.159466,166.9282,195.16673,2.0111697,380.03757,120.88146,2.8996246,151.47647,393.21625,279.34268,25.269775,70.70068,37.44249,196.6389,21.485615,306.41278,347.48538,110.39768,134.61209,453.33594,294.24014,236.61899,93.44888,142.55602,302.16742,62.341576,300.7752,526.61597,227.79517,77.98187,10.016078,37.805233,31.539167,4.9420266,198.35757,76.756355,41.858955,245.83635,102.74076,131.64459,197.33325,1.0126741,156.29399,26.090641,121.79834,229.98921,105.42682,178.684,29.632298,35.692234,165.1814,65.868805,127.50383,122.53717,154.40211,105.290054,375.48267,35.07914,198.83604,79.54646,38.592827,47.4413,316.84293,474.57916,51.877575,339.9072,51.494896,28.630844,507.3217,95.82915,4.4971876,254.01225,82.22817,295.48172,318.51276,93.85712,177.31618,37.157375,30.724257,96.6087,101.89212,108.016396,113.299995,274.97296,24.572525,38.38804,22.609777,186.55836,166.97826,116.37224,75.25433,106.14858,109.60136,513.56616,50.305542,214.90236,427.77505,199.90402,63.584114,17.551342,595.3297,421.3593,3.130075,104.77741,201.24185,6.1348505,106.060486,174.78326,180.74825,232.07779,125.50468,43.16959,245.8761,85.34852,242.29845,114.25005,7.4237094,177.78882,144.98035,39.133568,13.877807,125.5475,189.95074,58.83457,51.86516,42.845764,48.46217,48.66979,179.45833,291.27362,157.85399,83.60282,118.30208,48.766212,36.52445,12.673023,89.33843,77.065254,130.644,296.52695,59.82075,538.78467,29.436914,159.96678,26.903288,65.748764,77.54274,1.0313166,29.099363,125.0664,51.192997,213.8926,58.785835,22.89882,125.49472,116.31083,359.38403,84.82841,143.40988,27.302456,257.3659,117.42977,100.21444,107.35993,77.70227,71.1166,223.7389,227.65996,66.97204,77.69522,289.154,21.087141,74.450676,105.11467,190.75275,361.83533,442.82657,389.13278,94.10445,83.34024,250.09769,107.66218,112.83381,49.59861,143.30809,8.2012415,93.98239,262.3962,11.773105,115.42218,179.17776,171.956,44.17349,6.5495415,66.797356,95.56167,192.6876,12.150757,52.217,268.20657,63.45645,433.03055,325.3412,129.54227,13.554573,279.55322,75.60531,67.38596,37.000954,145.43796,13.758904,90.10409,22.965467,242.75244,16.080431,285.7401,288.13562,67.61791,214.13377,291.45288,76.84729,143.41798,83.42476,59.477722,258.69473,68.96277,167.88849,4.4428563,78.80379,90.51707,33.572216,50.89417,14.380741,57.63937
SPOT_281,920.3096,349.05182,157.3195,703.0193,97.532715,169.69922,308.74442,81.298805,131.71674,132.30913,251.53035,121.099915,265.433,68.0571,40.451256,294.04254,44.965176,189.02907,185.21747,294.34763,369.96747,233.41875,407.34808,95.09911,276.11725,651.7896,73.39816,86.38923,252.58356,33.881794,83.709854,389.13007,72.51847,109.92527,22.709042,56.454536,365.82623,0.7039261,139.46986,298.09006,80.46003,40.779194,135.1107,37.00772,70.21846,130.23625,3.201111,311.51654,113.05748,489.96893,214.31903,229.23523,110.75352,63.37753,192.28165,237.53773,147.88557,103.8438,322.95825,32.15341,288.96817,517.7691,76.20787,320.71106,59.58937,236.05437,11.488692,102.05937,90.84819,31.818626,266.93668,244.17299,208.87871,33.694878,175.00989,90.2328,62.5243,64.35974,300.51956,62.297894,56.60735,1.8146682,45.22284,245.21832,104.5829,150.68951,54.12001,5.5892982,135.29051,60.89852,94.315254,65.01603,37.137363,330.18527,30.12075,124.67801,4.3854756,21.234243,82.9615,15.891556,292.2298,262.48666,470.497,274.48105,38.488758,159.41933,272.49167,25.713573,167.37279,178.5609,92.05143,69.7108,249.28122,147.26543,30.120787,340.5476,48.34907,276.11407,101.75558,133.54456,535.22687,385.44553,250.0736,211.42728,164.76337,23.09292,201.53915,201.0553,351.96957,249.60246,303.38068,283.2476,192.0904,0.28213513,429.81793,47.040516,159.80917,105.07634,304.70215,190.36597,76.53089,32.145782,44.83169,56.382904,292.94443,50.817486,93.12413,100.81491,7.5259333,141.94179,410.2103,199.19887,186.59799,361.81647,111.3974,228.50026,23.393372,284.93823,68.29831,86.47276,208.16388,136.82942,167.20567,31.358875,198.00269,73.97954,218.63892,21.451649,199.84099,47.54027,370.35617,60.43754,16.764563,119.344635,69.74221,93.24162,370.69785,376.59885,21.338827,256.06964,28.978954,78.01475,276.47885,41.899097,179.978,84.86045,145.35759,6.5075307,59.07861,122.645645,124.79246,55.31975,154.7857,281.20187,153.54935,190.3733,159.95741,41.10978,75.72541,419.21423,394.2742,160.49933,99.93838,133.26425,244.49084,36.21534,338.23523,206.67027,129.5044,104.67619,302.58636,151.49623,85.80788,133.49504,25.952904,64.79404,157.29672,26.982193,350.67395,130.56879,74.57222,126.77501,258.1373,75.4114,347.2955,54.223038,247.47612,104.341324,28.507336,350.4568,310.74927,25.99813,63.551243,57.29602,208.12907,144.93764,292.92026,115.92715,90.62075,83.148224,126.99582,153.32156,285.8877,306.4177,206.00035,28.62862,139.27496,11.885514,5.8002625,130.10323,98.394554,80.819496,94.79697,47.48333,63.917942,132.58228,132.04285,46.57988,275.42783,280.48816,30.234175,0.6834159,188.90193,315.23502,134.22318,117.845505,132.81305,170.93634,305.2849,173.87424,151.28769,47.895267,137.22588,47.413296,237.45021,45.037365,180.248,60.49725,12.389234,269.06937,9.574403,179.20143,2.9690413,373.2903,153.91156,145.96407,341.99033,164.5389,19.431932,53.564964,77.38274,65.52119,1.2546523,72.81292,100.04968,264.45895,18.563187,199.01367,238.2147,64.17538
SPOT_282,49.375633,251.06433,45.95147,585.27686,1404.4962,35.97008,81.526794,48.452625,163.11475,125.81294,174.91115,212.55345,65.409744,436.93823,121.03335,816.4819,50.822395,255.0833,133.40633,104.405846,175.82964,300.51526,243.8108,202.96104,63.5635,166.48466,109.96688,273.51218,48.194683,222.65823,140.06165,339.90268,139.3756,15.150156,34.185444,68.13387,1256.0784,20.405708,43.61882,7.7331634,9.032235,208.27396,79.185326,113.11375,28.243748,460.6621,58.59747,4.401387,34.89917,13.516857,38.438812,170.95982,154.33731,36.98051,276.67776,291.8079,49.887993,392.79504,46.458054,18.318548,327.058,37.75674,122.03833,194.3669,85.53235,97.58254,37.45204,279.074,20.744005,242.2237,205.5964,33.874187,202.48346,88.22091,197.00436,1.6095012,58.94423,92.88891,306.19604,56.861885,46.82768,79.28336,204.48166,81.43037,154.2773,84.44832,339.73288,85.95757,73.69011,118.995186,547.1531,52.79864,263.68945,244.40709,239.36383,241.04327,126.856995,1.6533978,413.37936,93.00906,115.726494,80.18527,275.2694,191.17616,115.85175,442.61255,64.84204,92.54117,89.786835,207.60948,62.754307,122.5082,12.656868,191.9501,197.81522,229.60278,137.10326,53.495007,61.241184,225.4148,59.014946,268.01398,152.80832,241.37766,57.09968,196.71654,389.7901,21.649105,118.75201,197.53955,299.66757,289.19833,96.76134,233.5152,18.721634,26.623436,23.320484,276.3352,198.65356,46.378193,386.79453,111.702934,277.4394,1.9036088,194.41222,6.7819815,87.43224,90.14903,448.23267,46.1326,372.9858,74.39294,155.64655,299.32693,62.759422,280.3674,52.899055,83.81743,326.69916,72.99799,96.227295,156.44347,0.5206236,58.55022,429.11618,207.32309,41.618576,230.70593,106.99086,166.8605,92.956,210.04047,2.4119065,122.80679,254.14853,8.347267,192.5989,294.1214,12.17923,176.29861,53.203754,175.81206,116.089195,54.468685,65.35291,128.3667,20.7828,1.1038653,78.01128,48.19289,271.6467,91.7146,115.10988,19.657154,11.540692,35.573654,5.9969883,82.02526,158.07974,12.990731,5.10426,154.854,176.65617,102.25052,31.46799,195.6169,169.50473,110.14029,1.4074517,120.671036,265.45847,245.67929,158.81401,239.01755,93.741684,324.87283,27.292046,140.9625,295.38635,37.768993,348.82675,227.24796,98.89454,74.77684,4.107219,255.66843,284.61365,43.21312,259.08572,2.593772,34.268753,311.1785,127.39378,237.98123,129.81497,94.453896,106.51084,0.59620994,84.5256,143.84428,82.434135,25.481544,138.8239,3.016684,14.215549,32.73677,295.90015,189.18762,29.135305,384.46906,184.56973,233.96437,153.31201,50.784897,221.93602,55.211,252.87518,203.94696,459.76505,147.1904,190.90224,181.79759,90.94597,9.686565,67.77797,504.16885,234.414,1.2363377,34.188824,162.38788,119.84436,26.927835,1.6911372,150.63156,111.77055,86.63725,417.16907,192.14606,278.15527,167.87286,257.68,265.3695,53.052567,57.124527,236.58084,84.73394,146.25333,116.726654,167.71507,4.99235,118.6764,18.25991,295.52924,102.25565,54.70133,27.94784,99.09097,85.47886,70.517654,35.942387
SPOT_283,882.0584,82.008064,9.217779,150.9257,689.469,70.44731,136.42854,104.390144,239.28622,230.96431,191.84712,190.35272,150.70857,246.40106,69.98206,36.814632,344.4413,227.21658,131.93414,115.477776,91.335335,47.239796,95.3381,225.23811,109.50834,942.32025,137.23483,9.582706,39.57277,77.0989,28.663675,73.459496,214.25533,132.41621,183.19058,462.86087,1282.0945,122.25219,146.17387,42.935215,209.67847,90.16751,432.32248,171.58363,356.5359,276.23596,267.59018,75.40234,11.967417,254.0684,244.31723,4.003898,474.8423,185.24986,241.38515,385.2845,136.56065,117.58825,32.12934,249.12323,211.66862,171.61642,200.10567,192.91563,46.2364,63.455948,182.10922,291.60876,34.39687,39.03611,67.7205,147.87343,155.33235,266.2764,171.98587,125.38132,170.23824,113.505615,94.76798,107.592415,203.62738,207.26555,196.91402,340.63345,4.6030083,106.03598,335.00922,106.5856,116.9332,156.71693,146.9179,261.40854,94.25775,30.314058,38.804356,48.597908,177.97234,112.198746,188.9808,36.46345,283.84616,60.873844,252.88388,128.32144,1.6852996,50.848316,93.53364,140.04219,34.243492,93.47002,122.64859,58.42951,25.675583,29.667225,88.69589,85.61237,216.83757,186.72368,338.06525,162.42139,32.86003,285.53918,202.17487,134.01941,21.12401,173.94887,140.00014,60.542812,430.75494,198.88617,10.974187,98.34792,241.89978,83.14878,86.7661,26.693558,9.71679,94.44407,51.639626,272.5376,319.78763,103.15925,194.74757,371.0275,209.84065,91.082184,157.86317,152.1998,103.67289,109.92972,173.88377,24.700151,87.530174,85.96425,95.083176,13.522361,180.73451,66.1992,209.46806,334.1831,11.010786,252.89143,160.65132,15.33419,135.02962,132.41342,132.17049,221.54309,42.47625,180.72574,182.74583,208.64824,140.6646,445.01483,16.376453,159.37854,528.579,110.13633,88.44002,360.28763,139.45251,15.095251,98.30183,230.9147,235.18323,145.34949,210.98076,182.81209,49.697662,149.27672,102.05454,186.85805,64.59469,22.955425,195.59378,141.05692,298.5493,313.10352,103.806175,199.42714,232.30275,216.19873,344.9274,171.16014,5.4312005,90.299385,35.491722,8.130616,144.7536,116.613434,58.156654,216.38832,257.51697,322.32718,38.557743,191.36703,84.9561,174.73227,106.370285,146.74657,162.47096,87.74092,271.1685,9.878726,7.481927,99.27214,294.09955,40.971546,65.442566,104.96663,6.909544,301.13126,144.0289,144.29236,112.53765,14.63929,96.28238,148.42796,67.31888,134.01453,31.857702,77.530304,186.20923,331.22076,72.61593,44.71765,32.185287,162.28894,37.13566,39.159435,150.41069,51.1428,23.289822,288.29755,174.42403,477.79782,351.6504,233.01689,267.3816,122.75935,20.904781,15.559292,80.78393,61.311207,595.1022,0.38334623,106.17924,67.424225,16.822216,202.32149,173.65042,8.521663,280.23273,29.092201,55.422935,208.8546,242.65445,20.881273,122.55772,149.87204,40.500774,80.12791,90.683556,160.72209,25.52728,51.59593,75.31434,33.759598,7.590866,104.020775,285.8597,38.541824,204.21344,353.5416,215.44157,231.96106,33.46016,214.97571,25.819906,56.17986
SPOT_284,144.11717,16.469818,15.773575,192.17252,45.86371,6.8682575,7.421488,30.257715,193.39629,233.2268,271.359,105.93655,424.58218,72.23488,119.86837,162.98573,264.35623,332.4261,116.20392,20.0251,262.63132,23.54424,6.9161844,347.73828,340.6776,66.482056,204.97388,52.15832,24.318422,55.43757,35.69505,119.22606,173.19511,46.06763,182.10341,198.59554,197.02306,40.439686,107.51416,237.68082,146.59317,402.30865,169.32843,60.235096,116.14804,306.78177,113.1231,351.85086,88.90087,328.24713,83.26992,21.850836,241.07703,78.44209,26.834463,40.051548,154.95856,40.542046,112.98986,199.1528,46.67438,87.435486,180.07515,77.560005,175.06029,21.201283,343.41318,105.83917,9.554894,99.88819,38.827267,40.00118,7.6748633,518.8793,94.65923,318.27618,271.4104,77.99994,103.037025,193.22026,58.12498,67.81288,165.66632,103.41177,31.000528,168.55472,167.8316,298.10745,102.242256,68.8465,98.23891,1.8840183,51.925476,242.59335,22.472685,368.8177,4.4302487,262.2986,234.21562,25.180143,39.10076,202.37556,81.545586,237.83894,174.1996,29.46967,69.73267,59.26658,241.54916,131.679,354.21793,21.323778,188.80101,33.9928,362.8332,180.44911,152.87088,185.30573,65.93814,90.067406,165.11917,140.33151,259.13104,162.4179,4.796285,267.59293,23.375692,112.56547,16.54745,239.08008,35.401413,107.897736,177.68538,156.0141,269.66278,94.05097,144.83144,466.3972,310.08316,104.52623,238.77296,220.25813,72.79186,146.4361,247.71661,223.4352,50.5241,116.49911,96.853615,83.747665,216.04291,105.6739,189.8392,91.38897,194.58282,67.706726,188.33788,227.66888,111.703964,17.337608,216.39354,160.46771,127.68577,5.7742763,80.68031,332.3293,106.81433,54.82085,177.63551,225.33781,176.6974,26.905687,217.03812,23.165949,100.826004,20.52816,296.69073,135.86703,82.46422,65.28464,36.185204,114.964554,247.33685,9.960855,204.12138,72.95445,233.35379,35.240562,418.40125,20.575705,56.63648,57.08748,83.79153,247.73389,413.6567,139.23749,63.26374,99.10339,66.599075,22.818642,212.72546,308.6544,62.582085,117.18514,176.76407,216.78232,237.34305,123.688805,102.70664,50.924175,57.91703,41.383106,70.5187,227.84752,136.90123,1.4773885,17.733595,64.85341,212.09137,334.12238,23.387432,36.625767,28.404497,185.67538,93.784424,91.99768,2.234251,2.8839433,116.42379,118.53854,217.61607,26.55165,203.6009,183.39832,4.720458,321.0472,9.845865,61.333607,355.9193,35.85766,161.21384,261.37506,223.80197,231.67262,36.867294,206.82556,299.02194,66.64184,165.7633,354.77545,356.29355,156.3077,206.0479,327.12308,212.56024,243.78995,17.866758,78.77147,92.60408,175.86444,342.33847,82.62431,428.49683,206.5313,179.41753,139.50554,438.79214,142.14026,37.613213,149.0193,93.29775,74.39965,20.677614,136.61215,73.84482,14.099543,37.923515,256.8887,131.26585,67.78681,101.6537,113.88727,118.05047,104.73992,42.409348,52.54979,181.66246,184.67827,156.49191,200.40747,320.0232,320.88168,131.85014,53.340435,52.804726,176.32881,39.11299,22.018541,16.949427,207.0531
SPOT_285,171.67723,80.75241,82.152664,321.47107,273.13284,197.86145,139.22997,88.05429,1210.3475,470.85526,221.6817,167.86623,183.26991,4.8544106,240.3591,223.175,142.74142,49.636112,146.15674,15.934029,63.528168,249.0785,39.201595,106.87595,678.2519,148.08183,4.079715,104.18509,214.70952,18.338186,54.37191,189.78664,180.07837,136.77911,65.072334,218.24928,431.6526,118.01712,291.57,41.958923,40.800373,158.90678,193.17027,112.09236,151.36668,198.65779,44.530273,137.26443,16.037043,128.90973,188.8588,216.35661,227.27658,207.07956,191.12387,103.19437,66.399765,148.93079,258.7267,155.22273,278.55344,35.869656,175.76909,238.85034,145.5421,101.612206,108.00297,25.652071,9.692601,157.56061,11.569554,83.09181,64.56385,204.43713,10.114161,274.30194,171.13396,94.17412,80.83949,19.469017,24.614925,208.08833,97.28048,20.120724,60.339382,126.99335,85.03349,71.22338,85.97856,68.28994,44.622276,33.9962,167.8404,79.113335,30.837357,213.85323,169.45908,198.154,136.87503,73.55675,152.49127,3.3332438,161.85527,396.7459,139.34406,34.256294,93.22415,170.63869,194.11024,81.69286,295.5551,55.64108,10.399624,135.29562,46.885464,20.02733,6.290536,261.9367,146.57953,273.79807,36.825016,122.74069,111.1181,156.74417,50.259148,258.63165,14.830553,233.1752,371.97006,132.44711,28.3569,466.69055,413.05792,317.5451,248.66193,70.26729,35.002186,103.65567,125.86829,237.18295,423.7542,119.71172,121.734924,366.98502,41.45757,217.51344,42.12291,8.986992,167.96985,417.44498,77.46774,134.99284,261.12823,79.72815,147.09892,98.99294,101.90698,125.35664,4.55694,176.10065,213.22333,121.949905,94.292244,73.93278,284.92374,142.76865,355.97916,60.720863,90.90448,9.768789,214.64723,183.73688,20.292336,139.79924,126.77237,386.87347,7.673954,108.37353,231.14056,93.625885,259.63107,310.31436,110.55411,10.12486,258.35837,462.86655,33.969418,71.65595,98.52993,71.498955,240.79538,263.07352,335.2632,124.19116,54.24547,108.7938,55.50968,57.51291,181.60791,81.04442,226.96439,99.36951,185.98126,5.3478317,206.82693,231.61223,393.31854,53.152546,98.190544,85.21185,63.441795,5.721611,15.237281,136.30704,129.37808,12.909976,35.62868,102.6009,48.7134,109.11163,25.39269,145.21953,187.79001,178.09808,87.38168,113.81838,230.26576,70.82374,392.3596,39.6844,98.848595,130.07896,25.03917,368.57385,334.65747,82.82848,100.9976,47.357944,55.178967,0.32257277,160.2164,7.0429473,9.143566,100.140114,70.094215,32.24465,236.7467,42.781307,146.55232,54.106533,199.40044,14.05153,248.98122,78.086494,115.879745,206.82852,15.23659,151.43115,146.27008,16.208397,241.9031,62.48099,89.51574,91.84452,65.05054,88.8506,259.50238,49.172733,165.50027,403.21814,99.47371,117.17968,13.136013,287.1179,3.3452904,70.35167,102.729515,13.839014,113.62341,20.076313,48.941334,94.51301,222.33273,150.03027,349.12222,348.7055,99.642746,121.01218,327.9274,259.3054,309.16916,27.637718,90.56481,154.09169,170.22566,212.7009,127.29462,283.41608,15.913093,51.798717
SPOT_286,83.64436,324.8278,48.180134,53.839382,144.71602,63.207024,32.364574,31.30638,214.37448,55.514812,143.73683,145.25298,185.326,169.1267,127.84615,140.90802,301.2534,195.22652,88.17563,73.178154,11.477428,284.2947,55.726357,193.35995,147.0021,42.37355,31.221945,40.482014,27.857214,89.45678,54.86315,55.508488,187.9042,266.01675,162.46774,183.73799,203.97305,227.0323,8.859783,43.053776,278.06046,17.873764,320.797,56.575962,38.833004,104.43764,213.56856,49.128757,146.68707,100.606606,90.04383,321.0624,262.737,56.38906,152.41722,222.36539,21.949362,137.8437,0.76784265,300.3258,58.121674,208.79475,208.01012,20.497093,97.10495,95.50928,102.296906,334.94485,316.82684,170.5267,501.73492,546.41833,30.16394,52.91307,7.58896,14.835974,176.4714,183.4036,293.67178,336.58356,81.322014,164.06808,124.2906,205.92308,241.618,8.919723,5.596578,10.399444,98.14116,116.0399,74.36179,201.75467,46.367455,90.288345,203.63054,11.130639,70.18988,318.1216,79.8164,156.9121,162.18652,27.097427,377.86188,260.4684,164.09679,214.08304,33.9394,27.482882,134.77838,89.48821,22.078432,2.0408957,23.89097,10.154232,67.4535,60.445324,77.992096,210.503,81.38139,313.42252,252.45815,104.929756,65.4823,43.660027,69.50382,110.293205,37.483643,211.70407,190.78514,10.014549,80.06669,154.31296,98.3059,86.668,180.13031,3.9393704,223.77348,45.703968,417.2883,34.16604,42.616295,51.833996,7.766601,275.8017,131.96173,117.49168,48.42782,125.15218,55.450497,76.918365,371.62787,281.0933,20.998203,40.254856,197.65024,43.684544,400.30527,164.4618,134.71825,17.31942,81.60364,185.42126,246.40048,254.05687,229.86816,117.776665,156.8995,26.761478,173.40338,46.972393,39.715168,111.39567,196.50743,39.0365,96.16283,61.2452,165.65193,251.08861,82.41391,89.69739,120.080536,93.257904,155.40152,127.800575,29.790335,96.40497,112.448906,9.913779,116.10771,67.37685,88.83129,127.37617,219.56062,13.303278,203.89342,15.316065,53.630764,145.03896,88.59185,34.722942,280.01718,0.7459357,59.934845,335.22998,80.62222,422.85522,106.25172,88.867226,163.28616,127.896355,273.61707,51.93507,79.69015,7.3123302,206.83948,179.99957,227.58904,45.930233,189.22884,20.252977,294.22372,223.47015,46.955273,299.3792,95.37667,147.58678,266.96472,51.275085,16.750477,123.98658,73.80565,74.477234,254.60315,0.26710394,23.29522,147.63718,381.1998,31.127478,116.98292,100.784935,149.82428,214.0226,111.06268,182.96745,222.89795,8.181111,207.15742,144.65779,161.50764,178.17686,107.901085,173.45148,40.589012,18.145739,6.8883266,58.80871,329.9048,172.7652,25.868755,275.4194,305.08075,291.24832,78.867905,29.526373,221.73929,129.02643,401.34006,147.83801,302.1032,72.36887,55.876347,13.55489,3.1733382,211.2222,415.89032,27.45984,282.9564,147.0736,109.71085,109.90445,99.929794,106.220604,18.035786,29.29608,441.38956,2.824744,102.77414,234.44653,192.5074,11.710499,74.00059,30.083359,62.198833,23.93604,69.236046,6.3828387,5.62043,4.0506625,26.83433,61.36544
SPOT_287,170.61606,78.26039,415.58044,249.60072,106.57633,146.65074,211.32217,266.04807,29.704086,157.41408,202.0823,132.96272,174.05916,14.505291,264.11795,170.6413,156.29117,1437.3037,40.868694,89.18081,603.2851,114.211075,79.55103,217.87541,49.997753,237.40852,27.412481,70.564415,34.552258,261.52045,35.679714,319.84198,48.821728,16.09116,337.24353,2.412231,125.709206,79.90262,234.19028,77.253174,408.03616,199.19312,649.67346,354.77274,185.9412,200.32582,276.86896,131.52884,182.56973,222.60211,111.04357,42.791553,55.839333,192.16232,334.847,27.313667,204.9445,73.90296,147.00598,555.5306,135.38548,209.63968,172.52118,73.65711,16.566912,25.541765,328.83356,108.76602,202.92476,434.42252,95.48543,47.03098,264.54126,194.14604,66.966965,18.454666,92.60979,98.34335,48.11287,278.076,377.11703,95.80245,67.31597,252.01378,66.295364,20.462236,259.52615,32.930454,75.40086,113.33638,23.703592,371.75995,154.86356,76.72385,247.26727,424.39362,219.76157,12.807587,83.07576,113.64905,127.10068,120.69145,220.93959,298.43634,231.14806,93.3736,102.803635,30.713995,272.86472,226.55055,88.86117,129.40504,22.58615,262.90884,151.50777,43.797695,158.26147,76.4576,48.555202,136.57457,137.59445,103.98018,122.4866,93.16367,192.07294,154.02203,79.83898,0.3940448,55.444534,121.25513,122.84727,230.33633,139.03943,125.78197,160.46333,52.997692,44.21026,19.17239,253.83932,153.83972,470.26935,153.37799,93.4659,275.61853,113.82814,259.05585,125.064285,517.043,148.26404,156.48155,270.31177,60.293335,121.244835,8.786837,43.564598,126.112885,219.15364,108.31627,9.036804,143.14592,229.66571,248.30666,18.907396,59.245705,70.867615,165.45572,156.68137,202.03494,322.49237,60.720352,89.0311,299.43582,106.163315,6.365296,85.3202,67.22658,153.45213,116.65989,56.52577,229.82251,6.8377805,149.76485,165.62384,76.90416,307.37585,212.26285,196.40523,120.02403,120.9482,10.031347,50.39309,9.968438,22.442373,181.32362,51.28728,84.35581,83.50495,223.81982,12.701219,28.224676,67.332756,116.82003,28.469439,163.53722,123.69114,282.02158,343.6383,179.64328,7.9369335,227.2357,46.852848,174.79224,18.860285,8.619891,173.36752,441.54465,94.93886,20.79672,130.41473,43.006874,92.38261,179.56512,91.40005,36.64478,161.06142,209.64507,156.18181,89.00549,403.76047,15.197066,7.886687,40.816574,253.84576,254.30861,249.70665,240.79485,177.16171,89.64391,239.86075,238.59871,2.0457623,94.51736,29.714886,221.8766,71.647545,106.15551,399.39294,125.99436,6.4608154,388.65277,107.88362,58.793137,339.61353,12.929716,49.573215,248.938,113.59454,129.37302,32.854218,219.43515,309.71692,19.180735,264.2398,131.01222,354.68375,40.90181,47.351322,399.75522,112.39138,13.5463,86.20132,210.7564,48.185482,221.58473,137.18512,58.327244,162.40106,125.32643,190.2224,128.54492,28.07733,161.64873,172.5897,171.58423,7.3105745,285.67087,228.4503,97.1618,164.17334,183.62186,52.02429,73.622,100.44443,43.152412,16.756004,38.5055,99.12269,259.60538,52.089325,32.953312
SPOT_288,23.011522,274.42474,38.23683,110.3639,240.52359,101.09968,542.1861,9.110895,40.922077,261.4945,412.14597,157.79926,182.3658,269.97495,201.42746,378.483,37.181602,894.31506,13.112563,210.36641,521.1339,6.3330817,165.40732,43.736465,17.552711,21.447098,69.61111,34.510944,335.51895,64.598045,204.55238,34.23329,22.632742,289.02344,93.65768,166.86076,295.35895,427.43924,95.13339,313.17032,70.40852,349.24442,432.46716,325.80804,59.779804,82.16742,29.147114,168.94069,48.14852,142.29396,249.9763,11.558142,87.16414,139.9469,95.57333,92.462395,27.6526,25.28324,70.59883,62.734695,12.308044,240.81763,267.2777,189.9963,16.100647,93.37613,108.20566,124.30384,223.58043,365.73962,306.77026,128.64885,60.435844,23.971006,13.093009,12.863752,57.73836,229.56729,247.81041,231.1488,196.7496,254.64825,258.48203,49.290836,190.05464,79.253426,166.70699,124.209946,341.44382,89.82631,195.66757,51.87818,102.4805,154.1597,6.2424793,228.0128,237.65642,69.878746,177.83194,81.09115,186.25417,96.72875,125.53456,323.2593,93.60642,411.20493,335.09125,430.23663,155.4394,84.68449,165.96033,133.44577,215.64027,316.31818,102.62173,116.33096,103.99034,185.43156,228.81126,14.38565,134.95834,173.94801,53.83331,156.39539,113.94905,17.23803,34.201954,65.697075,322.17007,10.5417185,107.6853,54.009926,6.452944,94.7578,384.02466,56.23508,14.39419,338.11365,181.518,151.19098,134.5121,41.586033,71.34582,206.35474,184.07138,46.069263,133.70976,116.11474,174.5236,120.22022,144.89812,198.5174,30.949574,220.93388,92.53694,254.37848,141.70432,94.157585,142.64645,226.13454,182.11972,14.393615,137.72319,150.70764,214.59973,89.090744,111.98972,22.333456,61.954014,5.192614,165.67175,205.83061,314.8338,80.570526,198.9802,161.72249,92.82881,210.06366,249.22498,124.665276,73.45173,180.19164,74.75868,124.67045,143.53375,291.3053,187.76633,118.52991,61.57084,124.82758,3.3313968,100.11077,105.29637,342.41846,159.6249,185.41345,131.91739,268.2321,74.453094,81.71013,156.72476,124.37229,166.53067,183.9486,342.22662,163.77995,470.62476,273.73477,26.507336,162.97612,10.473635,350.04752,118.36306,140.50662,29.122038,85.85728,305.52158,162.46243,136.81818,6.2375584,11.338198,205.98872,75.74976,104.79852,33.614693,260.4936,14.999887,382.20297,98.96436,209.28336,257.1193,337.69604,181.29152,0.098792024,108.17165,134.59512,110.28106,143.08693,338.32605,177.44621,294.8999,29.643072,106.61666,417.15857,130.24077,11.267985,0.1527668,189.54373,180.20154,339.46066,274.94086,142.99278,375.43063,69.603134,219.34442,92.79219,91.95911,291.3828,187.55673,471.04428,85.92139,78.21746,34.071663,100.03971,483.017,174.55109,404.93295,437.98685,165.87044,28.825655,268.0092,42.289074,86.42711,63.636585,344.3802,106.70877,129.19336,23.209831,13.727974,32.208355,8.857503,319.60773,150.82582,38.51257,132.34975,159.05403,243.28897,422.73846,373.2875,50.999035,269.475,96.50798,218.47015,61.03226,70.93029,9.240327,102.97906,90.13973,53.377533,261.57968
SPOT_289,91.64962,212.68307,44.067448,29.846277,482.5079,6.6890073,225.62521,262.08105,418.4706,293.598,1052.5592,304.08646,77.18256,104.33249,189.24004,22.924417,108.33216,25.24892,16.436445,330.42017,83.2776,235.09438,165.44315,78.70655,377.92947,255.4882,100.4634,6.7116346,108.244225,502.31973,131.52469,1255.9935,77.62606,175.71284,150.66953,144.18219,66.96224,164.21906,145.12088,112.7579,77.04848,85.905266,130.44171,288.28647,459.62927,115.99704,97.59276,85.00697,133.87344,107.366776,43.351585,87.608185,213.2864,14.473765,63.11113,2.1782014,189.4462,29.40711,285.3903,415.1651,23.90103,200.70094,205.84967,8.845938,144.37936,62.657475,4.7450523,93.590836,57.104424,19.639078,175.62001,167.9323,402.4174,122.26737,116.67185,15.812511,60.690548,108.92217,23.696995,41.19942,390.8792,91.962036,95.65515,134.3701,78.81504,68.421776,156.44232,85.056465,47.46068,152.37688,144.91281,3.130939,146.02406,8.887018,42.22484,162.47961,219.72365,168.07042,96.99227,133.16426,47.43972,196.4806,119.75073,8.704474,36.567547,44.118202,48.905354,178.52904,50.85223,87.20183,218.65173,28.03901,367.93716,196.19807,17.484112,318.59998,240.94498,99.13138,90.086525,66.69751,280.50922,86.7727,236.45207,59.97908,254.00075,198.42223,73.36171,245.50652,223.69151,106.77016,19.57303,90.291275,134.9472,144.18388,91.54327,183.60852,318.52985,61.026108,286.70288,216.68446,136.66615,297.409,157.14214,190.79338,197.0688,161.11736,100.54088,91.48062,45.46313,111.53788,54.95397,95.200356,4.2081504,106.23104,167.5979,12.659462,176.78334,92.115425,7.3161435,212.07014,46.214844,84.339195,52.963043,82.534874,33.82106,160.78944,27.849977,37.12175,184.77483,232.22949,262.16165,246.48651,30.533033,32.295547,60.96092,133.81549,30.175726,39.787018,66.784904,196.07901,5.416468,166.05536,689.3608,317.33563,113.746155,107.17303,223.14485,353.35706,6.123721,29.037012,113.93676,104.829384,132.96812,103.35295,250.49658,25.279772,250.39537,111.51067,419.81146,218.12344,296.69305,55.699677,317.845,88.00304,63.135857,230.23833,148.0393,18.763052,199.37564,82.53337,150.61925,68.64287,143.06653,10.398974,114.30699,94.556076,353.60825,158.61343,180.235,107.91286,42.31411,175.09125,14.021423,90.00737,267.62527,54.717865,45.640137,283.18942,21.015978,260.7176,261.62207,127.569626,6.6663756,97.1524,54.41019,7.133851,118.98297,246.11304,379.64902,204.70238,364.5047,133.3833,106.23084,51.92544,208.8717,172.10129,97.18944,104.8958,66.25199,214.90643,423.05252,102.84128,21.136293,14.951993,109.77281,155.01863,444.99213,152.68967,119.01819,59.409454,128.01161,2.1142316,76.80713,22.973972,57.953968,41.801826,276.94397,56.13903,22.272806,49.133656,46.879814,165.56168,92.076546,182.22203,362.1908,116.97653,67.636826,43.588284,9.41653,291.05188,159.81721,67.55148,209.29408,2.7637186,204.32198,92.37745,137.48578,112.726944,24.860588,65.17509,80.93745,125.69152,1.2453591,140.10146,132.91768,45.89634,206.05681,45.71482,20.092356,163.57965
SPOT_290,283.8663,107.31287,284.475,138.30257,183.74185,85.434525,15.825572,92.25941,156.5389,95.41019,114.03004,154.5322,164.62984,108.20957,43.744854,666.9438,253.83566,51.103897,1.5461924,229.08954,46.34363,206.98035,101.088974,85.338036,159.37746,107.37493,142.68661,262.32394,13.4471445,172.72125,50.966354,11.2693815,177.67424,156.6227,120.501526,105.64844,90.561226,222.25732,52.58149,95.80561,6.2818956,12.712041,85.76447,258.2379,23.834705,46.33191,6.6736765,9.737223,160.68959,431.14005,45.718895,240.35397,65.94754,192.4259,7.855332,52.99316,132.70897,180.45613,204.43512,423.76572,219.50537,274.9256,48.42231,195.32724,2.709534,216.60625,148.0172,51.249302,143.34811,227.92537,185.2955,45.107285,85.88137,142.86829,205.0428,171.5315,11.283788,80.372116,131.4326,153.37433,90.34416,104.856,296.53036,28.66042,224.55153,239.49695,57.385567,82.05969,166.07912,197.65704,111.03034,257.66632,179.61263,294.5335,73.49725,418.65942,72.270645,174.42245,75.25997,271.7213,161.08875,128.63525,149.99413,24.657316,500.542,223.67256,103.291794,377.87738,77.54169,150.89767,152.92381,196.86526,135.41104,154.79109,290.29114,194.40034,315.52856,101.19567,231.17491,182.46385,188.31026,206.12465,130.32542,228.49509,43.208332,357.85254,235.99014,283.83948,68.93154,251.92563,113.028145,364.42578,151.73685,111.16279,204.06032,231.38164,169.71794,18.589252,120.1062,66.90495,111.74759,169.85045,96.58449,206.8677,479.1725,362.90854,147.038,64.15598,265.79355,31.609232,143.41263,217.97687,122.26396,116.16379,252.04907,44.580162,180.64774,98.255745,252.5742,94.57779,176.40208,23.71695,9.313375,340.12332,192.21039,202.2824,76.236145,66.06012,33.3813,57.009315,110.129456,28.610786,121.6606,24.613276,98.88319,223.7114,114.0387,54.986217,119.33624,255.02094,105.50947,351.96234,175.5426,19.830664,47.411205,72.82124,318.68668,126.171196,66.70621,61.640854,112.49573,26.69292,69.31068,62.84809,48.546314,261.04712,361.76334,105.594406,123.99686,253.39925,35.40781,269.47653,308.05927,64.19082,151.76735,155.3975,256.76535,221.15755,170.53621,209.93639,184.57501,80.34351,249.91212,69.966965,45.07154,47.00301,39.081738,329.163,163.80981,63.295166,234.12257,19.23285,89.2883,22.045393,460.01733,134.62332,134.18465,59.049706,70.13131,226.0446,32.719658,290.22638,9.265637,245.80869,60.2386,123.335365,78.77802,21.281597,240.78792,35.83385,137.09065,147.04198,119.48925,65.50247,184.49678,180.79848,76.96305,409.74548,226.84338,79.433716,279.13968,112.962135,28.32921,324.40152,152.88885,182.86832,154.60208,157.31032,93.31261,97.51101,2.1632855,70.62219,111.33077,138.91367,124.36116,58.52723,272.03287,158.26349,48.99082,137.20963,27.893454,12.454867,10.576867,100.68635,7.3868613,281.19708,123.98475,24.670967,222.83966,130.8749,58.87897,9.5570135,162.14536,43.084732,76.721115,225.62566,94.74831,10.339074,203.70439,340.3578,162.08864,111.78552,80.48489,382.83722,179.32042,353.29932,29.539627,242.82364,102.16062,140.61725
SPOT_291,39.62725,80.92886,128.23018,11.695264,237.28922,82.91131,131.455,49.73104,12.544369,253.76506,176.35931,62.215538,168.40076,85.284966,118.88734,238.1051,333.0567,1576.7269,224.63867,33.67592,380.51346,157.85783,122.80446,181.68578,144.20207,146.37589,157.99692,158.02516,176.5661,446.52,26.505219,69.42738,136.60406,193.22571,187.17474,1.9895896,79.459076,2.279967,414.14548,34.474655,176.44159,161.06293,730.5072,366.463,749.04175,332.71243,325.04422,144.48567,134.87549,314.7834,196.52321,278.69824,277.87146,34.13119,167.61217,169.02884,95.2745,150.2871,26.60326,165.9167,3.1193535,111.71722,276.10675,183.28674,140.97368,160.80861,73.099754,176.45808,466.38867,235.71541,64.44153,220.37372,25.527184,50.63103,156.75278,206.39876,62.26332,91.044014,11.57354,119.70891,109.86703,70.543274,282.08743,297.21014,113.63169,193.59135,226.57623,278.2059,24.572098,118.15994,99.251366,246.11847,267.0411,116.67781,7.4397507,188.28893,182.66985,30.131119,83.73693,39.44067,67.13136,81.22495,304.83972,135.93848,170.80733,75.56703,86.695274,180.27374,61.77911,277.27383,101.706696,144.51962,232.90604,196.45038,149.21199,205.33713,179.91989,377.55157,321.63287,15.908834,289.40674,217.27818,395.89084,135.34119,37.416172,265.22885,0.76077473,56.96387,31.946638,169.31602,55.413483,132.79266,136.35278,196.12466,391.20374,273.82156,121.79587,353.45877,58.53948,46.400784,177.36603,237.86029,121.236374,6.414766,8.906645,47.349705,238.5568,75.73959,78.097725,172.04616,8.903895,46.38689,353.6415,114.43951,102.64491,154.65207,56.830097,67.5989,345.0365,173.55504,194.76398,81.02804,22.905973,510.02515,426.07092,201.88678,212.02573,337.29138,200.14268,317.91812,393.4521,53.401833,6.2513027,316.74402,216.36237,54.907528,66.793526,111.72235,60.52814,177.66534,206.39856,105.766174,228.22258,55.364513,115.12309,191.32277,68.040955,101.46909,89.95715,134.35425,65.45466,307.6524,159.27377,25.241976,37.190063,60.76435,252.79759,106.49132,65.75146,127.57853,59.692127,152.77298,18.150673,4.1080985,294.82327,141.57588,130.6936,81.0871,83.062325,189.09029,22.567293,22.246933,53.846424,67.894554,28.586155,341.13535,75.50211,265.01492,31.13909,466.30002,135.24965,353.74884,24.84562,102.72735,16.007494,209.9574,24.557112,121.48454,177.67395,128.61952,563.6824,210.56244,112.73963,123.794464,201.83337,145.00082,366.47266,171.92923,65.97105,245.06674,80.60585,26.166595,118.35635,53.89746,164.63286,13.078388,209.64322,146.459,50.692806,212.24843,52.235657,56.8937,9.088848,356.32806,55.830357,23.804575,139.90569,91.27766,263.8202,97.86117,119.31052,66.19673,167.36014,9.780528,28.127272,59.922077,98.457695,103.64105,131.41878,103.42171,207.65453,166.97858,257.54657,40.90909,36.431843,300.05325,31.56971,46.585297,161.93015,83.76117,260.90652,12.081527,231.96524,26.107819,135.94916,87.47437,134.07814,247.9272,203.60735,70.17345,426.7488,266.00595,68.64996,111.94237,59.943558,7.177822,77.47394,195.78769,95.09505,5.1884995
SPOT_292,66.903534,158.04146,68.40547,95.32942,137.4482,189.74454,141.05693,75.9526,210.19566,170.41013,92.91819,282.89008,182.80707,338.0636,17.31963,146.88089,265.6369,291.3886,324.27203,108.86989,63.09285,39.287384,15.45122,157.56248,96.44158,40.80712,104.962975,117.07285,43.93181,100.18895,130.1691,210.84782,53.156185,356.91806,29.531223,49.169968,40.594707,1.0227184,100.001785,291.3134,257.57907,140.58725,192.13304,66.32914,105.20424,143.264,2.9657872,28.889654,327.66592,28.296337,283.18015,138.7163,188.07884,410.1525,79.23379,247.10712,63.46931,94.3833,104.11231,72.62406,77.08764,19.196686,101.37455,197.44244,58.24113,12.151763,123.63044,5.6694818,92.16872,96.62858,13.059657,125.08019,61.33374,120.26198,16.029118,296.99222,222.40332,93.843094,65.69482,327.6187,218.97404,160.23772,166.28078,73.81943,160.9023,32.54822,86.471794,150.55162,163.17482,291.0983,242.90392,47.113243,195.45308,236.76917,101.47514,291.60754,321.92026,186.4281,75.298065,185.9395,260.36215,184.70285,80.53169,14.106664,121.775215,196.28174,279.27747,157.12296,278.5025,29.10329,30.288942,50.138786,55.586597,277.8665,118.34819,197.78883,156.60725,77.77431,14.865436,90.77869,62.231464,323.61368,119.85501,83.9466,91.67605,72.1511,11.697095,119.35283,53.18979,237.33344,304.47964,43.919144,128.41544,312.73508,63.7904,42.6555,55.032925,37.736984,521.35455,228.6435,110.52069,73.075356,242.59712,58.612915,422.83777,94.18706,363.70944,19.919342,5.846506,67.42568,178.6965,218.47005,109.19526,135.47124,97.42077,66.725426,338.27042,151.73657,82.39335,235.47954,54.36427,92.70653,35.387,8.049276,85.81579,167.49605,157.49933,78.897545,126.05795,99.50858,73.88722,64.06902,135.69333,36.792397,102.60827,237.88484,213.33206,14.946327,56.241932,198.09976,33.177643,206.75307,4.7098308,63.19493,75.81459,21.649841,131.47015,190.8387,167.41106,193.51125,167.5627,199.53294,38.884827,79.12147,125.8149,315.95834,96.41351,23.066715,67.91581,108.39597,249.7328,59.116432,85.96664,89.46948,307.01993,31.86518,262.8169,33.072033,159.76862,69.2717,160.19998,92.0935,243.96526,168.37987,250.02885,369.53708,365.49573,263.34232,86.43553,271.5882,114.89777,76.21697,134.3408,230.06577,162.37364,257.54105,32.162167,66.687256,29.468039,11.827819,83.54686,130.63513,80.694824,124.44038,182.92737,11.513909,181.85374,196.73445,249.42302,226.41185,47.29662,223.40544,330.64542,105.99591,84.50114,56.73871,151.08202,66.304955,244.29256,80.944374,221.92451,13.163575,135.02448,106.47464,22.658812,17.97384,63.052902,170.01959,131.3372,123.334,82.72388,24.616175,26.00512,25.724232,18.457048,2.6671603,154.19179,34.380646,281.88568,182.06108,187.28773,102.78844,52.064384,31.398186,49.181793,145.61012,32.496433,181.25107,5.361547,167.94775,60.251385,71.62932,30.406103,115.702286,1.5021938,272.5665,71.05402,114.35943,82.17334,192.8907,82.85897,37.218494,93.99195,61.04279,44.79389,329.87857,55.7968,124.77072,159.6619,224.08528
SPOT_293,157.57674,31.585678,40.83188,86.481926,160.44342,226.3714,374.3713,176.57547,59.881233,62.83571,19.220665,401.09207,233.1604,159.25264,84.31905,98.05781,72.08648,2160.1157,7.931994,268.1886,229.83884,13.470898,112.063065,36.096886,188.28787,43.113003,171.89984,37.239838,115.563286,58.97441,228.05989,205.59943,332.2845,412.66574,23.925358,224.36401,180.2397,85.47139,54.373978,435.00516,125.77122,432.8555,1281.5072,291.89597,643.9761,42.135414,44.14774,249.16965,153.38802,79.57912,96.47144,245.24278,115.35335,152.71265,214.05623,40.512466,161.79343,89.1799,249.41284,5.019106,518.58594,47.85394,277.53183,228.35786,127.02723,149.05219,7.5740995,70.81145,6.36836,291.80902,21.156635,14.201238,21.067715,104.205055,139.21935,203.88052,110.66507,350.83124,50.951893,218.19684,252.43182,261.9094,258.0581,419.36234,227.2745,145.24324,222.52522,166.7527,64.84298,51.182434,71.80125,308.82666,141.49251,340.26437,480.54623,164.66208,36.903893,37.54304,21.736385,292.10428,3.0162349,77.7866,69.011894,429.11157,33.872814,83.68306,9.115033,218.62206,236.03845,6.0240917,38.495644,28.062778,263.76566,351.9181,203.33475,124.22081,346.2844,94.8513,134.68765,11.767377,60.48961,299.88968,107.73572,302.8908,49.639664,130.79776,55.391876,45.644817,453.8224,166.88509,86.140236,290.6596,230.92627,139.83162,83.73325,321.0239,183.87944,316.4848,229.55827,124.82949,144.41275,265.1431,143.58116,98.1662,422.49042,78.660484,41.721687,234.28297,251.37462,156.71442,401.0242,236.55286,181.92192,109.29801,31.17317,48.322746,52.200153,2.924888,311.89798,125.752945,82.245995,101.56691,283.33087,191.04459,72.74747,177.15628,172.39287,111.927315,70.98369,139.19296,214.77744,18.149874,90.64466,321.7568,68.91266,50.654102,26.20594,37.818,249.47351,107.11613,151.6447,157.742,271.74896,262.39813,60.899055,56.66847,8.024911,25.083979,12.254493,132.16019,461.06543,4.649711,40.943913,269.0596,122.35671,160.36731,35.346382,33.621876,192.60175,106.83156,400.3813,94.2245,78.856964,45.28864,118.8182,172.77203,21.921833,310.25104,321.59503,96.833786,137.9167,105.79873,209.406,158.6129,42.630726,93.4534,138.63768,183.88487,82.13815,38.715534,204.23892,208.16484,289.22354,10.786642,23.926691,66.11772,456.0501,169.01741,128.69823,286.5483,76.828125,75.63893,45.955635,8.013135,206.03275,487.51282,96.79092,160.89566,323.44745,156.14748,87.106125,91.14255,74.437225,6.1786594,141.91547,11.4605055,113.65093,157.98029,25.309649,155.55074,47.20503,40.529644,181.60597,82.531654,14.36022,210.60527,77.511826,97.37127,133.85101,179.6649,216.26698,348.7609,13.441651,117.1873,61.125053,263.55707,208.29306,252.87996,207.05078,41.46489,14.884726,47.868584,65.268234,164.2266,43.65839,151.71962,180.21916,99.54467,235.96173,120.42287,180.36064,191.40317,39.703835,131.83054,133.07233,151.1648,49.395954,221.44923,192.94452,329.93762,131.50839,193.83238,112.872894,294.61215,95.977295,105.15131,4.657175,352.8251,118.810036,86.38599
SPOT_294,27.17488,78.79891,30.369926,102.99651,1420.7755,100.446976,145.60893,124.55335,136.41751,30.566727,20.402714,362.19757,163.57117,63.61921,19.674091,4.1505237,350.68713,175.52153,184.20036,408.04254,310.26456,164.24153,124.58541,313.8615,72.91266,485.8362,70.71089,160.27713,70.75237,76.19666,118.36382,161.87546,351.65244,65.6873,139.2379,24.978968,77.58286,322.93042,182.56934,271.10028,207.40063,261.41147,411.6006,67.063446,66.65872,43.823227,210.33104,82.83136,220.27011,81.79062,253.78358,490.5315,97.03828,7.52677,258.8827,164.87343,134.77466,41.644913,177.64046,91.83181,126.98933,423.42746,161.6101,224.89827,241.20082,114.78812,138.11913,127.30492,174.49957,85.13876,48.005135,54.243816,134.45764,126.48642,54.73445,154.83232,194.18648,101.89716,94.50904,94.04725,53.266697,213.54248,58.359146,139.01544,173.2045,152.09991,142.34534,10.282359,288.3755,225.85794,32.509842,86.41738,108.27819,150.1491,221.48772,174.04214,35.11558,78.75981,335.41373,161.59677,353.6602,27.450756,409.44122,172.8889,35.853912,6.355258,42.526516,13.598047,123.41484,17.675653,171.02489,52.373554,48.697094,86.11185,17.823603,187.03357,327.33838,276.12833,228.03058,30.767536,81.35278,85.49738,85.57782,53.95778,298.77097,35.32291,333.34396,92.946106,11.964703,111.25978,155.67006,75.15268,3.8029878,205.86732,44.219955,7.917814,145.32407,23.95063,37.149208,26.7555,24.064865,205.08415,128.90807,168.83966,22.606588,253.48114,268.41336,125.39309,136.90926,328.58234,107.2944,170.98096,118.54077,1.5966579,160.94698,60.60488,112.89277,155.36719,45.721996,159.70583,152.40833,83.339966,307.3647,117.191696,251.04741,24.932838,152.4303,49.024986,174.60477,75.40903,100.058304,221.87144,43.732567,176.86641,254.04921,145.03044,94.11853,233.63759,226.75691,15.76416,86.57791,30.287724,179.52934,10.735803,162.59833,68.58138,40.412663,297.13763,28.404894,73.319954,110.46903,118.929214,478.34244,77.42172,445.0421,144.75273,324.22726,26.662159,85.1353,73.0085,286.09906,174.90884,253.32698,66.20842,289.66638,107.54786,86.18464,118.78875,140.34966,139.70506,36.799446,135.82968,14.598311,164.64142,36.092384,244.42497,75.14712,158.72412,97.81159,40.162796,172.29672,330.72687,267.64526,69.521866,220.73077,10.0324545,28.001772,103.41009,242.38757,109.21612,55.13642,35.527786,194.49829,12.407008,7.2612486,32.50247,368.60864,188.61476,106.86079,97.21873,61.28068,244.53621,38.353497,38.570374,312.15964,228.60461,54.849205,17.980627,106.2666,41.355663,162.80379,169.95761,51.27861,212.1894,47.19423,65.18177,84.27991,28.899048,198.74612,61.525917,373.82568,295.66965,604.8807,151.5588,19.530775,312.58414,46.898335,199.19049,77.838234,10.352223,41.3053,66.428375,239.37291,182.84767,121.39549,30.82631,18.411594,203.70374,359.16214,63.99777,58.958298,306.51028,225.33012,11.911834,121.53911,203.10431,152.73506,160.71309,258.26157,353.8527,192.27797,178.19832,343.17386,71.51983,78.47297,107.59788,159.9628,260.83987,50.371777,125.16547
SPOT_295,29.44416,124.606804,218.73705,113.92363,36.066532,229.95673,228.91273,142.78542,899.29376,568.11035,70.659805,750.04193,138.34145,44.902836,367.5087,46.996605,135.9475,49.24767,113.59506,104.67483,4.018177,177.61949,10.488445,355.3392,86.72795,136.71053,242.72653,130.3374,318.41525,112.46998,422.04547,674.2962,49.413925,47.822273,41.753834,164.48822,131.75801,186.29959,207.03564,20.512405,52.328102,21.814669,61.473885,260.6065,136.46753,204.17548,86.71121,198.86177,130.8614,7.0562105,46.646374,199.73273,103.9483,170.51382,240.81335,58.4753,396.02353,57.174854,80.99196,30.054798,28.39826,258.07855,203.64407,219.91685,42.31852,269.35507,120.29908,23.12003,145.39641,118.83977,48.102486,166.12537,181.03204,6.713024,42.09142,30.648321,179.09615,102.73231,80.87529,142.47318,388.3616,171.50705,106.98795,246.58424,83.28642,206.67957,27.33974,56.041313,13.464354,127.10347,83.72436,122.93616,88.58216,40.88425,172.28499,261.31635,20.212229,17.206028,66.92767,190.65901,127.88751,128.21475,130.3484,238.69368,72.99843,280.31064,204.61905,101.199326,16.44013,115.16175,153.7123,90.972694,277.43417,121.79142,125.606804,253.19022,245.01859,93.836815,47.946278,299.66046,54.93217,279.1887,203.98718,239.33875,181.78622,60.442463,29.272121,68.56362,172.91663,463.5862,169.45978,190.49825,161.0171,9.185254,242.47858,30.805182,47.175705,28.816988,231.81723,288.49466,321.74277,40.7376,61.413666,146.04625,204.2987,420.95883,219.17587,398.85333,9.260046,79.589874,52.69749,359.252,148.65132,85.44974,33.195305,119.44395,18.5858,310.1034,196.03062,174.93567,98.953674,32.652393,123.06051,10.011381,354.02948,165.51797,64.495445,377.2012,136.34744,168.52852,97.72445,120.225494,350.7982,226.05113,74.69448,46.927364,197.7688,260.60123,269.20206,70.09043,135.07494,522.43164,177.3358,129.86607,132.67778,288.9227,57.44397,150.82265,75.32913,298.209,304.9229,334.28116,134.9339,179.85947,176.43161,128.6327,155.94888,150.30772,326.54953,35.140476,134.39551,103.35121,53.524456,202.55072,269.12766,120.17162,271.01974,252.26784,245.04587,90.79027,83.3147,29.770412,127.49724,26.574615,19.225359,266.898,6.2986655,4.260895,169.52809,372.36237,44.075012,220.36852,318.51105,30.300629,402.025,116.97619,213.15158,17.578367,112.454926,11.4411745,174.69702,24.2002,4.9158244,26.158354,66.85084,23.859558,34.95006,115.43475,89.94584,77.442894,31.854681,149.30896,203.60982,121.63048,160.5338,60.76018,280.00183,79.75417,223.13745,232.44037,178.0626,77.22495,38.909775,114.075,297.47525,93.99329,358.48328,157.20631,356.0352,86.04167,186.5421,44.78147,42.052498,84.92933,57.59889,304.9542,21.673252,30.349586,229.30995,159.78824,354.11423,94.98636,306.84695,135.05191,5.223894,415.49203,160.201,196.19434,71.62089,177.21439,287.10056,153.79434,229.56874,306.17007,280.02563,2.914693,49.17882,34.718395,167.13535,59.756958,26.121851,19.01102,26.748236,54.180767,233.72504,171.36159,13.097512,62.143597,298.11246,77.8
SPOT_296,140.35783,271.75763,91.73098,76.07839,190.00552,337.78482,9.633529,52.944347,106.154755,148.68782,151.7278,277.2682,2.9062128,28.686466,131.13013,165.10724,102.151886,215.19548,111.989365,42.569195,290.26385,384.58694,263.9953,382.60815,128.26067,176.04294,85.880394,2.4445322,23.269222,157.91953,383.01978,111.256676,20.96671,185.7795,10.552826,74.01836,58.601692,7.758082,52.74483,41.40574,13.596288,260.33798,74.56361,36.993904,97.99889,32.793896,105.71076,70.89064,88.54324,91.80652,255.49268,69.32389,30.80455,58.615166,185.16591,444.8977,185.06808,389.93112,356.1441,42.553562,120.12232,279.01822,298.77728,160.50565,34.325737,254.20312,278.851,64.62967,333.15158,163.05882,90.437836,183.06454,277.8454,135.86511,89.21002,100.4392,155.97069,82.22253,44.984272,44.885864,147.40047,130.72598,278.5731,410.31134,161.56966,303.20926,447.7847,120.87728,73.08219,18.869015,34.022953,131.33128,105.04058,161.7144,46.909073,12.483201,106.6414,257.25287,139.88759,103.821144,85.66529,166.80367,195.71242,243.08191,139.36797,17.98418,173.06628,67.54151,22.288046,83.54931,30.927076,85.80609,74.74634,38.274906,87.917404,91.29732,1.3420981,81.22452,163.46373,19.4244,52.820236,245.6769,319.99933,22.033123,161.12402,181.65007,234.88289,182.01355,306.47693,103.61739,36.676735,70.85776,138.11906,75.32317,35.469536,146.24374,80.29665,368.4473,52.84794,46.197037,158.64647,371.86584,128.66524,51.657673,118.99748,29.20461,197.98514,116.22566,53.572002,93.28308,319.97028,242.4633,201.75046,226.53699,363.15253,108.90638,27.618984,18.437948,125.290535,229.68466,244.87137,46.09105,26.30517,24.720322,74.34374,364.42758,56.222195,91.36017,122.45552,218.50914,41.30793,92.1774,105.86399,280.73996,87.76914,29.567411,178.13077,628.50006,78.614784,86.21197,79.61308,310.612,321.26053,24.73031,97.49803,201.08397,67.08921,235.13974,183.22003,213.92743,131.3386,62.01822,54.480064,104.82196,54.963764,318.94006,99.31188,147.83539,173.54858,66.889565,246.27127,41.782635,0.7496768,137.46524,275.3949,213.63745,228.178,60.57992,109.14816,57.826397,234.60828,47.94884,153.12193,28.856594,88.66409,50.86333,159.33316,87.6554,304.09415,287.4057,98.61703,106.98507,97.07285,46.406933,178.47203,118.13916,142.03755,64.091866,23.67271,88.2601,45.16361,37.46838,154.10362,83.200096,185.49211,101.69358,379.30246,46.12882,26.074993,321.93332,82.71248,26.702621,308.8388,132.75797,59.983055,61.05132,508.60593,166.61285,204.14014,40.75331,268.1202,162.6063,121.1544,206.77422,117.95582,18.776794,56.45305,43.511803,47.98312,49.411236,108.85845,62.763958,112.02118,61.58764,336.56375,1.9323126,120.57973,284.7262,206.4354,344.1871,142.27359,44.233444,24.880941,72.88954,16.535032,82.90784,30.0401,190.9877,266.84073,117.40664,218.77222,69.76686,148.79355,215.05435,359.0377,296.99713,66.981636,23.460814,133.07773,47.9039,311.27118,126.19496,289.803,41.967876,203.83095,103.45397,89.45604,24.026213,68.01608,192.49158
SPOT_297,170.00552,102.10644,302.20425,58.147465,81.08357,35.38672,105.39018,260.30756,64.35586,384.62195,147.93826,36.78967,199.44728,90.70859,118.828026,264.03644,168.33809,106.480316,71.97193,57.782852,74.40207,40.358227,91.04925,3.038866,3.0511768,344.13797,147.75308,234.6102,184.7335,96.02297,175.85106,77.823944,155.7578,54.404415,17.99117,419.61258,35.023567,202.17668,190.04172,28.084719,62.013977,179.98714,27.362938,154.51541,154.98892,211.77042,28.83342,59.499973,282.154,41.867123,114.12468,111.32485,333.10654,17.153614,167.50584,24.006857,111.99052,73.80264,293.2239,22.72126,230.22368,79.2638,333.25,136.56578,180.48499,130.14093,475.63406,470.3381,79.80995,20.320211,10.937284,101.36325,49.42498,225.56293,221.34479,42.82839,200.58879,89.10014,46.276264,111.335526,182.40335,50.10172,3.7665017,25.950085,200.02133,42.040455,210.07065,207.91948,50.051456,93.513084,29.20695,191.73962,122.102844,208.77194,27.55094,118.22005,17.128235,207.47443,21.369091,27.763334,22.791489,45.66634,277.55682,140.5026,151.12903,253.0325,17.44177,46.839275,188.25838,126.39553,88.50773,132.62325,93.085526,70.676476,161.25006,91.93055,78.855865,29.126425,146.61856,193.89888,74.69351,2.3197575,126.92162,58.576687,161.15834,111.13598,39.172928,167.22675,15.134242,272.88477,274.23807,293.0984,115.38032,487.37155,212.9736,183.3907,44.890007,281.17212,112.762405,75.145294,26.808243,76.89822,5.012643,86.07552,13.610038,36.03467,46.894287,255.1419,69.53386,140.17224,3.8920496,335.7575,417.62457,221.81862,407.5235,159.0542,9.867364,103.460464,85.93048,153.23843,377.15253,51.32403,25.077984,84.77005,42.179264,173.45625,17.918783,633.7168,343.0439,120.219666,193.84273,282.6664,35.378113,59.781387,21.047716,218.02141,26.24427,135.14671,183.38542,42.040916,248.49554,120.404106,15.129948,138.36623,23.100794,172.08403,12.7771435,121.988144,10.270808,131.3145,33.181988,198.33597,35.41306,163.49971,269.84756,205.00668,42.075596,82.23876,15.89685,270.64893,289.80255,35.08717,171.46358,76.12458,338.97412,59.20708,349.00238,98.24814,271.3703,118.77689,56.912643,169.83449,197.85764,185.71439,4.6235046,328.30295,143.00966,130.22588,117.040436,234.78291,120.40099,129.82144,64.35421,11.492803,147.65494,40.14086,236.65433,65.14823,245.36127,206.37457,270.0442,210.56065,13.501171,94.51715,234.4211,82.525505,0.9593228,90.948814,204.40495,32.889313,165.89272,280.1229,375.12518,117.9076,112.30272,376.9943,113.99895,226.85028,317.16882,167.68031,73.95379,102.62723,27.859907,327.8012,111.987206,83.74328,155.74634,152.09235,81.70174,55.022274,10.550649,117.31164,34.859722,142.22627,24.658945,79.228165,147.15941,189.04387,142.76727,10.243397,313.71335,158.21648,13.848049,85.1361,88.12296,41.725605,5.4963255,38.77034,113.099884,298.00482,185.85023,104.89023,204.16934,212.873,5.7933764,92.429276,205.09601,18.774698,339.05954,16.430773,91.70772,85.868774,324.96387,333.46066,38.26867,113.610535,219.08586,387.426,158.79482,18.337652
SPOT_298,42.51094,216.58786,180.50584,61.393066,149.25005,58.02717,100.670715,81.60582,196.87886,60.049496,64.64692,267.51978,355.39075,223.23016,82.38441,138.92694,36.153664,102.9234,376.92426,171.98949,112.130844,144.58405,246.79007,111.276,34.395153,133.57123,132.06056,201.09132,432.14023,110.43484,277.6156,28.903055,208.5868,9.686808,259.79114,192.45197,265.20975,1.281371,154.43375,124.73036,11.344341,199.58713,68.805016,92.14815,184.82945,303.68143,203.69547,59.71331,2.6490486,34.570377,231.10564,48.231747,206.07367,67.33102,135.03961,70.839745,253.61264,7.2644987,216.74706,49.72622,19.340658,207.6021,31.883162,67.433235,76.49244,412.90518,107.457085,263.18707,60.389458,160.86125,167.35493,140.24637,287.13852,57.323414,267.33722,120.74366,80.18449,370.07428,72.31989,165.16905,41.91461,225.09027,233.1921,50.163284,19.693596,47.778378,75.91047,17.891188,42.208572,376.27637,7.0793586,72.89641,23.351908,12.714652,181.96492,235.13289,95.772736,326.2168,7.7636466,151.52939,36.30089,100.97054,350.06714,176.63582,33.54149,140.33826,49.20277,45.302917,33.012005,38.89783,146.02086,5.7001796,110.34891,247.95183,121.535416,31.710325,191.93298,35.902374,181.82314,102.561325,175.54207,8.149423,149.14465,37.946106,132.26158,147.27487,128.28517,171.1599,87.82667,77.020966,254.8975,137.02861,70.49344,200.27046,88.06,56.0916,76.70933,6.258242,109.252266,6.4360666,89.995705,152.83998,128.88799,125.12049,11.562536,145.64459,100.74962,123.4231,105.64604,305.34628,61.309643,253.3106,277.3264,22.828976,8.676226,45.013874,212.52956,173.05228,193.59747,183.60628,47.654877,112.218124,206.48244,56.9789,116.93676,224.02357,87.06511,278.58612,219.9295,14.757438,163.52942,200.88918,333.7876,12.625226,285.34988,68.068855,223.3145,12.617343,164.6513,124.72762,191.48357,80.669876,492.95496,29.94632,254.51709,64.73538,166.24866,109.96163,114.6291,82.49745,57.487984,211.01619,193.48102,323.49777,75.765854,59.252674,296.49503,15.7716255,112.774315,123.51052,118.4712,62.387104,285.81723,4.3376646,47.84472,122.727974,101.58012,201.77225,261.98456,137.2252,43.059135,19.596848,16.183088,142.3211,532.11835,190.26366,49.06929,120.918884,167.17934,331.43594,10.04813,180.66075,174.11649,228.09502,310.4805,23.5617,120.72649,224.43298,111.60892,97.959465,427.21432,327.5027,34.895645,227.4389,329.42267,36.04473,233.21846,133.27821,319.82306,35.59265,17.60201,111.41608,52.998287,54.04333,146.61125,323.40265,11.396338,86.449745,72.13626,278.464,110.04931,155.49843,110.3128,204.74321,96.57373,82.76516,99.224266,91.6399,113.30445,32.87539,250.00648,137.24228,505.6322,107.15801,166.06523,121.62882,277.87778,138.33533,78.85084,188.13011,125.67763,256.97888,146.57639,99.95947,109.46686,136.6491,19.059675,148.49265,18.484558,213.55603,153.61386,114.42783,174.6725,68.20549,15.081301,238.80872,201.5034,186.77435,6.0212936,294.41864,43.981144,2.7926624,98.07738,402.75897,10.537205,97.25798,173.20447,2.2103286,29.512796,321.70068
SPOT_299,135.12091,171.28458,165.9181,240.35858,198.07321,203.10167,91.48031,321.4295,16.473745,30.474089,80.70874,114.58819,3.1828766,13.188625,72.290565,314.78595,197.71255,443.26562,240.09541,85.91213,267.3603,109.19531,119.378204,40.836826,41.935467,517.9937,35.078625,107.74355,25.446186,76.59976,215.78278,60.24373,74.64376,162.34663,25.316032,102.826904,224.42001,490.8555,179.08252,29.670858,255.41556,956.33026,1443.776,1218.1287,197.97441,145.77684,98.79957,156.41103,374.02237,36.73949,146.15656,171.58423,231.25504,14.207786,50.587605,231.83228,108.58308,9.73724,26.540842,123.45837,170.84921,136.16306,89.148674,165.33171,113.72929,281.9587,58.258324,110.41555,306.77316,240.49547,193.23363,286.88617,197.1684,117.00543,305.0019,4.609272,186.96806,122.788,8.950461,62.88194,109.86043,153.49072,3.577471,125.20592,59.771034,23.614708,45.867092,257.5094,254.18153,14.80427,21.026064,181.89093,406.2415,140.88655,162.19647,256.7528,8.662312,48.233265,268.4483,97.45799,32.647182,56.030415,194.87279,144.27554,98.96765,97.37862,209.68735,211.09126,66.58118,268.94305,23.771454,266.98654,43.6669,50.638676,94.31453,197.39522,12.061725,427.00552,100.6224,181.77661,91.77909,155.81618,191.28116,152.73514,55.56256,21.090109,76.919014,146.66206,178.07896,165.81587,326.82425,375.5931,297.29837,93.7017,111.9654,36.334732,101.47978,85.20435,120.71453,58.635063,150.57828,116.45828,104.52264,69.71173,15.86902,288.148,12.504448,223.87585,145.54797,202.1521,100.19392,49.0386,98.09246,139.66234,117.635574,143.11769,3.3274617,75.285446,66.40546,292.81436,4.3402295,317.33267,195.22078,293.7929,304.92877,117.11489,88.69399,86.729225,245.82977,44.294292,188.65732,147.59079,71.330124,328.9421,308.7781,152.18672,475.60077,112.29158,28.983479,14.555382,43.99742,153.96971,18.508514,143.6357,104.07583,1.9287114,186.34508,5.799568,276.5739,409.30072,205.53824,212.9427,46.895607,62.499733,233.38905,224.29253,479.49045,18.827364,96.44686,126.96018,173.82826,4.5361605,109.81456,16.460741,383.2988,247.31755,93.10837,204.85803,547.15234,32.863903,48.063156,196.57683,125.49382,90.64182,206.47086,255.30309,61.65456,79.45941,415.99728,299.1669,252.69034,33.30036,82.04238,167.40756,399.56476,74.64398,211.57877,283.36148,20.84216,135.11906,253.33832,225.70836,67.01824,7.364296,186.8956,221.79707,227.65456,668.30316,212.31583,12.342465,151.95364,101.105545,219.05435,58.55921,150.59193,28.975422,108.01538,92.72836,174.48105,8.60168,297.86957,328.88858,228.26897,15.046658,81.332214,12.117118,252.40332,170.03813,2.9710789,195.11487,320.73325,36.80164,483.2341,16.60927,305.5337,62.007854,27.73734,210.80423,147.36307,3.11373,187.79514,472.6516,49.191986,12.753967,346.61035,100.72315,159.96472,25.957207,477.35953,52.398376,106.54557,308.0715,441.70004,242.59846,24.309423,33.025196,295.2892,63.966274,71.25932,205.22159,13.932406,201.65016,50.751278,58.541523,361.6495,327.9655,120.512764,53.350033,46.72732,35.355946
